tree
version=v4
num_class=1
num_tree_per_iteration=1
label_index=0
max_feature_idx=32
objective=binary sigmoid:1
feature_names=Column_0 Column_1 Column_2 Column_3 Column_4 Column_5 Column_6 Column_7 Column_8 Column_9 Column_10 Column_11 Column_12 Column_13 Column_14 Column_15 Column_16 Column_17 Column_18 Column_19 Column_20 Column_21 Column_22 Column_23 Column_24 Column_25 Column_26 Column_27 Column_28 Column_29 Column_30 Column_31 Column_32
feature_infos=[0:28176.047504337228] [0:25632.437032931422] [0:21087.329666610302] [-0.36595731905444523:0.35110308266739976] [-0.046784120166738656:0.17519498865271635] [0:1] [0:1.5936993149412273] [0:1501.9321428571432] [0:165.51431591851966] [0:7.2381195189870216] [0:1] [-0.20000000000000004:0.96338152610441774] [-0.20000000000000004:0.98178761061946906] [-0.19992427110942829:0.98178761061946906] [0:1] [0:1] [0:1] [0:1] [0:19.957411167776232] [0:3377] [-0.96213115368752578:2.1292682926829269] [-0.97526163498201679:6.4371843095110162] [0.0016221122980582014:1] [0:99.999999944948996] [0:100.00000000000001] [0:1400.0000000000002] [0:1400.0000000000002] [-19.375179191828821:15.681968028071264] [0:7.65159672105914] [0:1] [0:1] [-259.56408323639766:5063.8563012497652] [0:4.6999347624325143]
tree_sizes=7031 7024 7034 7027 7030 7036 7054 7042 7029 7035 7034 7022 7054 7035 7014 7060 7053 7026 7028 6996 7053 7071 7016 7061 7027 7058 7069 7042 7051 7074 7057 7063 7023 7023 7035 7011 7025 7025 7058 7046 7033 7013 6990 7042 7026 7007 7056 7070 7007 7033 7095 7068 7047 7016 7007 7057 7015 6996 7006 7001 7046 7028 6991 6987 6956 6940 6949 7012 6933 6982 6980 6992 7006 6938 6943 6969 6906 6910 7014 6999 6991 6946 6823 6883 6896 6910 6934 6899 6949 6843 6947 6947 6880 6870 7037 6906 6965 6980 6928 7022 6957 6981 6949 6918 6946 7026 6998 6952 6879 7000 6960 6848 6917 6950 6963

Tree=0
num_leaves=63
num_cat=0
split_feature=23 8 1 31 23 26 13 23 21 22 26 12 30 22 17 23 9 22 24 26 8 24 26 2 21 9 8 6 2 23 13 6 9 30 0 13 21 21 26 24 23 0 22 20 12 21 22 2 25 4 0 20 6 17 24 6 23 2 4 19 0 19
split_gain=724.72 515.746 810.393 393.279 332.339 267.623 293.5 197.848 191.371 147.519 132.581 136.145 120.777 117.473 107.373 96.398 208.113 80.8889 74.6301 72.2413 69.5729 69.1687 67.9013 73.8578 67.2143 66.7728 59.8838 57.1325 90.2452 74.2195 58.4196 58.3009 57.1924 57.1309 63.7853 55.0521 82.709 54.5451 53.6263 83.1628 59.4061 80.0466 51.376 71.1029 50.8442 49.7922 47.4642 44.6106 46.9508 43.2774 60.1325 48.5993 41.6181 40.1862 39.5096 38.6724 37.4656 36.8946 35.6257 33.8867 33.6965 32.8621
threshold=96.691685729331212 0.0089999550004483085 25.657393891004357 1.0000000180025095e-35 1.0000000180025095e-35 24.564793627087212 0.13862270971960836 46.294015756670937 -0.18463115345709338 0.2239802442046773 16.949148792963616 0.11765681884435895 0.75476608845836168 0.66438002815796215 0.9999695381990984 1.0000000180025095e-35 1.0000000180025095e-35 0.56254721546045217 85.533720044752997 13.414697752470945 5.3127231040841316 39.526403864433895 18.274269518682406 120.92738515093762 -0.10811106503848993 0.0044435854687915185 2.4724212953112743 0.92816124775315034 62.511854305586517 44.8175258714816 0.21473784228617818 0.95853395947293429 0.029706585748008097 0.024369034994697777 270.79353460460266 0.74701223170871522 -0.23783170383104321 -0.098894261397690961 27.401771566973405 55.667958495287152 18.402379989728249 93.129869415258511 0.047073071958266391 -0.16195030461313623 0.0005235816498849363 -0.26012388787143942 0.24026903820289866 39.56244376223426 17.777586900318777 0.0049885749044767573 248.5438786304799 -0.0061807439089561203 1.0381297833091427 0.14553110876452616 99.998028157905125 0.94604943281113141 76.178828640942257 107.26496491693318 0.021171687644282112 0.5911539115922021 1004.9002643336019 0.97285633772295899
decision_type=2 2 2 2 2 2 2 2 2 2 2 2 2 2 2 2 2 2 2 2 2 2 2 2 2 2 2 2 2 2 2 2 2 2 2 2 2 2 2 2 2 2 2 2 2 2 2 2 2 2 2 2 2 2 2 2 2 2 2 2 2 2
left_child=1 7 10 4 -4 6 14 18 9 35 15 25 45 22 33 16 -3 27 -1 -15 -18 -17 60 55 -19 -12 -25 47 30 59 -29 46 -31 34 -6 36 42 52 40 44 -27 -42 -7 53 -40 -11 -32 48 -10 61 56 -52 -21 -44 -20 -24 -51 -34 -26 -30 -8 -35
right_child=-2 2 3 -5 5 8 13 -9 17 12 11 -13 -14 19 -16 21 20 24 54 37 -22 -23 23 26 58 38 -28 28 29 32 31 -33 57 49 -36 -37 -38 -39 39 -41 41 -43 43 -45 -46 -47 -48 -49 -50 50 51 -53 -54 -55 -56 -57 -58 -59 -60 -61 -62 -63
leaf_value=-0.045010863414075904 0.04252560834691263 -0.057266711067502724 0.050477363728187147 -0.14683476608290552 0.0063016419137991789 -0.048190914500403588 -0.069137560143774771 -0.1304819320495067 -0.026649989284807829 0.013732020292452476 -0.052758024183260678 -0.04620106309550151 -0.039666003605545744 -0.062604810068383254 -0.0025617834735397194 -0.03109308906257564 0.01185721481026461 -0.01198986896281156 -0.096503148910283248 0.0030077738735972137 -0.037981009040047427 -0.051544423255033146 -0.041450184214214494 -0.063539466724132285 -0.043099667878099712 0.0080775252204418682 -0.051966158359783035 -0.053463557814943448 -0.056999573009823848 -0.12680767862769965 -0.072569449065017874 -0.074780700464796956 -0.0045880930933154263 -0.046957845145466644 -0.041308606576237236 -0.059265534695401523 -0.052872708044640782 -0.048638979529716062 0.031597914378501582 -0.020879621141445825 -0.047872184269811394 -0.018742993413599144 -0.0075812279013652423 -0.039656693428343111 -0.015211768391075874 -0.018384557553392109 -0.045751391597079583 -0.050547301862248643 -0.065034001587427601 -0.038172020538302917 -0.031976942416051313 -0.050671639194434133 -0.053947141970772466 -0.034896636511777483 -0.070928530754140809 -0.065754342450256853 -0.0081801637161568255 -0.039530188660919653 -0.082385510010026614 -0.047500054576833511 -0.059474932420594297 -0.053389173768547168
leaf_weight=168.14746880531311 213.12004590034485 262.58988070487976 80.450943470001221 107.18464207649231 90.944544792175293 590.14015054702759 2761.0663859844208 197.87933921813965 532.67519092559814 146.16087555885315 135.91712188720703 555.66117477416992 830.74343800544739 1006.3863363265991 124.92382526397705 604.88116192817688 300.56672358512878 175.14320302009583 278.58013033866882 91.943935394287109 91.694087743759155 1304.7044310569763 172.89457416534424 1500.0852937698364 2451.5051469802856 156.65447688102722 4390.8226103782654 1929.8232526779175 1969.5490291118622 17.989030838012695 260.84094715118408 903.94879961013794 80.700791120529175 2801.5417053699493 311.31017255783081 507.44057822227478 1060.1035811901093 2969.4393265247345 183.88787078857422 324.30225038528442 291.57220816612244 1242.2425184249878 380.5179717540741 891.70626473426819 85.697744131088257 706.06946039199829 447.9768373966217 734.3022449016571 93.443021297454834 831.7428286075592 391.26142072677612 3110.1035537719727 48.970139503479004 209.62217879295349 332.79707050323486 2964.9420688152313 119.17732930183411 1188.0255782604218 58.964045524597168 1792.4070448875427 1344.680055141449 6818.5922305583954
leaf_count=673 853 1051 322 429 364 2362 11051 792 2132 585 544 2224 3325 4028 500 2421 1203 701 1115 368 367 5222 692 6004 9812 627 17574 7724 7883 72 1044 3618 323 11213 1246 2031 4243 11885 736 1298 1167 4972 1523 3569 343 2826 1793 2939 374 3329 1566 12448 196 839 1332 11867 477 4755 236 7174 5382 27291
internal_value=-0.0494818 -0.049829 -0.0491954 -0.0512059 -0.0510002 -0.0511644 -0.0539165 -0.0858322 -0.0462839 -0.038331 -0.0310517 -0.0238707 -0.0260895 -0.0583319 -0.0486994 -0.0393877 -0.0228336 -0.0496331 -0.0744826 -0.0509606 0.000225751 -0.0450682 -0.0606419 -0.0582163 -0.0419333 -0.0187464 -0.0549143 -0.0517115 -0.0532195 -0.0489277 -0.059337 -0.0663614 -0.0385615 -0.0490983 -0.030521 -0.0439935 -0.0415174 -0.0471944 -0.0167205 -0.00377958 -0.0212722 -0.0242766 -0.0357054 -0.0307368 0.0167545 -0.0128638 -0.0556151 -0.0421928 -0.0323881 -0.0496291 -0.0455537 -0.0485836 -0.0168097 -0.0172713 -0.0825958 -0.0644134 -0.034404 -0.0373003 -0.0440257 -0.0524722 -0.0659745 -0.0515157
internal_weight=56729.2 56516 55538.6 49998.3 49891.1 49810.6 31850.8 977.404 17959.8 5322.5 5540.37 2975.94 1682.97 17251.2 14599.6 2564.44 654.851 12637.3 779.525 4116.74 392.261 1909.59 13134.5 9028.74 2685.61 2420.27 5890.91 9951.68 8591.26 5048.67 3542.59 1612.77 1286.72 14474.7 402.255 3639.53 3132.09 3110.35 2284.36 593.888 1690.47 1533.81 2071.99 1481.85 269.586 852.23 708.818 1360.42 626.118 14072.4 4452.29 3501.36 140.914 590.14 611.377 3137.84 950.92 1268.73 2510.47 3761.96 4105.75 9620.13
internal_count=227055 226202 222290 200115 199686 199364 127481 3912 71883 21303 22175 11911 6736 69047 58434 10264 2621 50580 3120 16477 1570 7643 52570 36137 10749 9687 23578 39831 34386 20207 14179 6455 5150 57934 1610 14567 12536 12449 9143 2377 6766 6139 8293 5931 1079 3411 2837 5445 2506 56324 17820 14014 564 2362 2447 12559 3806 5078 10048 15057 16433 38504
is_linear=0
shrinkage=1


Tree=1
num_leaves=63
num_cat=0
split_feature=23 8 1 32 23 26 13 23 21 3 12 3 23 18 17 8 13 2 24 24 4 27 8 9 28 11 2 8 26 12 25 8 26 1 28 2 9 20 26 17 12 12 13 1 3 13 3 8 19 24 25 12 8 25 26 19 12 23 9 20 27 19
split_gain=653.962 466.208 731.243 404.579 299.816 243.491 263.474 179.797 175.763 136.239 329.861 141.899 374.656 291.852 96.8475 96.1262 91.9062 73.1781 70.841 67.4888 64.8714 95.8568 77.3384 80.1429 57.6997 58.4549 55.5739 53.2506 55.7727 58.7352 53.5701 45.1627 43.5242 42.1371 57.4055 78.5714 40.6071 44.6866 40.3323 39.903 39.7584 38.5011 38.2652 38.1162 40.4324 37.5482 49.7508 36.6449 36.5055 35.8005 35.4983 34.6613 34.5524 34.1477 33.3723 33.0085 32.4126 32.2425 37.9958 32.1264 29.8921 28.9992
threshold=96.691685729331212 0.0089999550004483085 25.657393891004357 1.0000000180025095e-35 1.0000000180025095e-35 24.564793627087212 0.13862270971960836 46.294015756670937 -0.18463115345709338 -6.4572071706722038e-06 0.052181269204912471 0.00013276314529736162 1.0000000180025095e-35 0.21661325535330092 0.9999695381990984 3.402767473605762 0.62624708671551843 86.384457954155792 13.742664827106584 85.533720044752997 -0.00020664992801234603 1.5602949441775318 3.8912503529448155 0.21978508402017574 0.0011153747627356443 0.045394185403805666 80.664732346369973 1.9564108912849802 13.654177339458831 0.0021022985428568249 27.547896995744861 4.0919454391875485 19.071844889779996 275.90001608117768 0.11548924255002595 75.124656346470161 0.26037373979556849 -0.10744032891359538 27.984250187143271 0.45797958977759246 0.1145167053846379 0.14973486772728478 0.03705688638821588 1604.0661254862077 0.0020498417300446139 0.2946386655584679 -0.017799545377355359 5.5857178113555959 1.2398812488602784 99.998028157905125 25.197880932903686 0.22063418999404424 5.4211008789524469 37.187536405365968 20.618187262165147 0.95425100376113281 0.1570551984054597 74.535046284827956 0.16349810448730176 0.010856383536127613 -1.3011893307486948 0.45545299425736091
decision_type=2 2 2 2 2 2 2 2 2 2 2 2 2 2 2 2 2 2 2 2 2 2 2 2 2 2 2 2 2 2 2 2 2 2 2 2 2 2 2 2 2 2 2 2 2 2 2 2 2 2 2 2 2 2 2 2 2 2 2 2 2 2
left_child=1 7 9 4 -4 6 14 19 16 10 32 12 13 61 33 26 20 45 50 -1 22 -22 -7 38 -10 -26 43 -13 -29 30 -30 36 -3 34 42 -36 37 51 -24 -12 -39 -31 -6 -8 -45 46 -17 -15 -20 -21 -19 -27 -40 -50 -28 -35 -41 -37 -59 -47 -46 -11
right_child=-2 2 3 -5 5 8 15 -9 24 11 39 27 -14 47 -16 17 -18 18 48 49 21 -23 23 -25 25 31 54 28 29 41 -32 -33 -34 55 35 57 -38 40 52 56 -42 -43 -44 44 60 59 -48 -49 53 -51 -52 -53 -54 -55 -56 -57 -58 58 -60 -61 -62 -63
leaf_value=0.0041517279561287916 0.087298116780167689 0.033442118468017305 0.094872634288910962 -0.093522148457688484 0.056677543776890195 0.0073618981110311196 -0.024470889919501561 -0.077334929056988841 -0.059971966426908191 0.017884780262293683 0.00040058362844496093 0.056232215471439577 -0.013458663664375392 0.057464754376604948 0.044452602487916243 0.0098535249316099843 -0.0027851169711820443 0.0077093571638062802 0.0020862147969127566 -0.044845218457339964 -0.006926062665272896 0.018012285339277088 0.02228749675240474 0.01538476894815588 0.010769382786916658 0.010788515345543681 -0.012916779449043203 0.0076469652109449537 0.067444740037554671 0.023378517479473213 0.025631415940437163 0.0035731966220715161 0.073647980418081474 0.0032005049864568275 -0.0044702674701283217 0.0093800827834136843 -0.023895237308428612 0.001292202045076328 0.038693359353332409 0.037357961989354135 -0.0071367824759776257 -0.011766366637257466 0.010057990304951516 0.0055356782117865089 -0.0024804285419727265 -0.027212426007048388 -0.010632114510787258 0.022748773812975655 -0.0049342321176810058 -0.02048365987864724 0.035723040484572408 -0.0069062088951640614 0.07122227033006652 -0.022539127605092132 -0.0056434099522549037 -0.0027793445255371771 -0.0016304506504405914 0.071422026269538738 0.01815110063154883 -0.0091058369128010352 -0.053500389507776747 -0.009783930948872796
leaf_weight=168.16480804979801 213.153614833951 83.468483224511147 80.448745906352997 119.66516786813736 87.477956399321556 1001.342077434063 1299.3700026571751 197.15962314605713 40.176390737295151 132.16598436236382 393.82217141985893 112.22021697461605 1258.1308708041906 464.22517816722393 124.99979138374329 355.67468823492527 1031.0849518626928 434.68324203789234 1930.3035097122192 278.10202300548553 765.41609255969524 775.40802966058254 289.4042185395956 985.15270934998989 1139.3942265659571 958.08964437246323 4348.2652603089809 577.20578050613403 145.72085684537888 1083.7545125633478 162.95315253734589 3556.0632608234882 364.68279848992825 3199.9936842024326 1422.1069948375225 1233.8789755702019 230.34153139591217 2088.022912800312 363.63277772068977 179.4530525803566 4233.6688123196363 83.708893954753876 89.214859068393707 243.00160633027554 52.948678553104401 540.70494417846203 1769.3341128528118 91.727346315979958 2815.8063781261444 332.58153730630875 153.14069844782352 388.71881881356239 106.21941958367825 305.49091565608978 2479.751100987196 8271.6721207350492 75.460712417960167 45.991406202316284 124.22390964627266 450.05941048264503 63.195238396525383 333.02177815139294
leaf_count=673 853 334 322 481 350 4007 5203 792 161 529 1576 449 5035 1857 500 1424 4127 1740 7727 1115 3063 3103 1158 3942 4560 3835 17409 2310 583 4336 652 14233 1459 12807 5692 4938 922 8357 1455 718 16947 335 357 973 212 2165 7084 367 11272 1332 613 1556 425 1223 9927 33109 302 184 497 1802 253 1333
internal_value=-9.54494e-05 -0.00042533 0.000176664 -0.00173347 -0.00151295 -0.00166897 -0.00429438 -0.0346806 0.00298739 0.0174092 0.0331932 0.0135122 0.0048011 0.0273027 0.000648001 -0.00847965 0.0106133 -0.00480299 -0.00140415 -0.023868 0.0138372 0.00562108 0.0184457 0.0248044 -0.000221885 -3.04076e-05 -0.012272 0.0226778 0.0208389 0.0259931 0.0454026 -0.00110516 0.0661799 0.000269062 0.00554206 0.00381089 -0.00321201 -0.00258979 0.0370164 0.0103914 -0.00435196 0.0208535 0.0331859 -0.0204848 -0.00604648 -0.0109529 -0.00720066 0.051751 -0.00331668 -0.0315915 0.0150209 0.00567758 0.0460714 -0.00665955 -0.0102761 -0.00111083 0.0258007 0.0122016 0.0326075 -0.0189942 -0.0303061 -0.00190998
internal_weight=56724.4 56511.3 55535.3 49993.5 49873.9 49793.4 31841.3 976.008 17952.1 5541.72 1096.89 4444.83 2279.27 1021.14 14599.6 17241.7 5317.66 8755.2 5639.42 778.848 4286.58 1540.82 2745.75 1744.41 12634.5 12594.3 8486.53 2165.56 2053.34 1476.14 308.674 11454.9 448.151 14474.6 3002.89 2826.2 7898.84 7668.5 759.256 648.736 6321.69 1167.46 176.693 1658.52 359.146 3115.77 2125.01 555.953 5051.6 610.684 587.824 1346.81 469.852 3121.3 6828.02 11471.7 254.914 1404.09 170.215 990.764 116.144 465.188
internal_count=227055 226202 222290 200115 199634 199312 127461 3912 71851 22175 4389 17786 9121 4086 58434 69027 21280 35050 22575 3120 17153 6166 10987 6980 50571 50410 33977 8665 8216 5906 1235 45850 1793 57934 12018 11311 31617 30695 3038 2596 25304 4671 707 6641 1438 12475 8508 2224 20222 2447 2353 5391 1880 12495 27336 45916 1020 5619 681 3967 465 1862
is_linear=0
shrinkage=0.05


Tree=2
num_leaves=63
num_cat=0
split_feature=23 8 1 32 23 26 22 23 4 8 3 12 3 23 18 3 23 13 7 3 23 26 13 4 27 24 13 2 3 7 26 9 8 26 12 7 28 8 2 13 20 10 3 7 23 26 26 26 8 22 12 8 2 22 26 26 8 4 13 22 3 8
split_gain=592.536 421.855 660.13 368.557 271.89 219.786 255.526 164.337 133.32 205.675 123.051 298.251 127.993 338.293 264.216 116.991 115.252 81.4428 83.3902 70.862 65.6629 74.3617 70.9518 63.0454 86.3522 61.0828 60.0406 59.1186 55.705 51.1469 49.8195 48.4593 48.0718 50.3346 53.0587 46.4313 46.7485 45.5118 44.5879 65.4569 49.2449 43.4018 42.9426 41.4064 40.6846 40.5907 40.0213 39.2214 39.1996 39.0613 38.7753 38.7126 38.6537 38.6207 42.1769 38.1281 36.4051 44.8908 39.8705 35.4401 36.3833 34.8452
threshold=96.691685729331212 0.0089999550004483085 25.657393891004357 1.0000000180025095e-35 1.0000000180025095e-35 24.564793627087212 0.58649906214675129 46.294015756670937 -2.5972053786314715e-07 3.688639144897675 -6.4572071706722038e-06 0.052181269204912471 0.00013276314529736162 1.0000000180025095e-35 0.18761099174379056 -0.028188642487784073 31.4142650379416 0.14029054467715482 21.589285714285719 -0.0096734022590052541 85.065615332681702 17.367271763199692 0.063045485342935109 4.5188110563740016e-05 0.82503704874293959 85.533720044752997 0.20415658096634723 116.07201175603306 0.0062283375518952626 17.380357142857147 30.32381477294491 0.15987102007978291 1.9564108912849802 13.654177339458831 0.0021022985428568249 0.85071428571428653 0.37155640396836376 9.2998634437520966 86.384457954155792 0.29254979738928649 -0.016274070136660598 0.53558385647833451 0.0073467834022324131 7.4107142857142847 74.535046284827956 26.011707327753985 17.036669844376572 23.57692210850556 2.1773229168330066 0.12720372681710337 0.0092704677010842524 6.1178648590059916 27.966205590772446 0.85957343342412107 13.17327633274293 35.08516045295876 3.9243251002363073 -1.0000000180025095e-35 0.27009092788154393 0.21524438902217521 -0.0024828949669921398 5.8252093841355377
decision_type=2 2 2 2 2 2 2 2 2 2 2 2 2 2 2 2 2 2 2 2 2 2 2 2 2 2 2 2 2 2 2 2 2 2 2 2 2 2 2 2 2 2 2 2 2 2 2 2 2 2 2 2 2 2 2 2 2 2 2 2 2 2
left_child=1 7 10 4 -4 6 17 25 9 19 11 45 13 14 -12 -11 37 28 46 -7 21 22 43 24 26 -1 -18 -25 -6 -22 -17 -30 -14 35 47 -34 -37 -10 39 48 -40 -33 56 44 -8 -3 -19 -35 -23 -32 -26 -16 61 54 -24 -52 -20 -58 -59 60 -21 -48
right_child=-2 2 3 -5 5 8 20 -9 16 15 12 -13 32 -15 51 30 23 18 42 59 29 38 53 27 50 -27 -28 -29 31 -31 49 41 33 34 -36 36 -38 -39 40 -41 -42 -43 -44 -45 -46 -47 52 -49 -50 -51 55 -53 -54 -55 -56 -57 57 58 -60 -61 -62 -63
leaf_value=0.003943908118191267 0.083254248448365542 0.048085536389248076 0.090562824398536898 -0.089629659840199494 0.0012895688201739301 -0.003888766589104066 0.0071117382035400054 -0.073962500878352475 0.014091286323547803 0.007368672656899701 -0.0025376027667631759 0.0098715129865641106 0.053425961488342423 -0.012789999890864288 0.053279201083914575 0.019322307051677388 -0.0042199411608346621 -0.023125523321153103 -0.0066849774991122731 0.0051557665605909547 0.058141829605880824 0.022219512459931371 -0.016798895400613269 0.026094136694041301 -0.059165168375834756 -0.030064363242457461 -0.017673239626600071 0.00047813269118514198 -0.006942729374775543 -0.0036173304027659909 0.0041817452012511778 -0.078888302701929425 0.067741814011034504 0.031983643257338795 0.019807532482729109 0.0096584203438040434 -0.033359190113230804 -0.019583619945368381 0.021958124027036778 -0.029403704924535645 0.0053098155287428532 -0.021661787284762198 -0.014056014545747862 -0.00020701248102974535 0.038122330576071742 0.078346720037322015 -0.022224468774928879 0.071822797082078213 -0.00079624524711361148 0.042828975620102988 -0.00069544184032302914 0.011657065716667919 -0.010294067373742206 0.00043706189060097717 -0.0056343874094672746 0.019369540928073026 0.016129230447745113 0.0034178521627286 -0.023730277819566103 0.013684999542265814 -0.045566829827630592 0.017988045891563203
leaf_weight=168.17980062961578 212.35397258400917 228.39791361987591 80.076321244239807 118.64763048291206 2819.81301176548 3298.5322651416063 535.47880740463734 195.8774961233139 1350.1280420273542 2189.5974813997746 452.64496311545372 648.77185906469822 112.21361054480076 1257.726190045476 504.78790791332722 1435.2432819008827 1507.2750628739595 1179.284915626049 2626.9765282124281 106.43572118878365 86.451946914196014 202.84794880449772 1274.3266590386629 254.39598070085049 26.366741269826889 609.66762359440327 1847.1519985347986 1963.1646787375212 1267.3756919056177 54.460791245102882 76.721970483660698 40.9723811596632 29.99255396425724 222.45324184000492 1167.6399920135736 474.58050875365734 72.721331208944321 108.18364103138447 510.44390761852264 188.49832539260387 3434.3559202551842 174.87606072425842 1283.5024089813232 3956.9999506622553 131.93625421822071 219.31974785029888 1206.6343542039394 86.165873050689697 2088.7836745381355 454.80587397515774 1974.8569536358118 63.244359582662582 3706.3628569841385 1358.5743933320045 2523.1693860441446 268.85494922101498 457.42036728560925 482.24359634518623 187.73171338438988 1037.7549020797014 52.723872676491737 56.178960457444191
leaf_count=673 853 914 322 481 11286 13203 2143 792 5403 8762 1812 2596 449 5035 2021 5743 6033 4725 10520 426 346 812 5103 1018 106 2447 7395 7857 5073 218 307 164 120 890 4671 1899 291 433 2043 755 13747 700 5140 15839 528 879 4835 345 8362 1820 7905 253 14842 5439 10102 1076 1831 1931 752 4153 211 225
internal_value=-9.07039e-05 -0.000404184 0.000167877 -0.00164708 -0.00143747 -0.00158572 -0.00408043 -0.0330281 0.00283802 0.00730548 0.0165427 0.0315465 0.0128391 0.00456306 0.0259504 0.0153228 -0.00131739 -0.00868218 -0.010931 -0.000106174 0.000279788 -1.55127e-05 -0.00276098 -0.00371814 -0.0065334 -0.0227054 -0.0116299 0.00342007 -0.00283484 0.0342517 0.0241747 -0.0106788 0.0215426 0.0197954 0.0246918 0.00726354 0.00392838 0.0115885 0.00416303 -0.00108835 0.00746582 -0.0325792 -0.00615993 0.00173494 0.0132543 0.0629347 -0.0148393 0.0431425 0.00123974 0.0372618 0.000995586 0.0486567 -0.0128713 -0.00679423 -0.00938252 0.00170739 -0.00345887 0.00405388 -0.00418419 0.0103134 -0.0116335 -0.0204303
internal_weight=56713.4 56501 55527.3 49986.6 49868 49787.9 31835.7 973.725 17952.2 8651.82 5540.66 1096.49 4444.17 2278.4 1020.68 4156.37 9300.38 15489.4 11186.3 4495.45 16346.3 16205.4 9780.49 7842.07 5624.51 777.847 3354.43 2217.56 4303.04 140.913 1966.77 1483.22 2165.77 2053.55 1476.26 577.294 547.302 1458.31 6424.93 2480.13 3944.8 215.848 5037.87 4624.42 667.415 447.718 6148.46 308.619 2291.63 531.528 2270.08 568.032 4969.18 5156.07 3797.5 2243.71 3754.37 1127.4 669.975 1196.91 159.16 1262.81
internal_count=227055 226202 222290 200115 199634 199312 127461 3912 71851 34625 22175 4389 17786 9121 4086 16632 37226 62024 44801 17993 65437 64873 39154 31390 22515 3120 13428 8875 17223 564 7870 5937 8665 8216 5906 2310 2190 5836 25719 9929 15790 864 20174 18510 2671 1793 24627 1235 9174 2127 9087 2274 19902 20644 15205 8981 15034 4514 2683 4790 637 5060
is_linear=0
shrinkage=0.05


Tree=3
num_leaves=63
num_cat=0
split_feature=23 8 1 32 23 6 22 23 3 3 12 3 23 18 4 8 13 17 4 8 19 4 3 8 8 24 20 22 1 0 9 23 9 6 9 7 13 24 20 24 17 19 22 4 3 8 13 20 22 18 27 27 12 9 27 8 12 0 7 8 9 13
split_gain=538.772 381.989 596.225 337.091 247.564 207.359 188.521 150.974 125.597 111.327 270.726 115.497 305.823 232.161 87.8793 152.307 134.502 76.6532 72.7277 83.1038 69.8033 62.6448 63.571 61.9258 61.8213 55.3058 51.6107 62.1789 49.2821 45.8973 45.4451 43.7767 41.8309 43.3104 57.6811 40.269 39.715 38.3946 38.1975 42.3417 36.0061 35.5932 35.5794 35.186 37.1273 33.8325 34.8457 33.4145 43.6231 34.2502 33.372 33.2572 32.6718 31.7788 31.1784 41.6952 33.4271 30.5169 30.0861 30.0828 29.4443 35.1723
threshold=96.691685729331212 0.0089999550004483085 25.657393891004357 1.0000000180025095e-35 1.0000000180025095e-35 0.95616591152866814 0.61039312839651838 46.294015756670937 0.0073467834022324131 -6.4572071706722038e-06 0.052181269204912471 0.00013276314529736162 14.851176100503375 0.2217379268859094 -0.0052164677026935785 3.402767473605762 0.14879519903779057 0.9999695381990984 -1.0000000180025095e-35 3.9411840278938399 1.7351094704030638 4.5188110563740016e-05 -0.011331017550313622 4.0242718983804631 1.1280654950090816 85.533720044752997 0.055711286059264793 0.32809299717861223 1190.8269135089815 588.93119606876985 0.0044435854687915185 45.10278291918813 0.36340060726735629 0.9145741416116836 0.21978508402017574 3.0246428571428567 0.15057531443702238 26.965157526773517 -0.055122143579852172 27.106356260350402 0.45797958977759246 0.5265879913599929 0.56838162481950072 -0.001844077339865236 -0.028188642487784073 5.1543701255803294 0.28623496010515287 -0.091588166064870344 0.26505843604063778 1.0089209483410357 -0.12955336745548071 1.8225603868038844 0.14732194305671795 0.076587852335657139 -2.9326818735369709 2.3988535066440182 0.014058413380817892 130.62575514167887 1.8000000000000009 5.5857178113555959 0.051445552674974283 0.24155767046016999
decision_type=2 2 2 2 2 2 2 2 2 2 2 2 2 2 2 2 2 2 2 2 2 2 2 2 2 2 2 2 2 2 2 2 2 2 2 2 2 2 2 2 2 2 2 2 2 2 2 2 2 2 2 2 2 2 2 2 2 2 2 2 2 2
left_child=1 7 9 4 -4 23 8 25 14 10 -3 12 13 -11 15 28 30 20 19 60 -8 22 38 47 -22 -1 -10 -28 41 -17 -16 -13 33 -25 43 -32 -26 -38 -20 -40 -12 -7 -36 44 -35 46 -23 48 -6 -50 -27 -45 54 -43 56 -56 -33 -42 -14 -15 61 -18
right_child=-2 2 3 -5 5 6 17 -9 26 11 40 31 58 59 16 29 18 -19 21 -21 24 45 -24 32 36 50 27 -29 -30 -31 35 52 -34 34 42 -37 37 -39 39 -41 57 53 -44 51 -46 -47 -48 -49 49 -51 -52 -53 -54 -55 55 -57 -58 -59 -60 -61 -62 -63
leaf_value=0.0037465314190462465 0.079671948317861008 0.059977257990405902 0.08680095863946749 -0.086225063286203954 -0.00079464239638350894 -0.0236776768190715 0.0039937203183800941 -0.070917592725769016 -0.0085306881449183931 -0.0017312562960954887 -8.7538886007483582e-05 0.054319653968005255 -0.046844439026163337 0.050939250079270776 -0.053244839708579586 0.0064124778583348656 -0.0042991161002324581 0.035220737945812326 -0.015109264891997556 0.013558994291544838 0.047438613367107502 -0.0030043700539165406 -0.02258026937930184 0.018637158757155849 -0.00045020585317077916 -0.048116526294908785 -0.060138388312000746 -0.01694488982359529 0.0059034588711802576 0.021859807611859589 0.015213739294307083 0.039559162096643598 -0.00033083770245366848 0.0065530342710166146 -0.0043535916337956206 -0.00018117807797655137 -0.0033978319571148796 -0.01582675909685188 -0.0089548224935922429 0.017138941398115445 -0.007611683458310964 -0.019131296446425198 0.027221787907232523 0.0028286769426020433 0.032724839764476772 0.020123548692183798 -0.024340121138157991 -0.0053769248008404989 0.0052475680180986287 0.02580411391576129 -0.02154934869335497 0.02292014075748959 -0.010886675187272266 -0.0011855971946489689 0.04334284417518601 0.010785867944961936 0.019903943373802083 0.033452643817739644 -0.010664065948520552 0.020089006555360972 -0.0053997953187689641 -0.033160913135521344
leaf_weight=168.19269725680351 210.84769220650196 446.35508914291859 79.390254348516464 117.2053050249815 1515.7943105846643 433.72748659551144 8251.5073100626469 194.12115240097046 2994.3709214925766 468.1025457829237 393.8952529579401 91.5713070333004 60.423113942146301 474.45099382102489 38.446006000041962 1320.6933699399233 202.17569504678249 162.56024253368378 1301.7911249697208 565.93193247914314 61.447428613901138 1143.8808976709843 1994.2409684360027 1346.594351798296 5609.668358489871 161.56034065783024 86.871134787797928 2054.064403295517 549.47761860489845 757.45488828420639 468.22791355848312 334.86326286196709 953.26716239750385 212.42538112401962 963.77677567303181 4561.2085825800896 1749.1210427284241 964.89194986224174 495.38105258345604 226.42594499886036 58.487681522965431 360.44323061406612 98.198668330907822 790.08271336555481 377.0407127737999 129.64778868854046 229.93629091978073 1438.1023757457733 515.18296256661415 334.82629828155041 446.92659413814545 278.88059765100479 87.471500307321548 783.41205693781376 110.15312837064266 923.50154802203178 617.6443522721529 196.46295335888863 1178.0764294117689 95.718588441610336 3237.8038101643324 221.88759760558605
leaf_count=673 853 1793 322 481 6067 1737 33029 792 11994 1874 1576 367 242 1904 155 5287 810 651 5215 2265 246 4581 7993 5388 22455 651 348 8229 2200 3031 1874 1341 3815 850 3857 18257 7004 3865 1985 907 234 1444 393 3163 1509 519 921 5757 2062 1340 1796 1116 350 3137 441 3695 2471 786 4718 383 12967 889
internal_value=-8.61905e-05 -0.000384139 0.000159535 -0.00156514 -0.00136586 -0.00150675 -0.0030047 -0.0314758 -0.00583354 0.0157268 0.0300075 0.0122041 0.00433853 0.0243531 -0.00395991 0.00241846 -0.00577049 0.00106293 -0.00920517 -0.0042681 0.00072866 -0.0129846 -0.0162429 0.00544526 -0.00248378 -0.0216035 -0.0127727 -0.0187026 -0.00698547 0.012046 0.000835882 0.020472 0.00909131 0.011301 0.00766716 0.00125133 -0.00285349 -0.00781885 -0.00999415 -0.00076122 0.00937691 -0.011478 -0.00142689 0.0134933 0.0233045 -0.00427322 -0.00658049 0.000631902 0.00428668 0.0133529 -0.0286182 0.00807665 0.0189723 -0.00684606 0.0202903 0.0142641 0.0268226 0.0240133 -0.0124369 0.0457734 -0.0070249 -0.0194169
internal_weight=56696.3 56485.4 55514.6 49977.5 49860.3 49780.9 40956.7 970.801 24157.5 5537.18 1095.2 4441.98 2276.77 1038.27 19022.2 4205.21 14817 16799.2 9749.1 4227.8 16636.6 5521.3 4017.84 8824.17 8385.13 776.68 5135.31 2140.94 2127.06 2078.15 5067.88 2165.21 5020.27 4067 2720.4 5029.44 8323.68 2714.01 2023.6 721.807 648.846 1577.58 1061.98 1658.43 589.466 1503.46 1373.82 3803.91 2365.8 850.009 608.487 1068.96 2073.63 1143.86 1986.16 1033.65 952.508 254.951 1238.5 570.17 3661.87 424.063
internal_count=227055 226202 222290 200115 199634 199312 163995 3912 96745 22175 4389 17786 9121 4161 76174 16836 59338 67250 39052 16931 66599 22121 16100 35317 33570 3120 20571 8577 8518 8318 20286 8665 20091 16276 10888 20131 33324 10869 8107 2892 2596 6318 4250 6638 2359 6021 5502 15226 9469 3402 2447 4279 8298 4581 7948 4136 3812 1020 4960 2287 14666 1699
is_linear=0
shrinkage=0.05


Tree=4
num_leaves=63
num_cat=0
split_feature=23 8 1 31 23 26 13 21 23 22 22 3 3 23 18 30 22 28 21 17 26 20 3 23 21 27 26 22 11 21 22 10 21 17 8 26 0 8 2 25 0 22 21 30 2 20 13 2 3 23 22 9 25 1 4 22 8 28 1 8 30 28
split_gain=491.378 346.174 538.673 272.846 226.322 186.809 210.808 139.395 139.318 127.375 109.437 100.869 104.23 277.09 217.877 98.2659 93.7448 79.8077 73.2089 65.1596 62.1189 59.6532 51.0944 90.4472 49.8863 47.8681 47.1497 53.0617 46.4615 47.7269 82.23 46.4439 43.911 43.204 40.865 44.013 40.8309 40.5407 67.2123 41.6539 38.7986 38.6181 36.8534 34.6873 34.0471 34.0852 42.3604 57.8735 74.5627 61.5254 40.521 40.0795 38.5748 33.9083 33.8559 33.8341 33.62 33.4427 32.5219 29.4265 28.8772 28.7971
threshold=96.691685729331212 0.0089999550004483085 25.657393891004357 1.0000000180025095e-35 1.0000000180025095e-35 23.57692210850556 0.083233161355384624 -0.18463115345709338 46.847355426896563 0.21524438902217521 0.68421067204303043 -6.4572071706722038e-06 0.00013276314529736162 1.0000000180025095e-35 0.18761099174379056 0.75476608845836168 0.56254721546045217 0.089326510212315621 -0.11003744791010527 0.9999695381990984 13.885104942915495 0.07066731978205644 0.0075871352156099943 52.287244431910601 -0.26012388787143942 -0.12955336745548071 24.949389092669737 0.28732222666093704 0.121961163127506 -0.23783170383104321 0.047073071958266391 0.052346234770269617 -0.1006638230209274 0.75303750597812436 1.9564108912849802 13.654177339458831 112.18946510859031 3.4305894032338498 373.84782468577163 28.882736164294673 176.05013290656873 0.55682989935871696 -0.13298791350600073 0.78993834779573124 2236.2984615237033 -0.14295336066469774 0.14718611450535354 97.618106486411122 -0.011331017550313622 44.8175258714816 0.35840329695415796 0.23381281491730319 17.941732836453816 140.6048360748282 0.021171687644282112 0.29682747493283684 5.3476545447392034 0.21020365508134808 172.49731715686565 3.7340384956379005 0.1349752342994123 0.50996033016849918
decision_type=2 2 2 2 2 2 2 2 2 2 2 2 2 2 2 2 2 2 2 2 2 2 2 2 2 2 2 2 2 2 2 2 2 2 2 2 2 2 2 2 2 2 2 2 2 2 2 2 2 2 2 2 2 2 2 2 2 2 2 2 2 2
left_child=1 8 11 4 -4 6 19 9 25 28 21 17 13 14 -13 24 22 26 -18 31 -12 37 23 33 -11 -1 40 -28 -7 30 -30 -6 -22 44 -14 -36 57 39 -39 41 -3 53 -43 -32 45 51 58 48 50 -49 -48 -9 -52 -8 -20 -26 -16 -37 -47 -53 -44 -17
right_child=-2 2 3 -5 5 7 10 16 -10 15 20 12 34 -15 56 61 18 -19 54 -21 32 -23 -24 -25 55 -27 27 -29 29 -31 43 -33 -34 -35 35 36 -38 38 -40 -41 -42 42 60 -45 -46 46 47 49 -50 -51 52 59 -54 -55 -56 -57 -58 -59 -60 -61 -62 -63
leaf_value=-0.043622379026611473 0.076471172490193987 -0.00097598075454883139 0.083489156360528116 -0.082847725739362874 0.013891692090689526 -0.0075410843961370225 -0.023151917080999798 0.014437551189756854 -0.068458181921498135 0.05561936895727039 -0.0090024681086785241 -0.0023244783879239955 0.048912590352672772 -0.011576845857188885 0.050455932149751519 -0.010226138216685316 0.03618943052973337 0.0059451976657245685 0.0059353886663824351 0.039114784550434697 0.037627889788587221 -0.016888235619111056 -0.018825316240029363 0.023695109369126312 0.012979882605651749 -0.013922884554385149 0.018247471865354043 0.058972322613742773 -0.0016008773156193134 -0.0043043053326087951 0.026993017183049119 0.00065078292431207363 0.0018492520699237331 -0.039019318827672067 0.006132550879313717 -0.01736032294518269 0.025482088185270948 -0.0088536422749767186 0.0031460808942298081 -0.022643013736140773 0.034019006637227449 0.058686520771958309 0.0098519176951430473 0.010440012038463044 0.0066591521619295841 0.018893802480451614 -0.012610555264187508 -0.0053067221872181341 -0.02563587505376352 0.011269588837749147 0.009554661002840692 -0.027348888819530549 -0.013777448067292844 -0.0096249466818624924 -0.029982224928711172 0.033938701578205166 0.020262660501867365 0.027651729965061433 -0.00037385584204011551 0.00066063254991701587 -0.0070233771031225859 0.012126871733297151
leaf_weight=175.49034884572029 208.74545839428902 110.24023732542992 78.439947217702866 102.73609694838524 716.57205909490585 758.7839173823595 510.8397541642189 551.46651801466942 189.5440562069416 165.52638797461987 1626.6780488193035 452.59403496980667 111.80039596557617 1256.6567021757364 448.16824948787689 175.61485421657562 202.44603362679482 287.86997920274734 3053.0039740949869 117.44488413631916 87.716200441122055 2132.4193299710751 459.74778774380684 336.73489110171795 325.61588077247143 602.17166051268578 108.77856282889843 307.51887485384941 876.74389968812466 773.36405809223652 603.31672319769859 8740.5734285116196 3695.1608351618052 80.840048119425774 577.36748205125332 108.4458731263876 1300.147059649229 3096.001171156764 1871.9587422907352 613.85774947702885 278.7095285654068 24.96743431687355 345.51958303153515 668.98010212182999 953.56918607652187 262.1250691562891 1225.8043120056391 3015.6026434451342 719.75215464830399 687.1534675359726 536.42004734277725 107.12714380025864 264.29618103802204 5043.5253666490316 66.909504517912865 475.28020235896111 117.08031289279461 66.471307396888733 1326.0177964866161 744.86246292293072 949.90271271765232 795.75847655534744
leaf_count=710 853 442 322 429 2868 3038 2049 2207 782 663 6517 1812 449 5035 1805 703 810 1152 12218 471 351 8548 1841 1348 1303 2420 437 1240 3509 3095 2414 34987 14792 325 2310 434 5206 12407 7495 2461 1118 100 1384 2677 3817 1049 4910 12073 2886 2750 2148 429 1059 20213 268 1902 469 266 5308 2981 3805 3185
internal_value=-8.19358e-05 -0.000365162 0.000151594 -0.00148734 -0.00131945 -0.00145333 -0.00398549 0.00225118 -0.0300192 0.00894282 -0.0069065 0.0149562 0.0116032 0.00412627 0.0235179 0.0193189 -0.00032496 0.0285643 0.0070557 0.00211514 -0.00083133 -0.00915879 -0.00250095 -0.00180616 0.0306083 -0.0206362 0.0366424 0.0483499 0.00347908 0.00634226 0.0101759 0.00165472 0.00268117 -0.00262663 0.0194583 0.0178491 0.022431 -0.00783507 -0.00433109 -0.0101589 0.0240898 -0.00904309 -0.0013526 0.0182948 -0.00234274 -0.00325258 -0.00450832 -0.00630988 -0.0118101 -0.00222894 -0.0068961 0.00393491 0.00184632 -0.0108703 0.00516256 0.0254265 0.0442155 -0.000220433 0.00280414 -0.00285815 -0.00251807 0.00807988
internal_weight=56675 56466.2 55499 49967.2 49864.4 49786 29573.1 20212.9 967.206 5618.98 19998.5 5531.85 4438.73 2274.5 1017.84 1937.8 14593.9 1093.12 3322.36 9574.59 5409.56 14589 11271.5 10811.8 966.422 777.662 805.247 416.297 3681.19 2922.4 2149.04 9457.15 3782.88 10475 2164.23 2052.43 1475.06 12456.6 4967.96 7488.61 388.95 6874.75 1320.39 1272.3 10394.2 9440.63 8037.17 6449.03 2746.27 3702.76 2026.52 1403.46 800.716 5554.37 3119.91 800.896 565.249 174.917 1588.14 851.99 1295.42 971.373
internal_count=227055 226202 222290 200115 199686 199364 118448 80916 3912 22489 80122 22175 17786 9121 4086 7756 58427 4389 13296 38326 21660 58462 45131 43290 3868 3130 3237 1677 14733 11695 8600 37855 15143 41942 8665 8216 5906 49914 19902 30012 1560 27551 5289 5091 41617 37800 32183 25826 11003 14823 8117 5617 3207 22262 12486 3205 2274 700 6357 3410 5189 3888
is_linear=0
shrinkage=0.05


Tree=5
num_leaves=63
num_cat=0
split_feature=23 8 1 32 23 26 22 23 3 12 23 3 18 21 22 26 17 26 21 4 12 21 22 4 8 13 13 28 8 7 4 7 28 24 3 8 6 12 6 13 21 17 22 26 26 28 3 23 17 23 4 0 25 1 22 13 28 26 7 28 27 23
split_gain=465.535 334.349 507.752 282.576 209.128 175.942 188.489 133.283 94.2674 249.314 95.5682 278.814 179.986 87.9799 121.884 86.7059 93.1697 79.8336 76.1492 68.0644 63.672 67.7915 63.7502 61.5568 85.8338 71.4589 59.6472 54.0968 46.7364 46.074 46.01 44.4229 44.233 42.942 42.1183 41.0654 40.2373 37.8981 41.6055 37.3211 40.1278 37.1368 35.7032 35.1897 34.5178 33.4899 33.8478 60.8946 32.1985 39.9273 52.8879 31.6394 31.5448 32.8223 31.1135 30.9251 30.3264 30.2181 31.4116 35.1907 29.3624 36.789
threshold=96.691685729331212 0.0089999550004483085 25.657393891004357 1.0000000180025095e-35 1.0000000180025095e-35 28.612974659370284 0.57753102740399198 46.847355426896563 -6.4572071706722038e-06 0.052181269204912471 1.0000000180025095e-35 0.00013276314529736162 0.24221533071821919 -0.16988899312447084 0.16903655053199076 17.4480020264178 0.9999695381990984 20.936866402241915 -0.089761984757845123 0.0087198982222756443 0.41939290422745973 -0.24824461834103065 0.29378953263181717 -0.00013463816738668141 3.402767473605762 0.14029054467715482 0.10487515673787599 0.12742837919854946 1.1280654950090816 5.1428571428571432 0.00024951946454603399 28.15357142857145 0.0011153747627356443 85.533720044752997 0.010344758434387031 2.8812298664546083 1.0389434777102828 0.14973486772728478 0.98456535199045481 0.67861358560254936 -0.24280146281261764 0.38865409405373119 0.31855627316858109 24.471112773477952 47.144160928016277 0.15602391740997765 0.0073467834022324131 50.5733838107327 0.077250948066398595 46.040251142980637 -1.0000000180025095e-35 62.932881003965825 12.10904053348062 526.38954435290395 0.40263890137572356 0.21833131975606954 0.7734951590826521 12.923744050434996 0.85071428571428653 0.37155640396836376 3.9976810537114802 85.065615332681702
decision_type=2 2 2 2 2 2 2 2 2 2 2 2 2 2 2 2 2 2 2 2 2 2 2 2 2 2 2 2 2 2 2 2 2 2 2 2 2 2 2 2 2 2 2 2 2 2 2 2 2 2 2 2 2 2 2 2 2 2 2 2 2 2
left_child=1 7 8 4 -4 6 17 33 9 43 12 -12 -10 14 39 16 19 26 36 27 21 -16 -23 24 -19 34 -6 -8 -20 35 -30 -28 -15 -1 51 -21 -17 38 -13 40 52 42 -27 -3 -11 -26 47 -47 -34 -50 -51 -25 53 -7 -48 -52 -32 58 -40 -60 61 -29
right_child=-2 2 3 -5 5 13 15 -9 10 44 11 37 -14 32 20 18 -18 23 28 29 -22 22 -24 25 45 41 31 60 30 -31 56 -33 48 -35 -36 -37 -38 -39 57 -41 -42 -43 -44 -45 -46 46 54 -49 49 50 55 -53 -54 -55 -56 -57 -58 -59 59 -61 -62 -63
leaf_value=0.0013912300396840072 0.074278723544451614 0.040437412186530471 0.079987562116506594 -0.080988416371395922 -0.0020293364921243214 0.034319481887138091 0.012705132510894996 -0.067063831838823432 0.0023746488328180281 0.010591593714274011 -0.011448339404630442 0.065041160427301931 0.044190696546386521 -0.050872872580830335 0.042040509083705054 0.030685929166012482 0.038975232886208182 -0.0052739224739950441 0.042536768289540991 0.052830009447959653 0.00052168197122422417 0.0070817034297918947 0.032269870256202558 0.043267374999290058 -0.045741041567503846 -0.013006312875730909 -0.014956380358271272 -0.0044121236306976751 -0.000237985889581583 0.0030190489646329303 0.0089711288924318663 -0.006560768096661897 0.0073164106775823693 -0.026495576646397762 -0.025087094012301404 0.0054151915749899669 -0.0026502024813830835 -0.012891871518759769 0.061385879050469327 -0.008782701081330984 -0.0034941323108883017 -0.016927107889372277 -0.0019591024692606081 0.06940787318208648 -0.055123013110151733 0.0065221089539175122 -0.018222248099570015 0.030409140763704701 -0.0035476215914281672 0.028512373109114336 0.0075484185988506898 0.0017638188130657336 0.0045336013578581563 0.0098996124863239398 0.0081495174225560563 -0.019473067814595776 -0.01073455799521065 0.021969825972290479 0.010185009283351441 -0.029783129682083628 -0.011958488726129448 0.065541474174684478
leaf_weight=177.85465976595879 210.25259971618652 183.02856987714767 79.18830469250679 110.97681215405464 1993.1217101812363 238.16746297478676 418.30738891661167 188.03787750005722 482.85011200606823 650.11661298573017 1251.8162901997566 49.204713135957718 551.5385690331459 41.375405848026276 404.60180178284645 406.1615034788847 135.94494341313839 3254.7050557434559 75.928036391735077 91.930295839905739 336.86300195753574 588.15856014192104 439.33943581581116 46.977944761514664 29.977182656526566 1384.1564288884401 4291.003937676549 6017.4557453840971 4310.3356125801802 1932.1790537983179 2982.6019384413958 2494.3781609088182 1474.2319043725729 611.36091984808445 145.7382542937994 91.206637933850288 116.10331471264362 93.479506179690361 25.71543687582016 530.55412809550762 706.02285292744637 1460.8294100016356 1553.4253083616495 250.96805594861507 20.497220486402512 1976.3225477039814 227.90975107252598 308.59379291534424 3479.016026288271 239.68581002950668 393.52538093924522 1893.7648546546698 748.40718933939934 327.87793599069118 219.14703370630741 144.74166297912598 208.61044293642044 1527.3073595017195 401.10894721746445 63.698162227869034 1526.2506043314934 18.745426192879677
leaf_count=712 870 737 330 470 7980 953 1675 786 1934 2602 5018 198 2228 168 1621 1626 546 13038 304 368 1348 2354 1759 188 120 5548 17216 24098 17255 7734 11936 9999 5901 2470 584 365 465 374 103 2124 2826 5860 6225 1022 82 7910 913 1235 13929 959 1575 7580 2995 1312 878 580 835 6120 1605 255 6114 75
internal_value=3.41766e-05 -0.000242527 0.000268396 -0.00132752 -0.00114968 -0.00127921 -0.00278086 -0.0292327 0.014613 0.0276885 0.0113632 0.00732494 0.024678 0.00461401 0.0100104 0.000934982 -0.00212415 -0.0059821 0.00480003 -0.00267843 0.0200961 0.0246966 0.0178587 -0.00341516 0.000226553 -0.00679464 -0.00963707 -0.00479234 0.00352632 0.00529449 0.00313024 -0.0118709 0.000574579 -0.0202054 0.000823699 0.0292594 0.0232664 0.0182046 0.0196139 0.00301421 0.0061147 -0.0104096 -0.00716639 0.0572139 0.00856766 0.00671012 0.00728914 0.0097516 0.000947748 -0.00125673 0.00898088 0.00277321 0.0112795 0.0201875 -0.00528471 0.000270703 0.0076811 0.0185005 0.00768597 0.00469171 -0.005761 -0.00419297
internal_weight=56633.4 56423.1 55445.9 49894.5 49783.6 49704.4 39611.8 977.253 5551.33 1104.61 4446.72 3412.33 1034.39 10092.6 4319.99 18331.8 10232 21280.1 8099.74 10096.1 1768.96 1432.1 1027.5 12501.5 6016.66 6484.89 8778.5 7980.76 7577.48 2115.32 7501.55 6785.38 5772.58 789.216 2086.48 183.137 522.265 2160.51 2067.03 2551.03 2020.48 4398.41 2937.58 433.997 670.614 2761.95 2731.97 2284.92 5731.2 4256.97 777.953 1940.74 1314.45 566.045 447.057 538.267 3191.21 2017.83 490.523 464.807 7562.45 6036.2
internal_count=226990 226120 222152 199874 199404 199074 158670 3968 22278 4443 17835 13673 4162 40404 17292 73396 40975 85274 32421 40429 7082 5734 4113 50079 24094 25985 35195 31962 30330 8467 30026 27215 23112 3182 8352 733 2091 8655 8281 10210 8086 17633 11773 1759 2684 11056 10936 9145 22944 17043 3114 7768 5260 2265 1791 2155 12771 8083 1963 1860 30287 24173
is_linear=0
shrinkage=0.05


Tree=6
num_leaves=63
num_cat=0
split_feature=13 8 19 9 31 26 22 7 26 12 3 12 3 2 8 8 26 8 9 19 28 2 22 6 10 22 10 20 13 26 8 7 30 24 0 19 20 2 27 13 7 25 20 20 22 6 2 29 11 1 22 19 20 10 10 20 11 20 7 9 30 28
split_gain=357.902 320.569 357.762 306.897 219.578 174.078 169.448 118.202 106.327 111.9 126.465 118.563 86.4384 82.3628 78.3856 76.8829 74.3535 70.1938 85.9161 60.4378 59.1756 56.335 53.6505 54.4729 49.9101 49.8538 48.2185 47.6587 47.2847 55.6342 46.6897 46.3427 50.0808 46.2748 45.126 43.9655 41.7602 45.276 56.0593 41.0882 40.6751 39.4012 39.3228 38.5983 63.2247 38.2175 37.8113 37.7271 37.3178 36.5171 35.6457 35.3959 35.0945 47.5172 34.1934 33.4789 47.4482 33.4313 32.8815 37.184 34.193 31.4029
threshold=1.0000000180025095e-35 0.0089999550004483085 1.0000000180025095e-35 0.0044435854687915185 1.0000000180025095e-35 28.612974659370284 0.61039312839651838 0.85071428571428653 15.520357670622277 0.17133434818130946 -0.0054628548555468335 0.053056118405738303 0.0080639011638477583 69.388343184237684 1.8142041618250304 3.9243251002363073 17.4480020264178 3.764186903038115 0.30959306864990571 0.12865599728467084 0.028131069484978982 80.664732346369973 0.31540042159212717 0.95370708400089244 0.0050125348267178868 0.81351381231300712 0.61352238381098312 -1.0000000180025095e-35 0.25675557136083454 21.791186425043865 3.1541157396657646 3.5103571428571394 0.74300267278026755 14.573113665485479 109.06654674817889 1.1809376923034256 -0.17150126431444204 42.78052954451487 1.5602949441775318 0.29254979738928649 11.960714285714293 16.442920664553355 -0.11352288958428257 0.048284911857393815 0.30930097782986027 0.96406694822579742 450.40022609770284 1.0000000180025095e-35 0.013277549534123493 160.10031458609475 0.87631820226943002 0.40483428916007913 -0.10008948434989388 0.46070449203447378 0.93068448959280692 -0.016274070136660598 0.052096988960955222 -0.022726273081813627 22.942857142857147 0.077294063620961792 0.075811662379746195 0.31275705082218924
decision_type=2 2 2 2 2 2 2 2 2 2 2 2 2 2 2 2 2 2 2 2 2 2 2 2 2 2 2 2 2 2 2 2 2 2 2 2 2 2 2 2 2 2 2 2 2 2 2 2 2 2 2 2 2 2 2 2 2 2 2 2 2 2
left_child=1 19 24 27 5 6 12 -8 30 10 11 -10 13 14 -5 28 25 20 36 -1 -7 39 58 -24 -3 35 -17 -2 34 -30 54 -12 42 46 57 -9 -19 38 -38 51 -26 -11 -33 -35 -45 61 -14 -32 -49 -22 -47 -18 53 -51 -4 -23 -57 -15 59 -16 -61 -39
right_child=3 2 8 4 -6 17 7 16 9 41 31 -13 33 15 22 26 21 18 -20 -21 49 55 23 -25 40 -27 -28 -29 29 -31 47 32 -34 43 -36 -37 37 45 -40 -41 -42 -43 -44 44 -46 50 -48 48 -50 52 -52 -53 -54 -55 -56 56 -58 -59 -60 60 -62 -63
leaf_value=-0.01230631899029234 -0.0016168866050349771 -0.011229039514881495 0.010354250971889134 0.017617462708755426 -0.078056827119070429 0.081106187785824582 0.049767198064241749 0.0023096323175592409 0.061512636510462917 0.011789009527779781 -0.0038075673295832483 0.018058875081504451 -0.010866929010836747 -0.0067461207976139935 -0.041398577873881952 0.012839845686943463 0.020286126045003301 0.023607644782715445 -0.0012120922889114964 -0.043189141189350667 0.010332238273245474 0.01850307643884333 0.011255848051347432 -0.0080250132969474728 0.075185029058842986 0.0017928954447463626 -0.00067177229271389376 -0.065659735337045028 -0.014070505513123577 -0.0024538378703252931 0.0035729485662403444 -0.036746019430460929 -0.0069514239270370981 -0.0087028138135577422 -0.0011358968901919336 -0.0088868531141856593 -0.0090793316401940188 -0.00043255747710366422 0.014698141521121 -0.021996403669106872 0.027300739478170806 -0.019433170807208057 0.018785561708005251 -0.064957629062660435 -0.016908730000222427 0.028282693768090728 0.016710043890302628 -0.0018165395647480908 -0.026337708434383864 0.022185406167246621 -0.044518327111103866 -0.0012619400884185841 -0.0052533095414290139 -0.00015689052872884429 0.068220271750415395 0.011543884490665133 2.4012452416028109e-05 0.039758811446027741 -0.0079404490069620165 0.031837192225788076 -0.018560389414208282 0.015848809647100431
leaf_weight=569.29928678274155 33.77085942029953 21.472977265715599 1076.3979792147875 276.44538357853889 93.037480503320694 22.491116046905518 124.57541017234325 1198.8093895763159 298.83697289228439 156.19386357069016 322.78749220073223 331.71880584955215 255.83566808700562 56.916636168956757 181.65041342377663 1314.678155168891 210.38699527084827 735.05956438183784 1517.6894604563713 219.89865809679031 726.44404138624668 673.32846580445766 407.37626005709171 3612.3511785119772 269.172717243433 4045.0340963602066 1325.1031467020512 215.25874316692352 1823.8681402951479 2372.7906946390867 1457.2387491762638 32.129684463143349 215.74684484302998 1948.4309725314379 4324.1520626097918 3256.9579632729292 548.56319727003574 452.25192698836327 451.99315167963505 217.33152239024639 53.697596564888954 285.13251273334026 2572.5600995570421 71.074675068259239 1865.8801371306181 529.22641268372536 241.44779255986214 426.51999266445637 244.22974397242069 298.28286182880402 17.226995766162872 2013.0872815996408 2658.46453563869 1173.3793745785952 26.090274438261986 1984.3074405193329 1628.0603396743536 119.0127254575491 874.97101566195488 34.436788365244865 1238.1239427626133 854.73419941961765
leaf_count=2295 139 86 4322 1108 404 95 502 4800 1223 625 1297 1328 1026 228 730 5263 842 2942 6075 896 2909 2694 1631 14486 1121 16198 5304 904 7318 9504 5847 129 864 7814 17324 13048 2197 1810 1809 871 219 1141 10331 286 7490 2119 968 1709 978 1194 69 8058 10645 4697 105 7941 6515 477 3509 138 4969 3424
internal_value=3.26381e-05 0.00943942 0.0125162 -0.00164771 -0.00135897 -0.00120905 -0.00276404 0.00127999 0.0102106 0.0154417 0.018228 0.0386672 -0.00554272 -0.00400612 -0.00843512 -0.0014172 0.000882662 0.00466051 0.00875804 -0.0209221 0.000370654 0.00481062 -0.00957055 -0.00606953 0.0623375 -0.00222488 0.00605569 -0.0569991 -0.00368612 -0.00750385 0.00338329 0.0141251 0.0161792 -0.0118389 -0.000124609 -0.00587337 0.0129754 0.0102345 0.00165735 -0.00125087 0.0672476 -0.00837155 0.0180973 -0.0136772 -0.0186777 0.0148618 0.00251323 -0.000941249 -0.0107551 -3.87078e-06 0.0259708 0.000775528 -0.0018233 0.00436935 0.0117342 0.00826389 0.00635351 0.0246899 -0.01561 -0.0202203 -0.0171903 0.0102116
internal_weight=56603.4 8579.12 7789.93 48024.3 47775.3 47682.2 37696.4 15351.9 7445.58 4215.11 3773.78 630.556 22344.5 17961.9 6625.35 11336.5 15227.3 9985.81 5106.74 789.198 4879.06 6726.5 6348.91 4019.73 344.343 8500.8 2639.78 249.03 8696.74 4196.66 3230.48 3143.22 2820.44 4382.67 4500.08 4455.77 3589.06 2854 1000.56 2440.81 322.87 441.326 2604.69 3885.39 1936.95 1853.44 497.283 2127.99 670.75 4856.57 546.453 2223.47 4130.13 1471.66 1102.49 4285.7 3612.37 175.929 2329.18 1454.21 1272.56 1306.99
internal_count=226990 34516 31325 192474 191431 191027 151042 61469 29899 16938 15172 2551 89573 71989 26571 45418 60967 39985 20445 3191 19540 26921 25463 16117 1426 34046 10567 1043 34851 16822 12961 12621 11324 17584 18029 17848 14370 11428 4006 9771 1340 1766 10460 15590 7776 7422 1994 8534 2687 19445 2188 8900 16536 5891 4427 17150 14456 705 9346 5837 5107 5234
is_linear=0
shrinkage=0.05


Tree=7
num_leaves=63
num_cat=0
split_feature=23 32 9 23 13 23 26 3 12 3 28 21 22 22 30 7 19 25 26 2 26 22 21 22 20 21 7 24 3 12 13 21 22 22 7 19 28 21 26 19 27 25 21 7 4 23 30 26 12 21 28 22 20 29 9 3 23 20 7 25 11 25
split_gain=396.367 274.815 260.964 500.223 250.048 216.223 213.603 131.658 246.652 123.722 166.918 112.079 105.996 88.9572 77.4084 72.523 65.4649 57.8994 52.7523 51.5263 64.5993 47.6196 46.0974 48.3741 52.1316 45.7729 45.6022 44.8482 49.0884 44.5028 42.3685 58.8288 40.7998 39.7493 38.4756 55.938 37.0853 37.1966 37.011 35.2607 40.2883 34.824 33.936 33.802 49.9571 44.1286 33.6432 33.5356 33.1951 32.6471 31.568 30.7445 37.5945 30.7162 29.7248 29.4183 29.3239 28.6091 28.3708 28.1719 27.7878 27.5343
threshold=96.691685729331212 1.0000000180025095e-35 0.0044435854687915185 1.0000000180025095e-35 0.063045485342935109 46.847355426896563 25.610571042646377 -6.4572071706722038e-06 0.016380520567755467 1.0000000180025095e-35 0.11548924255002595 -0.18139418352166123 0.23602416175858784 0.7078757636035361 0.75476608845836168 22.667857142857141 0.18309374523280189 52.182976844588538 17.286139279815263 80.664732346369973 21.326718163872471 0.33102012884470938 -0.11402632247812143 0.61039312839651838 -0.11565141320764614 -0.079424984262803686 0.85071428571428653 15.108945690600843 -0.0041560734451416646 0.17133434818130946 0.67861358560254936 -0.24824461834103065 0.31540042159212717 0.07079610813022412 1.0000000180025095e-35 0.16297121000808104 0.33958377670808665 0.080861001500387011 22.664801260824806 0.54038463284074678 -3.6529461529319724 26.474021921221546 -0.2541546862069729 23.753571428571437 0.0087198982222756443 61.706635186787096 0.26996565211228957 37.206102198656552 0.13250677025056237 -0.29806942611854614 0.79195975027034138 0.45176645580273184 0.041293475274725273 1.0000000180025095e-35 0.075019637501692174 0.010072771035682026 81.847975912606145 0.025541846083381396 0.85071428571428653 11.600151585931949 0.041002046625631013 25.964304143374168
decision_type=2 2 2 2 2 2 2 2 2 2 2 2 2 2 2 2 2 2 2 2 2 2 2 2 2 2 2 2 2 2 2 2 2 2 2 2 2 2 2 2 2 2 2 2 2 2 2 2 2 2 2 2 2 2 2 2 2 2 2 2 2 2
left_child=1 2 5 16 7 34 13 8 38 57 26 12 30 15 42 19 -4 43 36 32 -21 55 23 24 -23 -20 -11 41 -29 -10 31 33 54 59 35 -1 37 46 -5 -34 -41 -17 -14 44 45 -12 -15 49 61 -35 -24 52 -30 -47 -6 -13 -55 60 -38 -8 -9 -28
right_child=-2 -3 3 4 6 -7 11 9 29 10 17 21 14 18 -16 27 -18 -19 25 20 -22 22 50 -25 -26 -27 48 28 51 -31 -32 -33 39 47 -36 -37 58 -39 -40 40 -42 -43 -44 -45 -46 53 -48 -49 -50 -51 -52 -53 -54 56 -56 -57 -58 -59 -60 -61 -62 -63
leaf_value=-0.010721773286726508 0.069564236836144433 -0.077982862788597757 0.072328879781354938 0.031438037939941398 -0.042005542621433502 -0.063779294211388879 0.015415635156941047 0.0034655859147225531 0.013820796793848634 0.053439752843791245 0.0092294234542579442 -0.0040064096559736598 0.053141827358983755 0.011570394904032798 0.0081147738475003187 0.0011562150648800021 0.034397120463647061 0.036407246699298436 0.038611197949746226 -0.010573681014709601 -0.00070711748826190611 0.035819985046944218 0.0017047999313685516 0.054722593149113742 0.0041845174537051329 0.0044980246415112154 0.025022485502347487 9.1513049570111785e-05 -0.0099629156678294715 -0.0055313969544804296 -0.0076131660841931197 -0.0015747461283174811 0.0027121794106706384 0.024725543216744889 0 -0.041182668337443218 0.071333811264986821 -0.01574547916631586 0.063523245458047842 0.0049991295864491199 -0.015735827616960504 0.022127966302129209 0.026048407311437222 -0.0012193511259719547 0.015839963380229246 0.022482832221093679 -0.011720307137405198 0.038455136242631471 -0.015746948376396567 0.0041643276748271575 -0.013137839927083365 -0.005380625753700418 -0.029519569386522112 -0.0079798182012380484 -0.018650329365974355 -0.04143468807344261 0.036227391961423619 -0.032113051995460204 0.00057537604466583955 -0.0037088962189743163 -0.013659536743320641 0.01285784961519159
leaf_weight=563.05771662294865 204.11275324225426 113.28913663327694 142.23905952274799 136.89303974807262 160.31549394130707 246.16344404220581 330.5944519340992 345.3613411039114 1175.3567105382681 88.74918657541275 1100.7401057630777 3993.0082041025162 142.50459039211273 315.25334173440933 703.14227530360222 1801.3826694339514 576.57752200961113 122.58340626955032 102.16236078739166 4154.1766349077225 2763.8020720928907 156.1947977989912 4634.2139218896627 62.920077577233315 784.34180474281311 2595.9365197122097 816.68429350852966 2924.4153573662043 1114.4146591573954 397.06021410226822 627.11278294026852 1258.4673572778702 419.59526619315147 401.29471331834793 415.2454546391964 206.14433933794498 14.175321027636526 913.91367648541927 267.96369732916355 267.45756848156452 1865.7536749839783 222.38545539975166 625.50261650979519 4156.3907841742039 869.946249589324 98.333743512630463 304.91046369075775 186.7592067271471 75.179055467247963 373.35356451570988 388.11342829465866 3014.6552459597588 315.85125851631165 1167.5556735396385 925.95959101617336 53.133697926998138 38.624152407050133 142.16310608386993 1893.3317689299583 460.26742327213287 750.93562445044518 1088.3034300506115
leaf_count=2271 870 497 597 555 646 1046 1323 1385 4707 357 4407 15994 574 1263 2815 7219 2339 494 409 16671 11072 625 18552 252 3142 10389 3278 11717 4469 1589 2511 5038 1683 1607 1664 844 57 3662 1111 1074 7491 891 2506 16641 3482 394 1222 748 301 1495 1554 12086 1269 4675 3723 213 155 570 7584 1842 3010 4363
internal_value=3.0987e-05 -0.000220813 -6.3996e-05 0.000486008 -6.43912e-05 -0.021145 -0.00196026 0.0060295 0.017897 0.0038685 0.00578326 0.00275515 0.00878724 -0.00470421 0.0201127 -0.00632388 0.041919 0.00233619 0.000557938 -0.00916771 -0.00663268 -0.000304194 0.00251248 0.0122959 0.00944678 0.00579294 0.0183663 -0.00312706 -0.00493785 0.00893084 0.00420539 0.00666893 -0.0139852 0.0125921 -0.0122755 -0.018896 -0.00354474 -0.00933245 0.0526972 -0.0105272 -0.0131337 0.00346418 0.0310884 0.00177304 0.00557197 0.0018556 0.000111157 0.0194232 0.0167892 0.014824 0.000556562 -0.00824784 -0.0142869 -0.00436278 -0.0221053 -0.00450016 -0.00655719 -0.0110048 0.00110754 0.00428012 -0.0082603 0.0180766
internal_weight=56576.4 56372.3 56259 54828.4 54109.6 1430.61 41270.8 12838.8 1977.27 10861.6 9623.09 15180.9 5109 26089.8 1471.15 19950.2 718.817 7554.17 6139.68 10557.1 6917.98 10071.9 6025.78 1003.46 940.537 2698.1 2068.92 9393.1 7369.34 1572.42 3637.85 3010.74 3639.08 1752.27 1184.45 769.202 3441.58 1534.08 404.857 2552.81 2133.21 2023.77 768.007 7431.59 3275.2 2405.25 620.164 961.407 1980.17 774.648 5022.33 4444.92 1430.27 1304.51 1086.28 4046.14 1206.18 1238.46 1907.51 790.862 1096.3 1904.99
internal_count=226990 226120 225623 219798 216862 5825 165388 51474 7962 43512 38547 60791 20459 104597 5895 80011 2936 30248 24586 42360 27743 40332 24125 4019 3767 10798 8299 37651 29541 6296 14564 12053 14617 7015 4779 3115 13788 6147 1666 10248 8565 8110 3080 29754 13113 9631 2485 3850 7942 3102 20106 17824 5738 5224 4369 16207 4830 4965 7641 3165 4395 7641
is_linear=0
shrinkage=0.05


Tree=8
num_leaves=63
num_cat=0
split_feature=23 32 8 28 17 26 23 23 10 10 0 2 2 21 26 12 21 8 4 3 27 8 2 3 12 3 3 12 28 0 8 19 8 26 28 12 19 6 12 0 6 10 7 3 19 26 23 10 19 21 21 8 27 7 4 3 4 24 8 7 17 28
split_gain=364.688 254.304 250.231 333.024 144.245 152.328 109.383 83.141 157.151 105.036 71.6329 70.5377 69.3472 100.744 87.4988 80.8233 71.0551 66.7982 66.5912 128.051 64.2922 59.0994 59.0611 57.7943 125.86 107.164 112.939 60.4494 56.1705 53.2515 52.4542 51.5739 49.0637 41.1535 42.9712 39.757 38.5675 35.8726 38.3898 35.859 35.7797 34.2322 40.9253 32.7215 32.4269 32.0516 31.9879 31.8574 30.8489 30.8398 30.7773 30.3969 30.6156 30.2548 30.0695 29.5897 29.0322 31.4334 32.2391 28.7651 28.3366 27.8135
threshold=96.691685729331212 1.0000000180025095e-35 0.0089999550004483085 0.11548924255002595 0.9999695381990984 28.612974659370284 46.294015756670937 1.0000000180025095e-35 0.0050125348267178868 0.008748913083413962 59.082485273158206 403.56841040583805 75.124656346470161 -1.0000000180025095e-35 20.85804932482289 0.069178890368472426 1.0000000180025095e-35 3.6163194984980054 -0.0011733496540709623 -0.031322547553437802 2.0016923754985307 6.1178648590059916 201.88191079684898 -0.0072062439030835578 0.044050468743710512 1.0000000180025095e-35 -1.0000000180025095e-35 0.051227165184794289 0.43915202413193738 25.581014644250892 3.402767473605762 0.72468625829239086 7.972677457886161 13.17327633274293 0.30335786796296932 0.055813953488372127 1.4654090550228862 1.0136370455798851 0.0021022985428568249 160.40956637763273 0.93004036589336625 0.10762739146431201 8.3428571428571363 -0.0099139566269952455 1.6806155812609356 35.08516045295876 48.028595624735019 0.3926745128102378 0.15180965640709421 -0.28883419074561861 -0.14448374112046661 4.0754187012914462 -3.4906928009194735 2.2878571428571441 0.0072623209425744092 -0.043387664041247935 0.010713021767472609 22.870091981597081 3.1408608925647257 9.9642857142857206 0.16400826140958982 0.13173904680606149
decision_type=2 2 2 2 2 2 2 2 2 2 2 2 2 2 2 2 2 2 2 2 2 2 2 2 2 2 2 2 2 2 2 2 2 2 2 2 2 2 2 2 2 2 2 2 2 2 2 2 2 2 2 2 2 2 2 2 2 2 2 2 2 2
left_child=1 2 6 7 5 12 36 8 -4 46 -11 23 13 49 15 22 28 39 19 50 -20 48 56 24 -12 26 27 -25 -15 -18 43 -6 45 54 44 37 -1 38 -27 -7 -31 -42 -43 -16 -35 -22 -9 -32 -10 -5 55 -21 -53 -45 -24 60 61 -58 -59 -41 -19 -14
right_child=-2 -3 3 4 31 17 -8 9 21 10 11 -13 14 16 30 -17 29 18 20 51 32 -23 33 25 -26 35 -28 -29 -30 40 47 -33 -34 34 -36 -37 -38 -39 -40 59 41 42 -44 53 -46 -47 -48 -49 -50 -51 -52 52 -54 -55 -56 -57 57 58 -60 -61 -62 -63
leaf_value=-0.012930176627153945 0.067343278510113805 -0.075904292179718377 -0.0016973721631279668 0.0075446238168954578 0.064422205099704588 0.010007431853100459 -0.060323013430573828 0.020554169215683926 0.070594267664362359 -0.005118523708176375 0.054542482998776856 -0.0017650406179144477 0.057865233912121797 0.010463685819553738 -0.0060124824143853476 -0.007782027656078952 0.037327963225914161 0.0084010604819553091 -0.0040444323340718012 0.015283964997337682 0.0075128528466309854 -0.0025094031956496548 -0.013150670256532593 0.039344396581872686 0.010669163303509486 0.063033314458717987 -0.015653699182809074 0.0031254183276371267 -0.010378594351725673 0.02904744903343251 0.013236205152525368 0.017790689805189601 -0.016706426177506773 0.0029763025731318698 0.0075448406658411007 0.0079232497624571827 -0.046226356927316838 0.018601772479236434 0.025958709737389486 -0.010757599014436504 0.0056653814385511378 -0.014115281200244563 -0.0042995667666084324 0.026490188396049254 -0.0085927690110616847 0.024850359951309936 -0.066780110994532987 0.0039498495644819083 0.038811616798285868 -0.011370135198243678 -0.010672115627131409 0.0033659850145122019 0.037738889551213413 0.0012360381847853516 -0.0012161258888421656 0.01795427024365193 0.076270885465603386 0.04572258490955141 0.0068594422578338518 5.2064800752542139e-06 -0.01052025433596146 0.0043889320632700627
leaf_weight=680.61467958986759 200.39962907135487 110.64159089326859 384.95072995126247 224.12461690604687 101.87911108136177 696.95752933621407 181.36446246504784 12.578830331563948 90.60677407681942 741.67195408046246 265.68950536847115 812.40120531618595 24.950392156839371 1589.855954810977 1925.5361750721931 6169.2598913758993 75.694292679429054 690.77232943475246 1599.2275624275208 325.03195440769196 648.3883722871542 78.217916488647461 1131.8021881133318 183.85505993664265 425.73964712023735 101.80376681685448 599.60280364751816 309.193677932024 405.45046077668667 77.21047306060791 1262.7061522156 142.90769450366497 140.33225087821484 1150.16935159266 1549.450444996357 635.59190787374973 99.848856285214424 1081.8177375793457 225.52900592982769 797.77799527347088 667.9939529299736 1315.6985210925341 5521.7459902465343 123.05444996058941 1278.2315106242895 454.15361848473549 59.408898904919624 3448.6351050138474 508.09120514988899 5369.0000242143869 256.39699272811413 73.107685521245003 593.18831048905849 3229.2654774487019 990.78501489758492 501.21074852347374 26.491347700357437 77.574140474200249 171.93787012994289 2793.1286471486092 277.03222596645355 854.24261862039566
leaf_count=2757 870 497 1541 900 426 2791 795 51 383 2977 1109 3253 100 6368 7714 24748 304 2766 6404 1302 2595 314 4541 751 1705 413 2405 1239 1624 309 5055 575 562 4608 6206 2549 411 4343 905 3195 2675 5275 22119 493 5123 1818 245 13807 2074 21568 1026 293 2381 12935 3966 2008 106 311 688 11185 1109 3424
internal_value=2.96054e-05 -0.000209851 -6.06887e-05 0.000379251 -0.00103967 -0.00123301 -0.0253434 0.0109949 0.0237974 0.00850145 0.00930499 0.011611 -0.00264714 -0.0052714 -0.000938038 -0.00357477 -0.00217705 0.00431871 0.00793559 0.0135332 0.00258281 0.0383013 1.90616e-06 0.0144504 0.0275407 0.0115632 -0.00107371 0.0166466 0.00622568 -0.00436701 0.00260508 0.0372373 0.0111139 -0.00196049 0.00103829 0.0183181 -0.0172017 0.0230023 0.0375203 -0.000369162 -0.00478438 -0.00513346 -0.00618927 -0.000817333 -0.00311133 0.0146606 -0.051443 0.00644001 0.0436409 -0.0106112 0.00530095 0.0278545 0.033976 0.0021653 -0.00758252 0.00809278 0.0103687 0.0245187 0.0189756 -0.00238477 0.00297918 0.00591862
internal_weight=56542 56341.6 56230.9 55269.1 48752.4 48507.6 961.828 6516.75 1061.87 5454.88 5382.9 4641.22 38660.9 15246.8 23414.1 13424.9 9653.65 9846.71 5558.84 2716.74 2842.1 676.916 7255.63 3828.82 691.429 3137.39 1092.65 493.049 1995.31 7658.34 9989.2 244.787 1242.87 6100.44 3977.85 2044.74 780.464 1409.15 327.333 4287.86 7582.65 7505.44 6837.44 5277.86 2428.4 1102.54 71.9877 4711.34 598.698 5593.12 1725.41 991.328 666.296 3352.32 2122.59 1469.02 1155.2 276.003 249.512 3590.91 967.805 879.193
internal_count=226990 226120 225623 221660 195403 194402 3963 26257 4312 21945 21649 18672 154967 61142 93825 53821 38674 39435 22264 10885 11379 2771 29073 15419 2814 12605 4395 1990 7992 30682 40004 1001 4975 24444 15937 8210 3168 5661 1318 17171 30378 30069 27394 21142 9731 4413 296 18862 2457 22468 6909 3976 2674 13428 8507 5883 4629 1105 999 14380 3875 3524
is_linear=0
shrinkage=0.05


Tree=9
num_leaves=63
num_cat=0
split_feature=23 32 8 1 23 6 22 21 23 26 4 8 30 9 3 12 3 23 18 7 23 13 18 30 9 6 7 26 12 2 6 13 2 24 3 6 27 30 24 8 22 21 1 21 3 26 27 7 26 6 13 4 7 24 8 26 1 13 28 17 26 4
split_gain=336.083 235.806 227.166 345.752 154.66 129.035 113.92 118.94 102.333 98.8434 98.2773 97.1044 77.1903 74.913 67.5597 178.812 71.0052 203.244 138.97 58.9289 57.8684 50.3289 49.35 48.5578 45.6871 48.6349 43.3337 42.6354 41.9494 41.363 43.5191 40.9778 40.3738 36.2878 35.6986 35.2681 35.0214 36.0743 35.1353 34.9577 34.7392 33.6478 32.1534 32.743 31.8741 30.991 30.473 30.3106 30.2796 30.205 40.664 32.5498 44.312 31.1244 35.2571 29.4844 29.4754 29.272 28.7554 27.978 27.8924 34.9253
threshold=96.691685729331212 1.0000000180025095e-35 0.0089999550004483085 25.657393891004357 1.0000000180025095e-35 0.93004036589336625 0.56552761107261551 -0.097041102893120776 46.847355426896563 25.610571042646377 -0.00020664992801234603 3.688639144897675 0.52294329974432252 0.20501820578001453 -6.4572071706722038e-06 0.052181269204912471 0.00035230472957952674 1.0000000180025095e-35 0.24221533071821919 22.667857142857141 85.065615332681702 0.14879519903779057 0.64925643825875368 0.13891271202591962 0.22557380803474525 0.95616591152866814 20.792857142857152 17.036669844376572 0.1145167053846379 86.384457954155792 1.0567070240067131 0.22367077751481865 83.90072816380659 85.533720044752997 0.0075871352156099943 0.58913433694768336 2.3881804418122141 0.29762985048828977 25.844738185832885 1.9564108912849802 0.78899498528687362 0.053499031087894673 1345.5836490878871 0.12725529076570322 -0.01156638416293332 47.144160928016277 -4.0837095474697103 31.189285714285727 24.471112773477952 1.0072674248095665 0.045697662736750841 0.0089746487650903053 22.942857142857147 20.77242317632906 3.3310335300359024 29.270834258066049 82.729189928614133 0.15234091092626997 0.16927820129259422 0.82092092082954538 13.054966017792326 0.015055073918467683
decision_type=2 2 2 2 2 2 2 2 2 2 2 2 2 2 2 2 2 2 2 2 2 2 2 2 2 2 2 2 2 2 2 2 2 2 2 2 2 2 2 2 2 2 2 2 2 2 2 2 2 2 2 2 2 2 2 2 2 2 2 2 2 2
left_child=1 2 8 14 -5 22 9 12 33 19 11 36 -8 58 15 48 17 18 -16 21 23 -7 -6 40 25 -12 -22 -23 59 30 46 49 -33 -1 -21 -24 37 38 -11 -18 41 56 43 -42 -30 -17 -29 -26 -4 50 -25 53 -53 54 -51 -14 -9 -46 -13 -27 -34 -62
right_child=-2 -3 3 4 5 6 7 20 -10 10 24 13 55 -15 16 45 39 -19 -20 34 26 27 35 31 47 28 -28 29 44 -31 -32 32 60 -35 -36 -37 -38 -39 -40 -41 42 -43 -44 -45 57 -47 -48 -49 -50 51 -52 52 -54 -55 -56 -57 -58 -59 -60 -61 61 -63
leaf_value=0.0034152969223081096 0.065296132715390934 -0.074028358207331571 0.03335939731021547 0.0715175547906369 -0.00057269989304671294 -0.0025226800599191905 0.036762714007992567 0.043872277778485819 -0.058694018519615213 0.0048970306085494809 0.0045798988761770179 -0.033796307857353589 0.00029002634098556967 0.0022251095450872903 0.00041655909877050598 0.0092736235100593766 0.043298336613730018 -0.010066397464662563 0.037612287227012327 -0.0011771533365849826 0.050451546541254146 -0.020489276512642429 -0.012410206935785102 0.023740611293454783 -0.0075544025549462331 0.0044979798470121228 -0.0063486336596942821 0.0012322951627181304 -0.0060867946422903862 -0.0065004720313863451 0.025498709858450028 -0.01639767452601025 -0.013970212857152421 -0.022284802395111575 -0.0093935762306169516 0.012507726360074956 -0.0084306613945392839 -0.0015555957877366189 0.029696763498255577 0.014502039722039894 0.035479628499848093 -0.0065307275537900391 0.0018312856570984295 -0.0049172468318460366 -0.00035165232676337465 -0.053020176613425979 -0.019427073939785343 -0.028908448503493729 0.06062632866705369 -0.0042273241536304627 0.0028143167026062873 0.011605733475326757 -0.0023218206569773333 -0.0049066486325194392 0.0087681537880432998 0.053278509045746707 0.0061068344726550802 -0.024845611550654241 0.0234509220630875 -0.034089093370186327 6.6143346991104124e-05 -0.043483005051145232
leaf_weight=177.34335616230965 196.45186398923397 107.84639228880405 179.57162700593472 73.402975752949715 1313.4429483562708 2114.463726118207 371.54481688141823 53.518201038241386 175.6685531437397 462.25973936915398 1347.5346242487431 22.239076092839241 338.55565543472767 812.18178628385067 476.11851397156715 649.55334076285362 111.27401587367058 1260.395242229104 531.93152363598347 5554.1346542686224 98.970420703291893 1078.2500199824572 149.76922637224197 250.89896264672279 366.72157953679562 796.47630147635937 50.543267220258713 200.5281171053648 1170.1414759457111 3628.8427603244781 61.818096533417702 713.81934708356857 486.66388753056526 603.73542737960815 1735.6416396796703 2648.5539130568504 981.94587816298008 1384.5717027634382 207.03700640797615 2042.7815730124712 259.00769908726215 600.95776861906052 193.33608886599541 61.913940533995628 156.55748264491558 20.480136260390282 1590.8106514662504 305.19843739271164 240.16076517105103 1031.6699220538139 3109.6270444244146 1050.5963793694973 1250.097322806716 5089.2296921312809 1055.5331177562475 28.377741068601608 1462.9712457507849 558.87652276456356 1071.2065806239843 49.803137794137001 2285.8510295003653 46.880375444889069
leaf_count=711 870 497 737 330 5259 8474 1489 215 785 1851 5396 89 1358 3253 1908 2602 454 5059 2185 22265 402 4347 600 1004 1470 3190 203 808 4691 14559 249 2864 1955 2467 6971 10607 3933 5545 829 8207 1038 2407 774 248 627 82 6411 1223 1022 4132 12448 4206 5004 20389 4227 114 5859 2245 4297 205 9156 188
internal_value=2.8367e-05 -0.000199364 -5.74723e-05 0.000360788 -0.000956012 -0.00106338 -0.00182925 0.00101054 -0.0242117 -0.00403097 -4.76036e-05 0.00488871 0.0206994 0.0137352 0.012242 0.0233959 0.00949191 0.00331519 0.0200509 -0.00644912 0.000250997 -0.00923415 0.00741913 6.86192e-06 -0.0051825 -0.00319093 0.0312254 -0.0113965 -0.00702588 -0.00960681 -0.0156863 -0.00100627 -0.00577459 -0.0164435 -0.00313421 0.0111719 -0.000662995 0.00304849 0.0125792 0.0159939 0.00631091 0.00347654 0.0179687 0.0276714 -0.011177 0.00735447 -0.0171117 -0.0172641 0.0489835 0.000305721 0.00437883 -0.00113808 0.00403616 -0.00279762 0.00234241 0.00441505 0.00744571 -0.0194934 0.022279 0.00221748 -0.00308277 -0.000808737
internal_weight=56506.3 56309.8 56202 55245.2 49733 49659.6 45547.8 19890.6 956.747 25657.2 9692.75 4941.44 738.478 1905.63 5512.27 1089.77 4422.5 2268.45 1008.05 15964.5 19152.1 8674.71 4111.77 19002.6 4751.31 4079.39 149.514 6560.25 2731.85 5482 1853.16 16370.9 3533.21 781.079 7289.78 2798.32 3035.81 2053.87 669.297 2154.06 2631.7 2117.45 514.258 320.922 1885.58 670.033 1791.34 671.92 419.732 12837.7 3360.53 9477.13 2300.69 7176.43 2087.2 366.933 1516.49 715.434 1093.45 846.279 2819.4 2332.73
internal_count=226990 226120 225623 221660 199404 199074 182608 79680 3963 102928 38844 19797 2961 7639 22256 4443 17813 9152 4093 64084 76719 34848 16466 76114 19047 16354 605 26374 10958 22027 7468 65573 14163 3178 29236 11207 12158 8225 2680 8661 10541 8481 2060 1286 7563 2684 7219 2693 1759 51410 13452 37958 9210 28748 8359 1472 6074 2872 4386 3395 11299 9344
is_linear=0
shrinkage=0.05


Tree=10
num_leaves=63
num_cat=0
split_feature=23 32 8 1 23 21 30 22 21 23 3 26 19 22 12 3 13 8 23 7 26 26 27 12 1 3 23 3 17 30 17 22 23 30 23 18 3 19 24 10 24 28 22 21 1 12 25 7 10 1 13 11 7 6 3 27 28 17 3 22 8 10
split_gain=305.66 229.358 206.868 292.727 147.67 129.974 135.415 106.254 102.084 99.5311 99.0762 73.0109 64.9376 66.5286 55.1378 98.5827 52.6577 77.8686 58.8935 51.54 50.7133 50.4233 46.7234 44.2211 41.7302 41.1028 56.8169 58.2938 44.9193 40.6112 39.5374 39.436 45.7151 39.1199 37.6715 110.715 48.5371 35.515 35.3052 35.2764 39.4294 32.4672 32.0227 62.0271 31.5733 30.9999 32.245 29.6178 29.6164 29.3279 31.2957 36.8074 28.882 26.2019 37.5018 25.8843 25.7369 25.6339 34.3844 28.6625 26.8147 31.682
threshold=96.691685729331212 1.0000000180025095e-35 0.0089999550004483085 25.657393891004357 1.0000000180025095e-35 -0.24280146281261764 0.77832922824302153 0.56552761107261551 -0.11816495120175662 46.294015756670937 0.0064403835784229736 16.949148792963616 1.1926758702938456 0.73901709598600573 0.14273661590643663 -0.0043660345042028214 0.14550282865176653 3.402767473605762 50.970732108503668 0.85071428571428653 22.983702326634052 30.483572938762684 4.3450197006988889 0.053056118405738303 1190.8269135089815 0.00054934372463636869 1.0000000180025095e-35 -6.4572071706722038e-06 0.48927127805881493 0.14687290111018927 0.9999695381990984 0.1158016823159899 44.15187920410272 0.64087032502935382 20.547972534550556 0.2520148511702231 0.00013276314529736162 0.96354026817779648 85.533720044752997 0.87588032534841054 28.617382468473625 0.3523370899614014 0.27172351343667239 -0.15410274917865688 113.99584235691724 0.0005235816498849363 27.547896995744861 0.66071428571428592 0.068103335357648953 144.67800775294117 0.099791870156884718 0.19376556736100373 43.919642857142868 0.9045723186320358 -0.040506429762581182 -5.3287760940056641 0.48698052404152936 0.9588352732804345 0.00075441223659540872 0.55088542042250055 3.9908674347152062 0.87588032534841054
decision_type=2 2 2 2 2 2 2 2 2 2 2 2 2 2 2 2 2 2 2 2 2 2 2 2 2 2 2 2 2 2 2 2 2 2 2 2 2 2 2 2 2 2 2 2 2 2 2 2 2 2 2 2 2 2 2 2 2 2 2 2 2 2
left_child=1 2 9 11 -5 6 31 10 33 38 16 19 30 22 15 23 44 24 21 -4 -20 37 29 -13 39 26 28 -28 -17 -14 49 -6 53 -9 35 -21 -36 -19 -1 40 -18 -38 52 -44 -7 46 -27 -15 -42 50 -10 -52 -23 -33 -55 -47 -56 58 60 -60 -8 -62
right_child=-2 -3 3 4 5 7 57 8 12 -11 -12 14 13 47 -16 25 17 18 20 34 -22 42 -24 -25 -26 45 27 -29 -30 -31 -32 32 -34 -35 36 -37 41 -39 -40 -41 48 -43 43 -45 -46 55 -48 -49 -50 -51 51 -53 -54 54 56 -57 -58 -59 59 -61 61 -63
leaf_value=0.0044821871615315454 0.063296289164993733 -0.072281212676476067 0.043319280646782678 0.071073392043167746 0.011152567800231473 0.016216803757771035 -0.0049070097336702412 0.035400135284077948 0.026253888149213381 -0.056938418930259416 -0.010938333829301622 0.05188071691694595 0.0049860018816389046 0.067952192173515516 0.0002235720366128317 0.040968189068756287 -0.010876300170094874 -0.00098521472349699332 0.0030825147919983096 -0.0058181410655053188 0.03141280403199239 0.0041995108438107843 -0.022068152967640444 0.018706546261816281 -0.0020210848481199231 0.057428578655229601 0.024791414341000392 -0.0087240809791278712 0.00614091161030237 -0.0066398106324111281 0.046956919053195455 0.059086370235958446 0.0021059560413617035 0.0052671713222406189 -0.00909584086147836 0.035957377417552082 0.010565913115227324 -0.0095636351684058474 -0.02116055432161535 -0.039898935866816775 -0.030653173574870119 -0.017668380724734891 0.031218619065568776 0.0040470924781498292 0.0011008902754988557 0.0042567431154565327 0.018335770401864446 0.0013673484990888462 0.00098273103050407424 0.0028129413637703361 0.0018802818758183869 0.055165322929125342 -0.01289734829478021 -0.0022507733667067277 0.030365270272291713 0.023897082983573785 0.062467547053893228 0.036735953935506833 -0.01584967648843506 0.056925236047873251 0.012978887982337456 -0.00051643326006362217
leaf_weight=172.66493965685368 190.17024417221546 109.99400791525841 85.250060930848122 71.160389050841331 476.14387629926205 377.9549607783556 700.05634580552578 291.01330296695232 285.90375137329102 177.6429291665554 4123.7573657482862 299.31361815333366 917.972995698452 16.644648209214211 432.97595891356468 188.66490943729877 4767.7124795466661 3241.1089074015617 407.96148516237736 329.51728738844395 258.17015595734119 786.54463240504265 410.39865580201149 152.25561530888081 2951.9045457988977 113.29639902710915 172.67538772523403 520.70352557301521 182.54476536810398 4122.2262894660234 53.811937108635902 101.58306828141212 120.97055241465569 171.70150059461594 799.5111543238163 305.32431066036224 900.83019821345806 1923.3733663260937 597.732472255826 92.519977435469627 78.747987776994705 114.58402559161186 277.66607721149921 863.96229983866215 4020.4846663475037 248.10832907259464 99.779002174735069 6961.8281579613686 1195.5090224146843 6240.6525269299746 472.23703272640705 34.720194533467293 359.91623672842979 71.541728556156158 298.26797465980053 522.58945886790752 79.648605227470398 51.63308122754097 352.97765803337097 13.94571805000305 930.17136695981026 815.39375837147236
leaf_count=692 860 521 347 328 1908 1514 2804 1168 1145 809 16577 1280 3677 68 1733 779 19158 12997 1638 1321 1035 3149 1648 611 11836 464 704 2090 737 16523 221 409 486 689 3215 1261 3615 7719 2450 371 318 459 1115 3459 16106 999 404 27890 4795 24985 1892 139 1441 287 1201 2103 321 207 1418 56 3729 3265
internal_value=3.0019e-05 -0.000183645 -4.23339e-05 0.000354919 -0.000850989 -0.000954175 0.00767384 -0.00171171 0.00102375 -0.0231996 -0.00383619 0.0113364 0.000473109 -0.00170451 0.0167086 0.0195615 -0.00248023 -0.00372847 -0.000169256 0.00511871 0.014073 -0.00144311 -0.00584382 0.0407131 -0.00690804 0.0148944 0.00807727 -0.000367979 0.0238614 -0.00452135 0.00429269 0.0221814 0.0299854 0.0242329 0.00378561 0.0142682 0.000115554 -0.00418111 -0.0154071 -0.00925874 -0.00878807 0.00737348 0.00473461 0.0106623 0.00240127 0.0222649 0.0391628 0.00152785 -0.000970669 0.0039649 0.0130242 0.00554966 -0.00116412 0.0360952 0.0308758 0.0175822 0.037159 0.00185594 0.00121254 -0.0130553 0.00335568 0.00667238
internal_weight=56506 56315.9 56205.9 55257.8 49789.9 49718.7 4012.33 45706.4 19979.1 948.04 25727.3 5467.92 19516.4 12429.1 2932.91 2499.93 21603.5 17205.1 8118.7 2535.02 666.132 7452.57 5450.6 451.569 9086.39 2048.36 1064.59 693.379 371.21 5040.2 7087.33 1148.16 672.012 462.715 2449.77 634.842 1814.93 5164.48 770.397 6134.49 6041.97 1015.41 2288.09 1141.63 4398.44 983.773 213.075 6978.47 1274.26 7033.51 792.861 506.957 1146.46 551.041 449.458 770.698 377.917 2864.18 2812.54 366.923 2445.62 1745.57
internal_count=227146 226286 225765 221814 199692 199364 16091 183273 80045 3951 103228 22122 78188 49806 11904 10171 86651 69031 32553 10218 2673 29880 21848 1891 36478 8280 4310 2794 1516 20200 28382 4612 2704 1857 9871 2582 7289 20716 3142 24642 24271 4074 9164 4574 17620 3970 868 27958 5113 28161 3176 2031 4590 2218 1809 3102 1522 11479 11272 1474 9798 6994
is_linear=0
shrinkage=0.05


Tree=11
num_leaves=63
num_cat=0
split_feature=17 32 8 30 6 16 19 2 13 26 8 3 9 9 3 26 6 4 26 13 10 18 10 30 21 2 9 8 24 21 19 30 4 7 19 30 13 13 30 9 10 30 21 19 6 10 25 8 9 25 11 19 30 3 24 27 6 7 13 2 6 25
split_gain=258.418 211.486 174.146 287.29 121.336 106.036 94.998 88.3238 144.033 114.121 105.849 84.3098 83.7523 78.3699 77.8888 65.4551 63.956 62.4973 67.9646 62.2071 56.3924 54.4528 51.9562 49.8906 55.1127 57.9408 47.9932 46.604 49.9618 47.597 45.1054 44.1573 47.2339 41.6125 40.5843 39.0287 38.8229 38.5159 37.1799 36.4405 44.2947 35.7945 61.5761 35.6715 33.6748 32.9155 31.8751 31.7418 40.4738 31.6853 31.642 31.165 31.0324 29.6802 32.8063 29.3336 29.1367 28.93 28.346 27.8383 30.8003 27.3946
threshold=0.9999695381990984 1.0000000180025095e-35 0.0089999550004483085 0.024369034994697777 0.92816124775315034 1.0000000180025095e-35 0.19301479106567687 75.124656346470161 0.14879519903779057 20.85804932482289 3.7945741732950107 -0.02993723828006899 0.0044435854687915185 0.029706585748008097 -0.017799545377355359 19.235963597030718 0.99998987874333178 -0.0002839570760644567 28.994890647288166 0.068041550675327384 0.62953512025846614 0.20535080316076157 0.072226680934546109 0.8682884558481635 -0.23783170383104321 27.966205590772446 0.31487577491754343 3.127570357857564 16.037552247745744 0.12439511247366188 0.50442588216667106 0.94261582323592308 1.0000000180025095e-35 7.7250000000000005 0.54038463284074678 0.86444971481783273 0.088317298320281082 0.93556721056721071 0.11564071882824793 0.15359965525059552 0.45254855870345173 0.5583186101295643 -0.075867726317626102 0.18309374523280189 1.0068053945976092 0.89521242555636837 13.113858369806728 1.6737284716161673 0.058493599054953799 35.191080997625242 0.073201687680843175 0.27325033573375995 0.25809208712434523 -0.0074126857270894646 33.263832604805749 1.2154521120890778 0.94154603084981292 32.785714285714299 0.2946386655584679 124.17197310978408 1.0170303926714797 17.375384325112393
decision_type=2 2 2 2 2 2 2 2 2 2 2 2 2 2 2 2 2 2 2 2 2 2 2 2 2 2 2 2 2 2 2 2 2 2 2 2 2 2 2 2 2 2 2 2 2 2 2 2 2 2 2 2 2 2 2 2 2 2 2 2 2 2
left_child=1 2 16 5 23 12 -2 8 22 19 30 -12 21 36 20 -15 43 18 37 33 -10 -4 47 24 26 45 58 38 50 52 55 32 -19 49 -24 51 -14 39 -21 -13 -41 42 46 -1 -35 -26 -32 -6 -49 -9 -29 -16 -30 54 -17 -11 -53 -42 -5 60 -34 -50
right_child=6 -3 3 4 7 -7 -8 9 14 10 11 17 13 15 35 53 -18 31 -20 27 -22 -23 34 -25 25 -27 -28 28 29 -31 41 -33 59 44 -36 -37 -38 -39 -40 40 57 -43 -44 -45 -46 -47 -48 48 61 -51 -52 56 -54 -55 -56 -57 -58 -59 -60 -61 -62 -63
leaf_value=-0.0089499815533411152 0.059842896286209146 -0.070810418146200788 -0.0030910571165126445 -0.040825941534593041 0.029414645788405133 0.067068424376870259 0.012418610527837019 0.008182616612635453 0.0055831743774073404 -0.00065306727732990764 -0.0062741814127184065 0.021747492160171984 0.064742630058423692 0.0056885665278978564 0.0031261322132029147 0.012736727664843761 -0.049547865005145381 -0.016559989825330752 0.031579377739768814 0.00098628386502063316 -0.0089999490215377006 -0.052511638089417056 0.0066320821320487687 -0.00068350981339905341 0.022266078414618556 -0.0016230168076659696 0.0068751515857434463 0.015568933980391162 0.0033469212465510045 0.0022595628102581983 0.030459568199010065 -0.023407806611518957 0.057240758839555629 0.016133834868959415 -0.0027676887443889107 -0.0021180531325430117 -0.026915987251517965 -0.03874105775678939 -0.010563196944151931 -0.023860611519378665 0.0049542932263925621 -0.003250711857722949 0.00082708398571149349 -0.033517793791421502 -0.0017576966304353771 -0.003340632247963471 0.01018617836134994 -0.0035708340708430646 -0.0031523801895596833 0.034971145367206795 -0.0038502945490474852 0.012892013749222787 -0.010559780449764545 0.014090704506945984 0.037113406650439301 -0.010916769845278519 -0.01566746076712763 0.020984272190599465 0.032266546380290376 0.0082021417045858701 -0.020932652622671775 0.037451245964074585
leaf_weight=562.69987344741821 237.29320268332958 105.94357332587242 389.98457126319408 13.454379186034201 200.01423105597496 83.585915997624397 190.87975385785103 455.82290424406528 1246.5029955357313 1577.3078914284706 749.89629459381104 779.23479580879211 97.368490919470787 2481.6596601009369 246.25375472009182 232.44045113027096 167.61671108007431 191.58103740215302 580.75610595941544 839.41219207644463 1415.2658548951149 64.991203427314758 1357.5240002274513 1268.9717974364758 583.86863274872303 1009.2800880223513 351.85456404089928 596.34677496552467 485.25957986712456 1821.110610768199 232.83882197737694 137.23628181219101 57.212279960513115 294.66201651096344 7442.2353330850601 776.72829408943653 12.96802808344364 36.214740216732025 4079.4132840633392 99.971879422664642 783.55241699516773 1926.9937008619308 2945.9090720564127 200.78942307829857 2439.8834881782532 159.4035397619009 1169.7019146233797 365.75868561863899 60.183780297636986 145.95278932154179 322.96141463518143 90.826367303729057 2299.2305100858212 1665.1581018567085 343.02811516821384 1247.6070772111416 4559.6651082634926 440.24342882633209 543.64060974121094 1054.7340137958527 15.986507236957548 132.34761856496334
leaf_count=2285 1055 517 1562 54 802 380 778 1825 5000 6320 3004 3122 420 10025 990 939 775 767 2338 3370 5677 271 5437 5081 2337 4041 1410 2391 1947 7299 933 550 229 1179 29822 3122 52 145 16392 401 3139 7721 11800 838 9767 638 4688 1465 241 586 1295 364 9234 6752 1449 4999 18360 1764 2186 4222 64 530
internal_value=2.88601e-05 -0.000266748 -0.000132915 0.000230011 -0.000958681 0.0112145 0.0387206 -0.0016838 -0.00442399 7.92896e-05 0.00325428 0.00915739 0.0103294 0.0122607 -0.00922772 0.0112853 -0.0215746 0.0119293 0.0164057 -0.00315223 -0.00216886 -0.0101715 -0.000234254 0.00747097 0.0113607 0.00617442 0.0213531 -0.00505115 -0.0018984 -0.00402345 5.79216e-05 0.00356714 0.00637802 0.00279047 -0.00131697 -0.0125385 0.05391 0.0122827 -0.00859125 0.0131656 0.00810878 0.00242022 0.00493443 -0.0154211 0.000168903 0.016768 0.0135573 0.0123221 0.00618541 0.0146929 0.00874167 -0.0141903 -0.0081344 0.0174814 0.0272799 -0.00518797 -0.0151083 0.0107262 0.0304853 0.0102796 0.0400943 0.0247379
internal_weight=56467.2 56039 55933.1 55002 49630.8 5371.18 428.173 45700.3 17893.3 27807 14027 4926.62 5287.6 4832.62 8335.24 4722.29 931.106 4176.72 2719.97 13780.1 2661.77 454.976 9558.06 3930.47 2661.5 1752.55 908.95 10443.7 5524.91 4605.6 9100.36 1456.75 1319.51 3336.32 8799.76 5673.47 110.337 2139.22 4918.83 2103 1323.77 6275.44 4348.45 763.489 2734.55 743.272 1402.54 758.304 558.29 601.776 919.308 4896.75 2784.49 2240.63 575.469 2824.91 4650.49 1223.8 557.095 1127.93 73.1988 192.531
internal_count=227146 225313 224796 220898 199048 21850 1833 183301 71810 111491 56206 19745 21470 19637 33513 19165 3898 16741 10909 55285 10677 1833 38297 15747 10666 7016 3650 41928 22166 18480 36461 5832 5282 13357 35259 22836 472 8571 19762 8426 5304 25142 17421 3123 10946 2975 5621 3038 2236 2411 3686 19714 11181 9140 2388 11319 18724 4903 2240 4515 293 771
is_linear=0
shrinkage=0.05


Tree=12
num_leaves=63
num_cat=0
split_feature=23 32 9 23 23 30 21 30 22 19 13 2 6 22 19 9 26 3 12 3 22 3 26 22 23 6 21 9 18 9 7 9 27 25 12 21 30 2 7 23 30 26 26 22 9 7 4 30 19 26 1 30 21 7 2 2 7 3 9 12 1 19
split_gain=261.956 199.148 174.156 331.495 164.943 152.78 115.056 115.868 83.2527 75.8577 65.2139 71.5277 139.557 81.879 61.732 60.5839 60.1947 66.4055 65.0166 121.441 54.3479 43.3276 60.666 36.0939 40.5147 35.9336 35.8538 35.2764 34.4401 34.1779 38.6841 33.6305 33.4724 32.4634 31.6343 30.9641 38.56 33.6829 30.7077 69.0561 36.4333 30.5239 30.4315 30.1295 28.8971 28.6074 35.6531 28.8212 27.5494 39.7111 30.5734 28.3623 41.2856 26.8813 26.5916 26.4666 34.0903 26.4415 26.8508 28.6925 25.8954 25.4861
threshold=96.691685729331212 1.0000000180025095e-35 0.0044435854687915185 1.0000000180025095e-35 46.166210098898013 0.051982196877931215 -0.24280146281261764 0.77832922824302153 0.75780062430335948 1.8777612856549104 0.068041550675327384 83.90072816380659 0.94035161390905564 0.32156565365255513 0.38295069843919038 0.09917891622451612 19.155210131775757 1.0000000180025095e-35 0.048528481481702919 -0.0041560734451416646 0.62895669858510383 -0.019784091565977321 21.326718163872471 0.1158016823159899 44.15187920410272 0.97999501108215969 -0.043850151277070697 0.11834713752396801 0.2520148511702231 0.079561715800676641 1.6935714285714296 1.0000000180025095e-35 3.4148722049446651 20.858348851669863 0.272140576126086 -0.10437630079634856 0.46777011704183985 120.92738515093762 16.039285714285743 78.421244026243343 0.89179430074757116 12.248482658935199 39.970789379430784 0.16903655053199076 0.15626375759986272 31.980357142857152 -0.0050359027139217439 0.64087032502935382 0.51140891204197125 19.542464169281285 1240.8854514406366 0.5385980660808215 -0.15666504365487458 1.0442857142857147 564.303337586206 97.618106486411122 1.6935714285714296 -0.024130204835644788 0.21284935822969581 0.30074207866865305 448.63715799089931 0.90771400153491122
decision_type=2 2 2 2 2 2 2 2 2 2 2 2 2 2 2 2 2 2 2 2 2 2 2 2 2 2 2 2 2 2 2 2 2 2 2 2 2 2 2 2 2 2 2 2 2 2 2 2 2 2 2 2 2 2 2 2 2 2 2 2 2 2
left_child=1 2 4 14 31 16 7 23 9 10 61 12 33 57 -4 48 17 29 19 -18 -21 -17 -23 -7 -25 -15 -10 -27 -16 30 -5 -1 45 43 38 36 -24 -37 39 44 -41 -40 -20 -12 -28 -11 -47 -48 50 -50 -13 52 -51 -19 -43 56 -46 58 59 -14 -9 -8
right_child=-2 -3 3 5 -6 6 8 60 26 32 11 15 13 25 28 21 18 53 42 20 -22 22 35 24 -26 27 34 -29 -30 -31 -32 -33 -34 -35 -36 37 -38 -39 41 40 -42 54 -44 -45 55 46 47 -49 49 51 -52 -53 -54 -55 -56 -57 -58 -59 -60 -61 -62 -63
leaf_value=-0.01088485835699814 0.05993559884348576 -0.069363940255191617 0.058176961004227347 -0.063204884281302401 -0.055742373567608854 0.010046309325985346 0.010118272661080783 0.0073759506633102063 0.027078231962059159 -0.0079779956637033682 -0.0019130202081340383 -0.016417908424636325 0.0068342901161180516 0.00028506952680436997 -0.0058020961037794127 -0.0022017634128711407 0.048896981970008711 0.040468666042877313 0.0072088362530502784 0.006614936159890096 0.033525217396195038 -0.0016236415360802031 0.027162982799055924 0.033837845036959809 0.0018200418076636414 -0.0023394884592209558 0.010463693797233126 -0.013185199569570635 0.030826171535394728 -0.012093034548058592 0.012548637993721022 0.054135622487473459 -0.015434869143444555 -0.025818341828193331 -0.043747145104800475 0.030812327078051913 0.0088844084619912663 0.0040150427181414663 -0.0050524938408256963 0.013391355597496624 0.052591084038684316 -0.0013452507681834432 -0.028503505411839387 0.014523140320971246 0.03385544376296503 0.01325236792903638 -0.00068341185518974073 -0.012292348779914027 -0.0089836538690934165 0.044777573222403499 -0.0011241087773581075 -0.0074553264429828891 0.0036885695535330966 0.0076292891175715142 0.0067904203424933697 0.0055721708380129121 -0.011231069644186019 -0.018558465598893719 -0.020919431247913973 -0.047146491869923736 -0.0022055646177529639 0.00092473486733266877
leaf_weight=1143.2115080356598 181.78470905125141 103.68400357663631 200.15878862142563 17.852195978164673 234.23819564282894 476.45379856228828 1506.3590242266655 1212.8901900351048 147.93801273405552 5005.9621956348419 384.33771793544292 855.99027958512306 310.05407294631004 2034.033436819911 75.498389348387718 3488.4125071913004 298.35242556035519 65.020287230610847 1526.7774550765753 819.51654393970966 243.55858254432678 2277.4556240737438 432.14594089984894 549.24612294137478 120.89172729849815 1365.2474911510944 1105.8851731419563 1666.4798057973385 418.55512008070946 832.04091490805149 271.71230545639992 20.117681190371513 978.99848355352879 66.13482241332531 37.094343975186348 123.55407418310642 872.37125751376152 2299.3077588528395 1788.827298104763 122.29559130966663 115.89684717357159 1970.148299112916 61.93097123503685 1010.438291311264 45.025372505187988 346.4003169387579 2014.8650674670935 728.18392024934292 1361.5039498656988 63.579996392130852 529.72708050906658 595.03521850705147 1550.3669781535864 1497.7613069117069 2046.9863096177578 839.5808669179678 584.02103325724602 1978.5983079969883 190.95035715401173 26.628955706954002 1683.1815999299288 1511.5547020286322
leaf_count=4650 860 521 884 72 1075 1911 6032 4864 593 20117 1539 3436 1244 8161 304 13974 1299 265 6126 3311 987 9142 1733 2220 486 5485 4430 6697 1742 3348 1092 82 3937 265 149 495 3499 9209 7170 493 472 7889 248 4046 181 1390 8084 2923 5473 255 2123 2386 6214 6015 8195 3363 2340 7973 767 107 6748 6055
internal_value=2.7477e-05 -0.000166144 -3.81477e-05 0.000406685 -0.0174669 -3.41573e-05 -0.000941019 0.00713395 -0.00167674 -0.00275413 -0.00140279 -0.00229214 -0.00578231 -0.00851248 0.0347356 -0.000109934 0.00775807 0.00233789 0.0126881 0.0207075 0.0127876 0.00222903 0.00480386 0.0205866 0.0280705 -0.00485377 0.00267628 -0.00830305 0.0252187 -0.00694202 0.00784082 -0.00975159 -0.00669987 0.00836454 0.00225833 0.00873238 0.014945 0.00538485 0.00245742 0.00674537 0.0324997 0.000379182 0.00581185 0.00999067 0.00435948 -0.00564273 -0.00185704 -0.00376734 -0.00459101 -0.00226676 -0.0105756 0.00187115 0.00531301 0.00900129 0.00279921 -0.000234025 -0.00799109 -0.0159052 -0.00594459 0.00253726 0.00180561 0.00551543
internal_weight=56432.8 56251 56147.3 54749.8 1397.57 54055.6 48421 4042.66 44378.4 35574.7 26500.3 23482.4 9032.9 7571.99 694.212 14449.5 5634.52 2684.39 2950.14 1361.43 1063.08 9493.25 6004.83 1146.59 670.138 5065.76 8803.7 3031.73 494.054 1121.61 289.565 1163.33 9074.41 1460.91 8655.76 3727.38 1304.52 2422.86 8618.67 2812.7 238.192 5805.96 1588.71 1394.78 2574.51 8095.41 3089.45 2743.05 4956.2 3570.49 1385.72 2208.98 1613.95 1562.78 4017.13 1468.63 629.046 2506.23 527.633 336.683 2896.07 3017.91
internal_count=227146 226286 225765 219958 5807 217028 194265 16229 178036 142761 106310 94223 36284 30434 2930 57939 22763 10792 11971 5597 4298 38052 24078 4617 2706 20343 35275 12182 2046 4512 1164 4732 36451 5850 34682 14936 5232 9704 34533 11279 965 23254 6374 5585 10314 32514 12397 11007 19887 14328 5559 8855 6469 6280 16084 5884 2521 10091 2118 1351 11612 12087
is_linear=0
shrinkage=0.05


Tree=13
num_leaves=63
num_cat=0
split_feature=23 31 8 1 23 6 2 26 8 23 3 8 26 4 26 2 7 19 10 10 20 4 19 30 4 7 6 10 4 30 4 0 3 25 8 7 23 30 8 24 3 20 6 10 3 19 24 10 25 23 18 3 28 28 10 1 20 19 8 30 7 24
split_gain=242.526 160.249 157.688 228.286 120.873 97.0862 88.5072 87.3271 90.9496 83.2307 74.6079 73.263 57.5978 54.1959 61.3235 52.1965 48.2475 46.2978 46.265 43.2322 67.8921 44.9422 42.8111 40.0229 46.9687 39.9069 39.4971 39.1867 39.1115 35.9437 34.7178 34.4588 33.3892 33.3624 33.3484 32.684 43.2791 32.6417 32.136 31.2548 30.8839 30.7303 43.9836 37.5748 32.3202 29.2992 28.9537 35.3568 28.0958 27.2042 80.2798 30.0014 29.8041 27.1311 26.6381 26.4441 27.3189 26.414 26.2949 25.5698 26.6894 41.4558
threshold=96.691685729331212 1.0000000180025095e-35 0.0089999550004483085 25.657393891004357 1.0000000180025095e-35 0.92816124775315034 75.124656346470161 20.85804932482289 3.7945741732950107 46.294015756670937 -0.02993723828006899 1.7275708324114309 15.044804162956519 -0.00020664992801234603 28.994890647288166 201.88191079684898 0.85071428571428653 0.49774537483501108 0.008748913083413962 0.88363942971025622 -0.16660721949564197 -0.016500209224870926 0.50442588216667106 0.94261582323592308 1.0000000180025095e-35 3.2535714285714286 1.0381297833091427 0.036219390304847589 -0.014465639783485525 0.17045464965232676 -0.02695668301899401 296.59775286379096 -0.012310713419759707 41.211276604491232 4.2897363004132272 10.310714285714296 85.065615332681702 0.5583186101295643 2.5290511768522372 85.533720044752997 -0.022050945937005312 0.039191988407641383 0.97405246804659007 0.67280645479668388 0.0014117225295962024 0.5265879913599929 26.208096773844684 0.02434923771880294 11.944733647030967 23.389147261995088 0.25692436611916053 0.00013276314529736162 0.41353764511576296 0.24926129976546596 0.76629073818683324 9296.1311364456251 0.12166991088012293 1.4507367826228152 5.6779295131102225 0.012738864050339463 21.589285714285719 15.108945690600843
decision_type=2 2 2 2 2 2 2 2 2 2 2 2 2 2 2 2 2 2 2 2 2 2 2 2 2 2 2 2 2 2 2 2 2 2 2 2 2 2 2 2 2 2 2 2 2 2 2 2 2 2 2 2 2 2 2 2 2 2 2 2 2 2
left_child=1 2 9 12 -5 19 11 15 22 39 -10 18 16 14 30 28 -4 26 -7 20 -6 -22 -9 24 -15 32 -13 29 -8 -20 -12 -21 -14 -30 -35 36 40 46 -37 -1 -19 42 43 -40 -43 -27 -24 -48 -23 50 -18 -51 -53 -29 -49 57 -57 59 -25 -17 -61 -62
right_child=-2 -3 3 4 5 6 7 8 10 -11 13 17 25 23 -16 55 49 35 27 31 21 48 37 58 -26 45 -28 53 33 -31 -32 -33 -34 34 -36 38 -38 -39 41 -41 -42 44 -44 -45 -46 -47 47 54 -50 51 -52 52 -54 -55 -56 56 -58 -59 -60 60 61 -63
leaf_value=0.0052619828163152065 0.058375559216888542 -0.067593958704048662 0.043339135727893864 0.066850668266882615 0.022713811369335587 -0.049032746076564104 -0.039374366858623278 -0.0049669899062270411 -0.0060558644187378207 -0.05238502502512779 -0.017676807060730295 -0.00038294426303016262 0.025516359563049696 -0.017947633064646345 0.029496182978978144 0.049383906038141544 -0.0060619482095634301 0.0032388361133816306 0.041962893119784073 0.011482779406375345 -0.018336851975372725 0.018935635138208201 0.0025766217453628863 -0.040807480397833995 0.0096833340113390027 0.025883847044849084 0.032882435504175675 0.00057559295971698903 0.0041385993305976072 -0.01148697834949261 0.012665786247889298 -0.0047040251489036244 -0.0065499023335223311 0.048662795582185996 -0.0053171950181735254 0.0022708941935333355 0.062366723625549986 -0.0030928440709116962 0.0035334775189437514 -0.018894763983176469 -0.011767766926537162 0.014350896148035803 -0.011870165689529656 -0.013153269098517481 -0.0036638374560578561 0.013593160677615563 -0.039417514259982869 0.01688120366376827 0.0032345086419771209 -0.0097767897362825967 0.031594559027551948 0.0081841672248655888 -0.025336056347929278 0.036322035479921015 -0.011496058682464326 0.00012465823829385477 0.041598389576309194 -0.0061426146721398726 0.0033540692059729907 -0.0060817745830080965 0.013219233089275806 -0.0015613838606411286
leaf_weight=172.52823930978775 177.42451086640358 87.85727022588253 72.736648350954056 65.894902437925339 809.53804960846901 29.46638497710228 48.937352761626244 2907.1314644366503 750.70688179135323 167.31526671350002 98.580498084425926 2956.0606203377247 104.02065968513489 177.80170707404613 588.38169232010841 24.602843180298805 310.20115280151367 378.02233119308949 174.90085923671722 473.02488824725151 184.20686261355877 408.37697570025921 3550.5548622459173 80.488782107830048 1131.1841375082731 615.52207899093628 91.903231605887413 352.61946932971478 1900.1088045537472 38.131718620657921 2057.3691726475954 1077.560680642724 368.24973858892918 84.935888141393661 42.855852857232094 1440.4711168408394 20.449552372097969 1934.3071660399437 1088.066437497735 592.79966849088669 3628.7123628556728 269.4189293384552 3148.6358402818441 488.72377480566502 3254.6839913874865 2311.1300908476114 31.769826769828796 844.32234840095043 945.64293158054352 644.761065736413 259.89989326894283 680.18816700577736 73.324833959341049 62.453318625688553 91.39302171766758 105.84685035049915 63.677769765257835 6851.397628903389 57.579486265778542 1991.2184818387032 593.50706754624844 2360.5280835926533
leaf_count=692 860 461 300 328 3250 125 197 11656 3008 809 395 11861 423 712 2377 99 1245 1517 705 1895 738 1638 14223 323 4528 2537 372 1416 7628 153 8248 4316 1491 344 172 5780 84 7753 4367 2450 14605 1081 12653 1962 13055 9419 131 3382 3793 2594 1089 2730 294 252 366 424 255 27509 231 8002 2379 9464
internal_value=2.62443e-05 -0.000157926 -5.216e-05 0.000292261 -0.000770895 -0.000860804 -0.00150575 0.000216745 0.00296821 -0.0204391 0.00845532 -0.00431073 0.010017 0.0110556 0.0151846 -0.00258012 0.0033744 -0.0049531 0.0120573 0.00671359 0.0109926 0.00481964 7.02502e-05 0.00322117 0.00592527 0.0140042 0.00061949 0.0149385 0.00473681 0.0323713 0.0112753 0.000231153 0.000506224 0.00580566 0.0305311 -0.00619169 -0.00997862 0.00234062 -0.00461723 -0.0134426 -0.0103506 -0.0058206 -0.00845634 -0.00163589 -0.00228482 0.0161806 0.00466797 0.0123367 0.00797476 0.00189293 0.0110988 -0.00185742 0.00491273 0.00597363 0.0141033 -0.00384788 0.0157481 -0.00412946 -0.0223652 -0.00135306 -0.00160748 0.0014069
internal_weight=56394.1 56216.7 56128.8 55196.2 49756.2 49690.3 45791.9 28369.2 14301.6 932.643 4942.09 17422.7 5440.03 4191.39 2744.33 14067.6 2041.11 16765.1 657.572 3898.35 2347.76 1538.23 9359.48 1447.05 1308.99 3398.92 3047.96 628.105 2076.84 213.033 2155.95 1550.59 472.27 2027.9 127.792 13717.2 4027.18 6452.35 9690 765.328 4006.73 8249.53 4725.43 1576.79 3524.1 2926.65 4518.04 967.485 1354.02 1968.38 570.101 1398.27 753.513 415.073 935.715 11990.8 169.525 11821.3 138.068 4969.86 4945.25 2954.04
internal_count=227146 226286 225825 221874 199752 199424 183794 113806 57333 3951 19822 69988 22122 16814 11020 56473 8252 67337 2651 15630 9419 6169 37511 5794 5240 13870 12233 2526 8341 858 8643 6211 1914 8144 516 55104 16206 25855 38898 3142 16122 33118 18982 6329 14136 11956 18102 3879 5431 7952 2334 5618 3024 1668 3748 48132 679 47453 554 19944 19845 11843
is_linear=0
shrinkage=0.05


Tree=14
num_leaves=63
num_cat=0
split_feature=23 32 9 23 23 13 8 4 26 26 19 3 1 19 26 22 26 24 17 8 22 22 24 0 9 13 2 13 22 8 17 20 1 26 20 0 22 24 28 3 3 17 24 10 0 18 3 8 23 0 20 0 1 19 4 9 0 22 17 19 20 22
split_gain=224.725 175.469 145.569 281.922 145.371 132.28 127.295 124.894 83.0621 78.5594 74.2763 71.8938 56.9425 56.5402 56.2645 56.8555 51.332 49.4429 48.0371 45.7533 44.5381 43.4176 39.3585 37.3334 47.9546 34.7614 34.7094 34.6342 34.2361 32.2918 32.262 32.114 38.1008 31.8516 31.6967 31.0611 30.1522 30.1328 29.9871 31.9035 47.0617 29.7378 33.2165 29.6789 28.9763 28.5799 28.1693 27.9568 27.1152 26.4626 26.4023 26.9699 26.59 26.1194 26.0037 28.3872 26.0019 25.9305 40.9534 25.6899 25.3405 29.8454
threshold=96.691685729331212 1.0000000180025095e-35 0.0044435854687915185 1.0000000180025095e-35 46.847355426896563 0.063045485342935109 3.7945741732950107 -0.00020664992801234603 17.118353462755511 22.983702326634052 0.3517616085242527 -0.028188642487784073 121.34332297150726 0.38295069843919038 18.350930741064875 0.56552761107261551 30.32381477294491 28.470570163085089 0.9999695381990984 6.1178648590059916 0.69770249780040328 0.23221350620922351 22.267781877026472 448.65834582786073 0.079561715800676641 0.13693250706816854 128.22514499694174 0.2434283067551665 0.84386979673181128 3.235266447474126 0.13422818791946309 0.10917609807632568 673.41355674522367 32.61138483675321 -0.055122143579852172 86.710115233128548 0.3642851715047466 85.533720044752997 0.2870223995086571 -1.0000000180025095e-35 0.00013276314529736162 0.38010974453159102 24.447617191989391 0.88745684080635023 130.62575514167887 1.4701656162992267 0.0062283375518952626 4.6240303123365498 36.692400114764844 219.4699510980702 -0.091588166064870344 160.40956637763273 814.02007374346056 0.62062685006316409 -0.008524195584685158 0.26037373979556849 103.11262339493307 0.3671974832837675 0.10879458597159626 0.2815311830966048 -0.09659289714244744 0.15881254279036497
decision_type=2 2 2 2 2 2 2 2 2 2 2 2 2 2 2 2 2 2 2 2 2 2 2 2 2 2 2 2 2 2 2 2 2 2 2 2 2 2 2 2 2 2 2 2 2 2 2 2 2 2 2 2 2 2 2 2 2 2 2 2 2 2
left_child=1 2 4 13 37 8 14 9 18 22 -9 57 23 -4 27 17 -13 25 29 -15 41 50 -8 24 59 46 33 -7 -29 43 -23 32 -24 36 -22 -36 -27 -1 39 -25 -41 -12 -43 -5 -26 -46 -16 -39 -38 -45 51 -19 54 -14 55 -53 -35 -11 -59 -10 61 -58
right_child=-2 -3 3 5 -6 6 7 10 12 11 20 16 53 19 15 -17 -18 21 -20 -21 34 30 31 38 44 26 -28 28 -30 -31 -32 -33 -34 56 35 -37 48 47 -40 40 -42 42 -44 49 45 -47 -48 -49 -50 -51 -52 52 -54 -55 -56 -57 60 58 -60 -61 -62 -63
leaf_value=0.0055951647863883309 0.056902393310287125 -0.067102270676606526 0.055133966288458805 0.0030391013882501159 -0.05343959828938593 -0.0050933500879136 0.0054363197098085099 0.0094893970254419924 -0.028917342536781229 0.0065283486844244067 -0.0025789640827533628 0.013368688072324941 0.013447402960323372 0.029402828814568679 0.0027309519430500158 0.0033846612173051779 0.031870225630446079 0.021845174652917146 0.031441909249215069 -0.014429838475780688 0.031156630730132952 0.017174751482494199 -0.0093384057988802061 0.033975861803679348 -0.003087782448577896 -0.017703180378988184 -0.0046562331350794043 -0.014396479253345661 0.012475989365341838 -0.0028440758369937189 0.0025386612479149123 -0.018892108841696103 0.016185398150259028 0.031825692730111536 -0.019154403713215282 0.0019223045577514348 0.017112593155390161 -0.016424114333962982 -0.01328184188355773 -0.0088674135971987169 0.022761004235417385 -0.0055566222893425506 -0.01731054020056071 0.070700370941329013 0.0074486462175233749 0.037787265580294271 -0.01637259759582756 0.012619199265501466 -0.0093485811270727793 0.014844078243314572 -0.012302893507487096 -0.017211892031376561 0.0062305985386438192 0.0014296985833039352 -0.0017650321440231998 -0.070941637547815337 -0.029324326909265171 0.021771298153263462 -0.022081914923169344 0.027876011440512407 -0.022746100278320986 0.031370884046312962
leaf_weight=270.4410494863987 173.03169822692871 97.591207101941109 194.06579811871052 3232.0805670022964 218.73071756958961 4040.8477939069271 1344.2282975465059 1328.2520714998245 20.934277325868607 1894.0220981985331 3312.1235161572695 1828.5428215563297 571.105005428195 420.26612655818462 1717.2254313975573 3488.5296738296747 472.4080513715744 129.49561788141727 126.30319947004318 69.130988553166389 87.680738881230354 503.49575492739677 434.17260013520718 400.45724874734879 640.08927083015442 1493.8192971795797 5849.3701834380627 2091.6126267760992 125.36979030072689 3745.0010475516319 1496.7899547368288 388.531076207757 220.30011369287968 67.633072748780251 185.44256535172462 3015.5241206288338 108.53281798958778 804.29346288740635 61.063437595963478 147.00637082755566 583.11767886579037 1709.3844931423664 928.76141762733459 28.609113663434982 476.20346207916737 92.857358604669571 217.27691514790058 92.101884305477142 882.46735313534737 82.820387676358223 679.22578218579292 117.80423609912395 399.50693745911121 2175.2412776947021 233.34609793126583 31.161353379487991 28.466886222362518 73.081726133823395 194.62616194784641 353.74224175512791 93.941326051950455 69.125056102871895
leaf_count=1085 860 521 884 12964 1046 16237 5394 5325 85 7598 13291 7339 2286 1766 6877 13973 1914 519 523 280 351 2018 1745 1685 2585 6030 23469 8437 504 15021 6006 1563 884 271 744 12082 435 3307 245 589 2370 6875 3736 116 1947 388 873 369 3559 332 2727 472 1601 8709 936 125 114 293 780 1432 377 277
internal_value=2.5029e-05 -0.000150146 -3.34423e-05 0.000371881 -0.0160381 -3.18104e-05 -0.00140623 0.0018436 0.00442257 0.00710251 -0.00156492 0.0110188 0.00903807 0.032281 -0.00377822 -0.00233044 0.0171706 -0.00374293 0.000889346 0.0231992 -0.0031548 0.00132229 -0.000216565 0.0140894 0.00905289 -0.00547105 -0.00683425 -0.00785082 -0.0128741 0.000343818 0.00622591 -0.00750665 -0.000738115 -0.011475 0.00151363 0.000699139 -0.0132153 -0.00901867 0.020778 0.022623 0.0163856 -0.0057358 -0.00969699 0.00391599 0.00420397 0.0124138 0.000581984 -0.0134334 -0.00644411 0.0292803 -0.00484143 0.000715046 -0.00278077 0.00393101 -0.0122097 -0.0285249 0.00518974 0.00446789 -0.0100881 0.0246826 -0.00420139 0.0136034
internal_weight=56358.4 56185.4 56087.8 54702.2 1385.57 54018.8 41282.1 17417.1 12736.6 6849.91 10567.2 4462.68 5521.82 683.463 23865 17607.2 2300.95 14118.7 7214.81 489.397 9238.92 3590.83 2387.23 2775.47 1583.83 10527.9 8593.36 6257.83 2216.98 7088.51 2000.29 1043 654.473 2743.99 3288.65 3200.97 2484.82 1166.84 1191.64 1130.58 730.124 5950.27 2638.15 3343.51 1209.15 569.061 1934.5 896.395 991 111.43 1590.54 911.314 781.819 2746.35 382.312 148.966 259.166 2161.73 267.708 374.677 191.533 97.5919
internal_count=227146 226286 225765 219958 5807 217028 165751 69914 51277 27510 42404 17924 22321 2930 95837 70659 9253 56686 28956 2046 37079 14404 9586 11326 6437 42282 34532 25178 8941 28433 8024 4192 2629 11063 13177 12826 10024 4761 4889 4644 2959 23902 10611 13412 4920 2335 7750 3676 3994 448 6380 3653 3134 10995 1533 597 1039 8671 1073 1517 768 391
is_linear=0
shrinkage=0.05


Tree=15
num_leaves=63
num_cat=0
split_feature=23 32 8 1 17 26 22 4 8 23 3 23 3 19 26 3 12 23 3 18 22 7 7 25 22 19 26 22 19 19 25 12 19 26 28 28 10 12 10 30 2 20 8 19 23 30 28 8 8 22 10 24 28 7 28 7 12 20 25 12 3 26
split_gain=211.661 168.2 134.462 203.119 108.194 79.8566 117.317 70.6218 105.376 80.3822 78.7399 69.675 59.476 52.1198 48.4361 47.7556 140.052 59.6185 132.347 95.1846 44.0682 39.832 39.4222 38.8769 48.4051 38.2923 34.9833 34.7946 34.7439 31.8358 31.5394 66.3487 30.3066 29.8082 34.9888 37.4696 29.4176 29.3012 28.8946 28.0298 26.9637 34.4929 32.8705 33.0782 31.3493 38.3088 35.8564 26.6001 26.4958 26.4384 25.7357 25.5861 25.3665 32.9485 25.0019 35.4762 24.7185 29.9995 26.5868 24.5817 24.268 23.901
threshold=96.691685729331212 1.0000000180025095e-35 0.0089999550004483085 25.657393891004357 0.9999695381990984 24.564793627087212 0.57753102740399198 -2.5972053786314715e-07 3.688639144897675 29.913952419418063 -0.027096583472524558 46.294015756670937 -0.010373900600535963 0.19301479106567687 17.4480020264178 -6.4572071706722038e-06 0.058392572407798209 1.0000000180025095e-35 0.00013276314529736162 0.25692436611916053 0.33102012884470938 41.571428571428562 26.489285714285717 20.549130866834012 0.80833790523128846 0.24838439478925314 47.144160928016277 0.2110259257098365 0.6347436242908826 0.47670174655323272 26.89060206839957 0.018339707402207372 1.0715658803486459 28.107209062640369 0.22140576637429327 1.2498078842440254 0.16297553920643906 0.63190727024324633 0.9541665393090456 0.067900811513839365 80.664732346369973 -0.016274070136660598 2.1773229168330066 0.38295069843919038 51.887778318089552 0.26216253121098632 0.24330415052764312 2.3380278236693042 0.93780727377094208 0.17880888587965141 0.36919180338120955 17.201680855398031 0.15944551965056433 4.6107142857142875 0.0011153747627356443 2.1678571428571414 0.090413106744120772 0.013702937873563805 39.515070366124171 0.026453003004162579 -0.014101247786087862 10.758652587501649
decision_type=2 2 2 2 2 2 2 2 2 2 2 2 2 2 2 2 2 2 2 2 2 2 2 2 2 2 2 2 2 2 2 2 2 2 2 2 2 2 2 2 2 2 2 2 2 2 2 2 2 2 2 2 2 2 2 2 2 2 2 2 2 2
left_child=1 2 11 15 5 6 22 8 12 21 -10 32 28 -6 23 16 -4 19 -19 25 29 -9 56 61 52 -17 50 -12 -7 -11 31 -20 -1 -29 -35 -36 59 -30 -23 -31 42 -42 -16 -44 -43 -46 -47 -32 -26 -14 -18 -48 53 -25 -22 -56 57 -5 -58 -24 -38 -8
right_child=-2 -3 3 4 13 7 14 9 10 20 27 -13 49 -15 40 17 26 18 30 -21 54 38 36 24 48 -27 -28 33 37 39 47 -33 -34 34 35 -37 60 -39 -40 -41 41 44 43 -45 45 46 51 -49 -50 -51 -52 -53 -54 -55 55 -57 58 -59 -60 -61 -62 -63
leaf_value=-0.0086025820317502198 0.054615055413967134 -0.065932658799976063 0.041800977997679588 0.0012534108209214404 0.057784487326348215 -0.0081369813666464855 0.045156837268732694 0.018186451001349694 0.0043813155068482927 -0.00059213391857812297 0.0057614989346782865 -0.049555631615567294 -0.015088528420544088 0.012027869284338584 0.018947700555026668 0.031594329560351311 0.019172989715826191 -0.0091556805355290493 0.040557539300233966 0.032598088419087297 -0.044857328254059456 0.00730676525562695 -0.023035698482132216 0.032587697706210526 0.071410246695621737 -0.0049382283653180642 -0.05865292952115056 0.015310193118054467 0.0046782099876276307 0.025102026490517394 0.032131374028288417 0.010332763851775784 -0.035948010080059808 0.00053917228281952342 0.037862306683148605 -0.010277755066160819 0.0033783674197812134 -0.026877507821681149 -0.022500714473213567 -0.012386150510663949 0.017956575436010862 -0.003024920760888665 0.018971178585304282 -0.003783609411161435 0.017039766913275124 -0.014660321644535632 0.017381597165191342 0.0039119494223100989 0.00088224357452086762 0.01087324765056407 -0.001738214400719335 0.0024482574084515028 -0.0075357145021840363 -0.0012090352513628934 0.017762931813331734 -0.00094811985629429858 -0.0094019976886339524 -0.0092581569481515556 -0.059161863981440202 0.0056420007167679344 -0.0061037578427921022 0.0071615178944787975
leaf_weight=653.87404546141624 176.19058372080326 97.222582772374153 408.81117716431618 1386.7900805473328 109.13772960007191 1979.8844999521971 44.164157301187515 723.74317547678947 2270.2637660354376 1014.2678064256907 433.57905884087086 155.40871539711952 106.77087086439133 145.61808940768242 202.53557258844376 87.635488048195839 242.22767014801502 1233.7506487965584 246.33023212850094 520.44343495368958 31.106871098279953 268.15657238662243 79.306567624211311 82.378973141312599 13.258551612496374 392.66641214489937 21.218618422746658 786.15069258213043 1129.4974934905767 50.973054319620132 90.268489122390747 693.19535551965237 120.0710923075676 89.357009202241898 533.27965733408928 43.521521687507629 814.06410406529903 78.560061261057854 116.52094301581383 1982.0889744013548 545.68180376291275 1002.6211263984442 172.61639733612537 2114.1766472011805 733.46499627828598 236.79359740018845 385.1962233632803 1113.965415507555 4478.414095595479 1172.6652917563915 373.56016162037849 1126.8903535455465 4199.2627546042204 572.17534090578556 267.25213716924191 4828.5030626803637 6098.0641612261534 1327.9847906827927 26.905642494559288 1254.1146515905857 3925.2345190942287 655.00636312365532
leaf_count=2682 899 538 1795 5580 508 7938 177 2912 9109 4071 1743 787 428 590 816 356 974 4958 1012 2218 138 1075 318 335 56 1576 85 3155 4525 205 369 2799 511 359 2166 175 3265 315 467 7968 2185 4014 691 8477 2936 948 1542 4488 17948 4697 1500 4512 16859 2294 1073 19353 24585 5347 111 5033 15774 2625
internal_value=-8.57216e-05 -0.000257739 -0.000143495 0.000174759 -0.00082902 -0.000996812 -0.00251336 0.00166884 0.00492679 -0.00135727 0.010657 -0.0190027 -0.000403258 0.0316647 0.000382618 0.00936153 0.0189634 0.00706645 0.00388836 0.0177861 -0.00307113 0.0112764 -0.00573051 -0.00179535 -0.00264662 0.00172225 0.0042948 0.0182086 -0.00405917 -0.00783293 0.0113977 0.0182661 -0.0128556 0.0219205 0.0297105 0.0342202 -0.00262755 0.00261995 -0.00171259 -0.0114426 0.00373873 0.00626566 -0.000350878 -0.00206305 0.00443318 0.00744752 0.00342102 0.0060339 0.00109313 0.00870178 0.00648112 0.00625665 -0.00610832 0.00304115 -0.000239712 3.25487e-05 -0.00786155 -0.00388684 -0.00962236 0.00393102 -0.00447393 0.00957481
internal_weight=56264.8 56088.6 55991.4 55062.1 49638 49383.2 31477.1 17906.1 8623.53 9282.61 4156.15 929.354 4467.38 254.756 16564.6 5424.07 1045.82 4378.26 3377.51 1000.75 8174.19 1108.42 14912.5 10044.7 9345.49 480.302 637.006 1885.89 3187.94 3047.33 2143.76 939.526 773.945 1452.31 666.158 576.801 6072.72 1208.06 384.678 2033.06 6519.98 4030.65 2489.33 2286.79 3484.97 2482.35 1748.88 1204.23 4491.67 1279.44 615.788 1512.09 4853.82 654.554 5126.86 5095.76 8839.74 2714.77 6124.97 1333.42 4739.3 699.171
internal_count=226945 226046 225508 221528 199398 198300 126428 71872 34610 37262 16707 3980 17903 1098 66415 22130 4354 17776 13626 4150 32808 4454 60013 40294 37492 1932 2559 7598 12778 12244 8668 3811 3193 5855 2700 2341 24390 4840 1542 8173 26121 16137 9984 9168 13952 9938 7002 4857 18004 5125 2474 6054 19488 2629 20564 20426 35623 10927 24696 5351 19039 2802
is_linear=0
shrinkage=0.05


Tree=16
num_leaves=63
num_cat=0
split_feature=13 8 19 26 21 30 32 6 22 6 12 3 22 10 3 22 21 28 7 3 6 26 20 26 25 30 9 12 6 28 2 19 9 22 20 21 10 9 11 12 30 21 25 4 30 25 22 4 11 13 26 8 30 30 9 3 22 22 7 7 0 4
split_gain=178.801 177.726 221.641 119.486 84.4787 80.7332 71.9751 68.1847 62.6032 62.3732 58.7279 57.2738 51.32 46.9338 45.6758 45.396 58.9217 44.959 42.2577 39.4849 39.3186 39.0051 38.219 38.0013 36.4451 33.7877 33.3448 31.179 29.579 29.3118 28.7297 28.7297 31.8772 28.5856 44.9283 36.2384 36.0897 31.0831 29.8139 27.737 27.5409 49.4828 29.8062 27.5127 33.3062 39.1809 27.4624 27.4295 27.411 26.7575 26.683 26.6341 27.2246 26.5082 26.305 25.8638 25.8226 25.4014 25.2908 24.8937 24.3384 24.2774
threshold=0.063045485342935109 0.0089999550004483085 1.0000000180025095e-35 23.57692210850556 -0.22479894803269054 0.77832922824302153 0.12296050791546521 1.0151021670842257 0.77122059466990056 1.0136370455798851 0.17263440014678516 -0.015757183867935346 0.15401041643615662 0.0050125348267178868 0.013143498437623077 0.54490813327853471 -0.12653699574933117 0.028131069484978982 8.6500000000000004 0.0022611132707625816 0.95777142902641388 32.160422303196931 0.059533887963379557 17.530546882481364 1.0000000180025095e-35 0.94639711186864706 0.0044435854687915185 0.22673686850685779 0.95370708400089244 0.41353764511576296 755.43948491203798 1.3408025908293979 0.029706585748008097 0.34952177676851537 0.030751630306936287 -0.024201740406571356 0.16297553920643906 0.076587852335657139 0.19755628206932449 0.042222650141198241 0.34152482177725257 -0.15918782037188164 24.565930546906319 0.0089746487650903053 0.5895587280986373 26.273353262244225 0.40563018679720175 -1.0000000180025095e-35 0.17320586838154808 0.71245210156314565 14.214671674721 6.3459270866857826 0.13104686435956173 0.66056720016071802 0.1923472627711991 0.0030964922598266946 0.79394384435713927 0.31855627316858109 8.9642857142857171 3.3789285714285717 2528.4509113698255 -0.025312885591369575
decision_type=2 2 2 2 2 2 2 2 2 2 2 2 2 2 2 2 2 2 2 2 2 2 2 2 2 2 2 2 2 2 2 2 2 2 2 2 2 2 2 2 2 2 2 2 2 2 2 2 2 2 2 2 2 2 2 2 2 2 2 2 2 2
left_child=1 24 13 6 5 12 8 10 17 15 11 -4 29 -3 22 19 53 -2 -15 40 -18 54 -11 51 -1 46 -13 -22 -12 -5 43 -28 -33 34 -25 55 37 39 61 -35 41 47 -43 44 45 -9 -16 -6 -34 -7 58 52 -19 -17 -14 -36 -46 -47 -10 -54 -23 -38
right_child=3 2 7 4 9 49 -8 30 50 14 28 26 21 18 25 16 20 23 -20 -21 27 60 -24 33 -26 -27 31 -29 -30 -31 -32 32 48 36 35 -37 38 -39 -40 -41 -42 42 -44 -45 56 57 -48 -49 -50 -51 -52 -53 59 -55 -56 -57 -58 -59 -60 -61 -62 -63
leaf_value=-0.0016724522827166279 -0.068454112573688192 -0.020940438117774948 0.035619441466257805 0.0013100124095643366 0.032089129513894983 0.0053938379716123213 -0.063871379754073018 0.011930453376362768 0.0094711450014769629 0.011614285106784233 0.0075992104371363813 -0.0041843625196208104 0.027335725003744683 0.060627378266635334 -0.025554343313712414 0.042146386254465408 0.013286686883963013 -0.00077501002284821325 0.017949871033834757 -0.016218768038580252 0.00020794342471665476 0.048246438627960832 0.038325673808663883 -0.0058889036152877808 -0.023591021456895764 -0.048861368342656503 0.013669902800178241 -0.032072521812218917 -0.019432320225068484 0.021851752329512544 -0.0048085576284781365 0.044667950360048385 0.0053197489006566795 -0.018996539471194066 -0.011316645145605542 0.015814865675866058 -0.032404331734707803 0.015616705649843705 0.028441246845955944 0.0034398603507674839 -0.004240499343939671 -0.0014975389847204533 0.021926914982517452 0.011264136065953771 -0.010394695068839509 -0.055033929488184911 0.0094067393311431033 0.0026058585408265736 -0.040618682981509134 -0.0058678534257505634 0.0048052808488109758 0.01537726912528458 -0.022753185422454088 -0.0077102202616552047 0.0013538643927379205 -0.048536316641565484 0.001816033951164699 0.001589934276340677 -0.0066725114217201405 -0.0094215957332916996 0.0008302365247275581 -0.0037063890898109452
leaf_weight=272.84773360192776 28.175608992576599 24.577578946948051 218.46056169271469 518.56147573888302 187.57585994899273 1876.367677628994 50.522599726915359 1234.7962267994881 299.79081448912621 538.91466604173183 166.51159434020519 410.52902905642986 260.95509898662567 245.98763188719749 72.087639465928078 138.4694809615612 627.40777580440044 856.3434054851532 76.505884632468224 530.62807008624077 1980.2393911927938 223.79457837343216 178.61892081797123 3271.3587493896484 625.79555055499077 36.781240805983543 2960.5691192895174 77.629687815904617 256.95972676575184 261.45705579221249 1303.5975099503994 50.610998943448067 1672.2380523085594 160.84488843381405 70.60960453748703 39.754049718379974 74.490828633308411 462.77946223318577 71.313515529036522 955.55749686062336 6712.5470519959927 3749.0197787731886 140.79385679960251 934.11163854598999 794.83171571791172 19.850647047162056 252.78903411328793 136.79941113293171 32.994404375553131 733.23789978027344 2407.0583167225122 113.71866820752621 379.0924122184515 32.77716638147831 156.0957900583744 140.33518460392952 949.60926215350628 2666.4668948352337 1266.2883966714144 4686.081804767251 31.032886758446693 6514.4734330028296
leaf_count=1106 137 102 957 2083 753 7533 296 4985 1207 2164 667 1663 1058 1249 293 560 2513 3443 347 2149 7941 912 717 13178 2742 148 12053 312 1029 1053 5231 221 6781 645 284 160 299 1858 286 3837 26951 15042 565 3752 3188 80 1017 549 134 2940 9641 458 1535 132 631 568 3813 10732 5081 18886 126 26172
internal_value=-8.12913e-05 0.00461044 0.00599248 -0.00177598 0.00107377 0.00748811 -0.00431369 0.00499022 -0.00417513 -0.000618379 0.00912329 0.0105437 0.0169391 0.0454472 0.0109719 -0.00149264 0.00414581 -0.00544025 0.0505271 -0.00289887 0.00232977 0.0270702 0.0182751 -0.00533982 -0.0169426 -0.00350487 0.00947353 -0.00100885 -0.00879226 0.0082038 0.00197263 0.0106635 0.00559091 -0.00368396 -0.00745464 -0.0278555 -0.00207146 0.00472277 -0.0036832 0.000201462 -0.00225143 0.000915697 -0.000647851 0.00331289 0.00200086 0.00455843 0.00162828 0.0196751 0.00442563 0.00222755 0.00149938 -0.00856583 -0.00902674 0.0325756 0.0176258 -0.0361127 -0.00374504 0.00116762 -0.00357857 -0.0104208 0.0424943 -0.00403208
internal_weight=56221 14917.9 14019.2 41303.2 19454.6 4061.5 21848.6 13672.1 21798.1 15393.1 5768.87 5345.4 1451.9 347.071 1079.19 14313.9 2856.52 17824.9 322.494 11457.4 2685.28 671.878 717.534 17796.8 898.643 361.658 5126.94 2057.87 423.471 780.019 7903.26 4716.41 1755.84 11761.5 3522.06 250.699 8239.46 1579.18 6660.28 1116.4 10926.7 4214.19 3889.81 6599.67 5665.55 3921.11 324.877 324.375 1705.23 2609.61 3973.14 6035.24 5921.52 171.247 417.051 210.945 1744.44 2686.32 1566.08 5065.17 254.827 6588.96
internal_count=226945 60832 56984 166113 78142 16336 87971 55286 87675 61806 23505 21809 5863 1698 4339 57467 11458 71746 1596 46009 10766 2727 2881 71609 3848 1458 20852 8253 1696 3136 31781 19189 7136 47287 14190 1012 33097 6340 26757 4482 43860 16909 15607 26550 22798 15797 1310 1302 6915 10473 15929 24322 23864 692 1689 852 7001 10812 6288 20421 1038 26471
is_linear=0
shrinkage=0.05


Tree=17
num_leaves=63
num_cat=0
split_feature=13 8 19 26 21 30 6 31 22 6 12 3 22 10 2 28 7 22 21 3 30 6 26 3 25 7 24 30 9 6 12 25 28 6 9 6 6 20 19 9 30 2 10 20 22 9 30 21 20 25 2 8 9 8 26 22 8 12 20 22 10 27
split_gain=161.561 160.901 205.539 107.92 76.3068 73.0662 61.646 61.5229 56.5839 56.3996 53.0557 52.5236 46.7623 43.6364 42.6672 41.9827 40.7068 39.9037 59.034 36.8596 38.6655 36.7668 34.8998 34.6713 33.2726 32.6119 31.375 30.3232 30.1204 30.0185 29.667 28.9499 28.7219 35.3804 27.3419 27.1649 26.7095 26.2429 26.5407 30.9062 27.2719 25.9328 25.908 25.3267 24.9874 24.6985 24.6258 46.2818 29.2986 27.234 24.3614 24.1142 23.9691 23.8989 23.4307 24.1456 23.3768 24.7325 23.3525 23.2524 23.1244 23.3502
threshold=0.063045485342935109 0.0089999550004483085 1.0000000180025095e-35 23.57692210850556 -0.22479894803269054 0.77832922824302153 1.0151021670842257 1.0000000180025095e-35 0.77122059466990056 1.0116982444029066 0.17263440014678516 -0.015757183867935346 0.26505843604063778 0.0050125348267178868 1.0000000180025095e-35 0.028131069484978982 8.6500000000000004 0.53881501888809991 -0.12653699574933117 0.013735025864047032 0.95039043509965981 0.95777142902641388 14.942778788140282 0.0022611132707625816 1.0000000180025095e-35 26.489285714285717 17.015521071065937 0.66056720016071802 0.0044435854687915185 1.0155598638042067 0.22673686850685779 20.62425088112396 0.42413968262546431 0.91157665478851524 0.15272318937339754 1.0002814684515469 0.95112029780669383 -0.14295336066469774 1.1809376923034256 0.034356765179503854 0.036237853066876782 755.43948491203798 0.16297553920643906 -0.10194857760444563 0.63875368685585765 0.089618613878616651 0.34152482177725257 -0.17558151635892291 -0.16660721949564197 22.121293432604926 1000.0007100714164 5.8758392915399096 0.21978508402017574 5.0082939295589455 30.814084890877243 0.27790252834667217 4.0069297077229775 0.029321236961247728 -0.023710248381392404 0.65145464162937816 0.40878335904908858 -3.9559132292914927
decision_type=2 2 2 2 2 2 2 2 2 2 2 2 2 2 2 2 2 2 2 2 2 2 2 2 2 2 2 2 2 2 2 2 2 2 2 2 2 2 2 2 2 2 2 2 2 2 2 2 2 2 2 2 2 2 2 2 2 2 2 2 2 2
left_child=1 24 13 7 5 12 10 8 15 17 11 54 32 -3 34 -2 -15 23 27 -16 44 -20 31 46 -1 51 -10 -19 53 -14 -23 -17 43 -34 -11 -28 -12 -30 -39 40 -40 -8 -27 -5 -21 -7 47 -6 -49 -50 -26 -24 58 -13 55 -4 57 -44 -35 -43 -47 -62
right_child=3 2 6 4 9 45 41 -9 26 14 36 28 29 16 19 22 -18 18 21 20 -22 30 25 -25 50 42 35 -29 37 -31 -32 -33 33 52 -36 -37 -38 38 39 -41 -42 59 56 -45 -46 60 -48 48 49 -51 -52 -53 -54 -55 -56 -57 -58 -59 -60 -61 61 -63
leaf_value=-0.0015891236269921995 -0.066932759506216161 -0.019942170298896292 -0.013235285929758124 0.010086416890899265 0.025271198392704197 -0.01652918032775411 0.0031476621306329717 -0.062627558335953001 0.013518271943127685 0.010136277183965816 0.0080627542581215156 -0.010451764818192849 0.036609070675756937 0.059223283542266553 0.022479801758126486 0.0036668614720178939 0.017130199149772027 0.041777533126481206 0.012269369655037431 -0.0054721834851289312 -0.054386455908750769 -0.00013353656820855574 -0.006682135119939165 -0.015734034832837664 -0.020117678069861481 0.0050344184424786212 0.011955877407701839 -0.0096829061142857231 -0.041894197648575916 -0.037035888356240138 -0.031446951333084637 -0.012237911416771427 0.045795936424600919 0.030661958302550547 -0.020640642787857336 -0.0018094828970180818 -0.017947523161579274 0.013712248572990743 0.055922877418618157 0.0047113882858645893 0.0035341165393308806 -0.021320976316849937 0.013674045462476395 -0.013714709951674993 0.025800731231890375 0.016811278425161787 -0.0041022681682022369 0.022685436487970265 -0.0024429964681266549 0.01241508949220267 -0.063103648211316074 0.0067237136504135486 -0.0066426528531483486 0.018506715047643566 0.057431066220202442 0.034124669967888148 0.0014429598612977473 -0.0065360942169362521 -0.040972140712794688 -0.0019012296464836515 -0.012868656006166997 0.0034878752054511037
leaf_weight=272.80356602370739 27.397275328636169 24.52388721704483 35.514425337314606 632.86329397559166 184.58742679655552 166.10818625986576 6598.8606468588114 44.721485897898674 471.74230964481831 131.4563457518816 156.0164108723402 318.86266013979912 299.40456530451775 239.3989727050066 596.41110128164291 324.7095315605402 76.171824768185616 143.69144992530346 654.12457785010338 162.31256350874901 28.47821219265461 1999.3118431866169 8346.849478289485 495.9269098341465 586.96538750827312 1244.3555122315884 405.19849109649658 35.515155300498009 23.975907489657402 14.362337380647658 78.529033362865448 2375.6474800854921 115.59977175295353 139.87718223035336 159.42035715281963 3096.6316637545824 267.42909601330757 2645.9423043578863 56.918134167790413 1942.172900095582 44.424767300486565 178.68881498277187 158.86863397061825 135.49432423710823 105.00174050033092 283.52173773944378 6640.5023582726717 133.48060730099678 3503.6949672102928 338.01403868198395 34.988601073622704 349.04379177093506 99.871973872184753 91.562999695539474 72.235389485955238 108.75748394429684 1877.2084682285786 3115.7197429537773 12.240583688020704 1124.7261851876974 246.10054944455624 1913.6283202320337
leaf_count=1106 137 102 153 2547 742 666 26550 275 1889 528 625 1296 1225 1249 2395 1308 347 583 2620 657 115 8018 33639 2011 2558 4993 1623 143 98 58 316 9589 469 567 642 12420 1071 10785 250 7878 178 721 638 545 421 1142 26665 535 14058 1357 184 1403 402 367 330 474 7538 12519 50 4510 988 7677
internal_value=-7.7143e-05 0.00438565 0.00569916 -0.00168792 0.00102059 0.0071189 0.00474307 -0.0041004 -0.00397979 -0.000587488 0.00867534 0.0100266 0.016119 0.0440907 0.00990045 -0.00518292 0.0490874 -0.00146126 0.0037577 0.0153234 0.000874246 0.00193161 -0.00508718 -0.00280671 -0.0161683 -0.00414987 0.00141449 0.0315515 0.00900553 0.0332114 -0.00132085 -0.0103235 0.0113909 0.0228885 -0.0067157 -0.000214963 -0.00835272 0.010137 0.010405 0.00611993 0.0330331 0.00187422 -0.00143874 0.00588151 0.00679825 0.00211628 -0.00221251 0.000803044 -0.000332481 -0.00113411 -0.0225537 -0.00614339 0.0123459 -0.00397622 0.0341524 0.0224307 -0.0030033 -0.00555367 0.0248417 -0.0045688 0.00338659 0.00162123
internal_weight=56188.6 14900.9 14006.2 41287.6 19449.5 4059.07 13666.1 21838.1 21793.4 15390.5 5763.81 5340.37 1449.71 340.095 1183.08 17819.8 315.571 14207.4 2911.17 892.204 295.793 2731.97 17792.4 11296.2 894.758 15092 3973.57 179.207 5123.86 313.767 2077.84 2700.36 1135.95 367.59 290.877 3501.83 423.446 4713.43 4689.46 2043.52 101.343 7902.28 6396.15 768.358 267.314 2609.36 10800.3 4159.78 3975.19 3841.71 621.954 8695.89 251.99 410.426 216.507 144.272 5151.8 3274.59 152.118 1303.42 2443.25 2159.73
internal_count=226945 60832 56984 166113 78142 16336 55286 87971 87696 61806 23505 21809 5863 1698 4758 71764 1596 57048 11680 3588 1193 10954 71627 45368 3848 60730 15932 726 20852 1283 8334 10897 4580 1488 1170 14043 1696 19189 19091 8306 428 31781 25688 3092 1078 10473 43357 16692 15950 15415 2742 35042 1019 1663 957 627 20695 13157 617 5231 9807 8665
is_linear=0
shrinkage=0.05


Tree=18
num_leaves=63
num_cat=0
split_feature=23 32 17 8 1 6 23 19 3 12 23 3 9 30 1 9 28 8 17 9 21 30 12 21 8 26 12 6 30 10 9 19 26 10 26 28 21 9 10 30 28 1 26 10 9 11 21 21 28 10 10 20 28 23 30 21 6 10 27 7 10 9
split_gain=169.28 147.734 103.092 100.872 150.247 77.5892 74.6024 56.09 43.9218 120.6 47.4103 120.82 64.3799 43.2616 43.2865 45.5436 38.6652 38.4341 37.2835 37.2485 34.9692 64.165 50.4553 36.6803 44.5032 60.7125 39.769 36.8627 35.3383 34.6418 34.2344 32.9243 32.178 31.4729 31.1277 29.8107 30.894 31.6978 39.7983 33.6953 32.0866 29.2355 29.1117 41.997 60.3165 26.5498 25.8327 25.0877 27.1015 26.2931 24.9474 28.509 24.5365 24.5031 24.3841 46.1239 23.1799 23.1075 22.9549 22.8871 22.5984 22.4536
threshold=96.691685729331212 1.0000000180025095e-35 0.9999695381990984 0.039706324761875252 25.657393891004357 0.92816124775315034 46.294015756670937 0.19301479106567687 -6.4572071706722038e-06 0.058392572407798209 1.0000000180025095e-35 1.0000000180025095e-35 1.0000000180025095e-35 0.11942845499465134 170.2984706982883 0.17799838683969746 0.16784207243161828 6.1862701009468823 1.0000000180025095e-35 1.0000000180025095e-35 -0.18463115345709338 0.6644897828625046 0.27952236591518148 0.069885617158091842 4.0754187012914462 12.796050042714279 0.12290267241061399 0.98543230327586107 0.30168544645393436 0.032007500868710841 0.086055984414605491 0.19301479106567687 47.144160928016277 0.095701675430700975 24.564793627087212 0.47497433384573901 -0.60587906758166743 0.21121422982436691 0.71189435405030121 0.78227272053482766 0.60389933114314642 622.38193118464403 17.782645799897193 0.90303562896730605 0.39585138187143482 0.0945291732668469 -0.038919092782071278 0.11393686954735595 0.16475916014574585 0.16297553920643906 0.7079721141277403 -0.16660721949564197 0.15944551965056433 75.331657355658692 0.040034843205574919 0.0084060449133986932 0.96656513202220018 0.016589875843509818 -2.6292721377505148 7.0971428571428605 0.36919180338120955 0.094366865283347007
decision_type=2 2 2 2 2 2 2 2 2 2 2 2 2 2 2 2 2 2 2 2 2 2 2 2 2 2 2 2 2 2 2 2 2 2 2 2 2 2 2 2 2 2 2 2 2 2 2 2 2 2 2 2 2 2 2 2 2 2 2 2 2 2
left_child=1 2 3 6 8 18 19 -4 9 -5 12 -12 -10 14 15 29 -16 -14 -6 31 21 -15 23 24 53 -26 42 58 52 46 -13 -1 60 -9 -23 -36 -37 39 -39 -38 -41 -30 43 44 57 -20 -7 48 54 -49 51 -47 -27 -22 55 -31 -32 -25 -28 -18 -11 -42
right_child=-2 -3 7 4 5 13 -8 33 10 32 11 30 17 20 16 -17 59 -19 45 -21 22 34 -24 26 25 28 27 -29 41 47 56 -33 -34 -35 35 36 37 38 -40 40 61 -43 -44 -45 -46 50 -48 49 -50 -51 -52 -53 -54 -55 -56 -57 -58 -59 -60 -61 -62 -63
leaf_value=-0.0055257476564299184 0.050829490651785693 -0.064107058073736289 0.051825021940329577 0.038790504323730275 -0.024035671275029685 -0.014128092426576477 -0.045235405132892426 -0.059070176624987272 -0.00051957456620283036 0.017715104107847532 -0.0096441012458565317 0.029923899161974455 0.030802066812447335 0.011894616733585703 -0.0006206958230251464 -0.043685930460675912 -0.03040586236326678 -0.0078393539676840564 -0.018939807439883313 0.050850563396870531 -0.0051720595969497341 -0.0078874457341282234 -0.018433913321901481 0.038675392736091843 -0.022594929723837486 -0.026185567318686778 0.00797405712952475 -0.013169418912797708 -0.0039394293215088329 0.00208924932957181 0.057647954292860584 -0.02952678055464027 -0.056722144654091811 0.016004362958001984 -0.0070456968160496174 -0.015618206832276433 0.039639890948898665 -0.044697226975197263 0.0033135669922871643 -0.0032350445686147446 -0.0079906937385649003 0.0045754168431458644 0.0040068772814633594 0.00674258758893281 -0.089995346081986727 0.03053837095718703 0.055463763080907572 -0.059872945703487085 0.039942247269039444 0.015700733958673333 0.0048456374447732077 0.009802734685453519 0.012765439503489108 0.026599932882250522 0.0012593355294847246 0.059736503875645545 0.0074744313400763518 -0.0027763031926298937 -0.0055459028256943767 0.015568262427522557 -0.0018990560529266302 0.023897429970820106
leaf_weight=567.82541348040104 162.75457559525967 90.24669922888279 140.37250502407551 398.55472226440907 101.06151044368744 15.668207824230192 181.04008604586124 15.120214775204657 378.73709321022034 241.5940809994936 1214.9025536030531 198.21037459373474 510.40505032241344 1227.7327773571014 4150.9280922859907 31.879745244979858 28.335194572806358 73.363255620002747 98.062712371349335 24.543107032775879 15154.297052353621 1207.0185867100954 491.96545457839966 33.688789620995522 274.60737784206867 42.384768396615982 483.7904449403286 1069.5125655084848 2398.5078827887774 80.948849871754646 23.238530367612839 191.22479532659054 21.180695727467537 166.28870388865471 603.25877285003662 145.08991576731205 116.3673895150423 47.970706269145012 422.17080871760845 261.55815544724464 64.898011401295662 1738.6639213263988 4438.182257682085 1402.0422889888287 19.686766132712364 208.46205627918243 84.219059705734253 23.408393934369087 93.783851325511932 22.329445570707321 2670.3988992571831 816.57642263174057 809.8823360055685 60.779731869697571 268.97538317739964 60.888125494122505 1894.962908282876 6222.5000522583723 893.52374519407749 541.4018729031086 373.20961230993271 359.68140722811222
leaf_count=2332 899 538 675 1795 405 63 931 70 1518 974 4880 813 2197 4953 16662 128 114 299 393 114 60972 4866 1980 135 1107 170 1940 4297 9652 325 98 827 85 675 2426 582 475 193 1695 1051 260 6985 17785 5622 79 841 344 94 377 90 10714 3284 3252 244 1080 248 7666 24971 3585 2173 1500 1447
internal_value=-7.31809e-05 -0.000221322 -0.000117982 -0.000281473 1.53705e-06 -0.000860652 -0.0163084 0.0280969 0.00797755 0.0172279 0.00574729 0.00292115 0.0155223 -0.00144183 0.00275722 0.0145306 0.00105473 0.0259369 0.00591179 -0.00961384 -0.00200927 0.00216551 -0.00253291 -0.00230947 -0.00367364 0.000288123 -0.000390756 -0.00620515 0.00154898 0.0173989 0.0101366 -0.0115819 0.0037033 0.00969035 -0.00153354 0.002259 0.00622197 0.00871685 -0.00158303 0.0147566 0.010524 -0.000359797 0.000783082 -0.00107979 -0.00282821 0.00671154 0.0444944 0.0124647 0.0156854 -0.0229146 0.00739407 0.0140272 0.0108196 -0.00504464 0.0101272 0.0268961 0.00808785 -0.00255168 -0.000793066 0.0132681 0.00580205 0.0190107
internal_weight=56154.9 55992.1 55901.9 55580.1 54615.4 49287.1 964.633 321.781 5328.36 1034.54 4293.82 3331.31 962.505 45392.5 5402.77 682.101 4720.67 583.768 3894.56 783.593 39989.8 4455.75 35534 35042 20479.1 5264.05 14562.9 2446.83 4989.44 650.221 2116.41 759.05 635.984 181.409 3228.01 2021 1417.74 1272.65 470.142 802.505 686.138 4137.17 12116.1 7677.92 6275.88 3793.5 99.8873 550.334 504.596 45.7378 3695.44 1025.04 852.267 15215.1 410.812 141.837 1918.2 6256.19 1377.31 569.737 614.804 424.579
internal_count=226945 226046 225508 224088 219884 198059 4204 1420 21825 4354 17471 13457 4014 182422 21698 2749 18949 2496 15637 3273 160724 17948 142776 140796 82382 21166 58414 9822 20059 2621 8577 3159 2559 745 12995 8129 5703 5121 1888 3233 2758 16637 48592 30807 25185 15232 407 2214 2030 184 14839 4125 3422 61216 1653 573 7764 25106 5525 2287 2474 1707
is_linear=0
shrinkage=0.05


Tree=19
num_leaves=63
num_cat=0
split_feature=23 13 9 23 26 23 4 6 17 13 10 22 19 26 12 24 27 6 12 7 19 7 28 24 2 28 17 19 23 2 20 22 6 18 30 24 9 27 30 23 22 24 13 25 17 26 22 24 19 28 9 9 10 26 13 24 9 7 13 6 22 10
split_gain=157.174 112.539 130.401 153.073 92.4553 80.3627 70.9565 69.6418 63.3723 62.6603 57.6594 49.3831 47.6823 45.3288 56.1652 48.8226 44.0044 40.4838 39.5614 39.3203 37.5771 37.352 37.0894 36.9674 35.619 35.4376 31.4831 31.3528 31.3478 31.3025 30.5292 41.8215 29.9543 29.4477 29.1285 28.6568 26.5363 25.6706 24.9508 24.8999 24.7523 24.3097 24.2538 24.0955 24.0655 26.863 23.2403 33.5127 28.9068 28.5417 22.9896 26.0644 83.1075 24.7673 31.1679 27.5849 22.8721 22.7978 22.7921 22.5361 22.378 22.3156
threshold=96.691685729331212 0.063045485342935109 0.0044435854687915185 1.0000000180025095e-35 23.57692210850556 47.900182427544941 -2.5972053786314715e-07 0.92220575526970139 0.34669627159596567 0.21662175155391267 0.056208202514536738 0.77122059466990056 0.56943321405636882 26.414695673580386 0.0005235816498849363 57.165555102433522 -0.1610459404564599 0.9082309515909871 0.20516129032258068 36.364285714285735 0.2815311830966048 3.3789285714285717 1.4966501273292634 15.108945690600843 225.66297548050522 0.55037825958739928 0.38010974453159102 0.54038463284074678 32.41401096601637 708.21048447833107 0.07066731978205644 0.40563018679720175 1.0200881257637779 0.15302628453774886 0.016536521633446769 17.015521071065937 0.059517772552860476 2.5484134967012957 0.96199346265290697 49.639140326858637 0.54192445093533836 85.533720044752997 0.35261554668910111 26.474021921221546 0.9999695381990984 16.781307785685659 0.19251316295309492 28.916576650321428 0.23898888346807126 0.40518809874713829 0.088941960980311055 0.17451074889713977 0.55497831992947244 27.984250187143271 0.24912017549159571 45.412432326737125 0.30959306864990571 9.617857142857142 0.10974080103720839 1.0190493145410091 0.28732222666093704 0.78201843524920989
decision_type=2 2 2 2 2 2 2 2 2 2 2 2 2 2 2 2 2 2 2 2 2 2 2 2 2 2 2 2 2 2 2 2 2 2 2 2 2 2 2 2 2 2 2 2 2 2 2 2 2 2 2 2 2 2 2 2 2 2 2 2 2 2
left_child=1 2 5 20 11 41 8 19 12 61 29 21 17 18 15 -15 25 -6 44 24 -4 34 -14 32 37 26 -11 38 -10 36 56 -32 58 -22 -3 -13 -5 42 60 -37 -29 -1 -8 57 45 -12 48 -48 -18 -50 -30 53 -53 -52 -55 -56 -25 -16 -23 -58 -21 -9
right_child=-2 4 3 10 6 -7 7 9 28 16 13 35 22 14 43 -17 46 -19 -20 27 33 23 -24 30 -26 -27 -28 40 50 -31 31 -33 -34 -35 -36 39 -38 -39 -40 -41 -42 -43 -44 -45 -46 -47 47 -49 49 -51 51 52 -54 54 55 -57 59 -59 -60 -61 -62 -63
leaf_value=0.0062680863573091649 0.049649838691381072 -0.064709746126454443 0.050767533870369509 0.01656840854200322 0.0074398828362968851 -0.044892299956033305 0.025042463693133146 0.0014140920222662247 -0.016701521069811317 -0.011417589324526719 -2.4468791336363164e-06 0.012822961302754281 0.0070188760789450001 0.045944829512624352 -0.0065137450028553163 0.00999197478897711 0.014399772125777003 -0.0055432970541549201 -0.023486647506973261 0.0022600721927031218 -0.024738940339747467 0.0083922003444586689 -0.020692818244508419 -0.0044551473667913894 -0.010751161640851083 -0.0030007375899864359 -0.026982260166969113 -0.020941305370022104 0.0013109215499576281 0.00014521987303949278 -0.035643174141258137 -0.0087037451269842015 0.0094089305292965331 0.025120943825907568 -0.011562520302370718 0.016600330404577469 0.043020739619841902 0.02761986119140147 -0.033456641528625715 -0.0013535591101161153 0.039157740616634684 -0.010852362282888991 -0.0016728438931224929 -0.017231488667072036 0.023474231625336218 0.0052091691136751626 -0.0047858425894960095 0.012598140549749379 -0.024608679156927139 0 0.012264236264756539 -0.041920527860943357 0.010882208725827749 0.003603163055321058 0.036328256135799243 -0.012479235013926563 0.045918389075125542 0.016314029349656815 -0.0038018655900784906 -0.0054004190483287707 0.028675755142017118 -0.0094550042027179929
leaf_weight=269.42094439268112 158.40405164659023 26.197349801659584 147.15464271605015 623.61172714829445 766.4555561542511 157.96444392204285 141.51317217946053 3998.3718589842319 106.84458158910275 714.30103720724583 6474.6429983079433 471.72061409056187 2866.9180733412504 191.67427828907967 166.59921325743198 187.00801213085651 91.741305142641068 2767.0199254602194 151.26442101597786 252.22817686200142 31.365660220384598 448.73457957804203 125.87380704283714 9804.9957409054041 117.40466219186783 512.07454642653465 598.83788281679153 214.75446888804436 524.48566068708897 250.97597955167294 152.77673767507076 2547.3857581466436 706.19058041274548 483.72736896574497 1455.3982615917921 205.01052187383175 112.19943127036095 394.04848578572273 34.900678530335426 3299.8547392040491 18.472728416323662 894.57287164032459 211.53382369875908 112.59845167398453 131.89831149578094 3998.179733723402 937.9157230257988 393.43112544715405 337.31427194178104 181.21986700594425 963.41397503018379 81.049044743180275 908.70677202939987 121.89286442101002 370.25509218871593 31.195679768919945 44.821491211652756 316.68605235219002 2614.2137792557478 40.509893849492073 117.77784183621407 535.36676359176636
leaf_count=1082 899 137 738 2529 3082 821 567 16057 429 2877 26007 1889 11523 881 669 784 368 11119 606 1012 126 1799 505 39492 471 2059 2422 861 2104 1006 628 10327 2841 2084 5898 822 460 1584 140 13249 74 3717 848 455 557 16152 3769 1579 1357 728 3873 336 3657 491 1503 126 180 1275 10530 164 472 2148
internal_value=-6.9435e-05 -0.00021036 0.00354576 0.00502623 -0.00154901 -0.0114335 0.000958537 -0.00203593 0.00400607 -0.0038294 0.00380523 -0.00378318 0.00120674 0.00282817 0.0131541 0.0282104 -0.0085953 -0.00272554 0.00189199 0.00786751 0.0284617 -0.00490628 0.00585103 -0.00421728 0.0148165 -0.0141698 -0.018521 -0.00153949 0.00988264 0.0154137 -0.00551773 -0.0102311 0.000125457 0.0220709 -0.0125099 0.0012544 0.0206141 0.018842 0.00686288 -0.00030151 -0.016145 -0.00688513 0.00902546 0.00357436 0.00225468 0.00198673 -0.00335199 0.000348166 -0.011431 -0.0160126 0.0108313 0.0128454 0.00654945 0.0170327 0.0257972 0.0325209 -0.00423033 0.00843472 -0.00201354 0.0215192 0.0106875 0.000129331
internal_weight=56115.1 55956.7 14701.5 13379.6 41255.1 1321.96 19437.3 9803.21 9634.11 8300.57 12717.3 21817.8 6526.27 11730.6 974.566 378.682 3766.84 3533.48 10756 1502.63 662.248 17841.2 2992.79 16359.6 864.5 1825.21 1313.14 638.134 3107.84 986.787 12590.5 2700.16 3769.14 515.093 1481.6 3976.59 735.811 747.095 404.907 3504.87 233.227 1163.99 353.047 595.884 10604.7 10472.8 1941.62 1331.35 610.275 518.534 3001 2476.51 989.756 1486.76 523.344 401.451 9890.33 483.285 3062.95 85.3314 370.006 4533.74
internal_count=226945 226046 59949 54329 166097 5620 78141 39393 38748 33364 51381 87956 26229 47386 4064 1665 15159 14201 43322 6029 2948 71996 12028 65961 3470 7358 5299 2559 12519 3995 50791 10955 15170 2210 6035 15960 2989 2999 1624 14071 935 4799 1415 2399 42716 42159 7801 5348 2453 2085 12090 9986 3993 5993 2120 1629 39836 1944 12329 344 1484 18205
is_linear=0
shrinkage=0.05


Tree=20
num_leaves=63
num_cat=0
split_feature=32 17 13 8 6 2 26 1 13 19 28 8 9 3 12 8 6 22 21 20 3 22 26 21 30 22 9 12 19 2 28 26 2 22 21 30 0 26 22 20 20 1 28 4 28 20 8 12 0 25 8 22 3 1 2 28 6 3 22 21 19 6
split_gain=142.661 128.941 91.0586 101.627 94.562 98.7092 75.3749 68.5732 67.1443 63.6587 59.0029 56.3054 44.7864 44.3161 69.9035 43.2647 51.6012 41.7453 53.9205 55.0006 38.5879 35.649 42.2104 35.3354 47.971 35.9755 35.0294 33.9168 32.8846 32.2242 31.9107 34.0883 30.7489 30.7093 47.4364 30.4772 30.5015 30.3494 28.856 31.7616 28.3686 28.3524 28.2876 42.2802 41.6908 27.4852 35.919 60.3024 27.2106 26.9119 32.0119 29.5976 33.1637 32.904 26.9032 28.1964 27.4627 26.5724 26.1187 25.9822 25.8706 25.8359
threshold=1.0000000180025095e-35 0.9999695381990984 0.073123258008335593 0.0089999550004483085 0.96068682075748491 1.0000000180025095e-35 21.326718163872471 224.30040269943117 0.21119160359061184 0.19301479106567687 0.51525717618166611 3.5011594944075615 0.18720990944001661 -0.0043660345042028214 0.01937584135069537 0.93780727377094208 1.0002814684515469 0.27471955444147567 -0.15666504365487458 -0.023710248381392404 -0.0096734022590052541 0.52161836911313053 12.106350256443994 -0.23315180523004189 0.8996447321924379 0.12720372681710337 0.26037373979556849 0.070097004762051926 0.51853376746975022 1000.0007100714164 0.79195975027034138 30.004029693900645 75.124656346470161 0.56552761107261551 -0.12860444498104759 0.11942845499465134 1517.0835170850116 31.957982812310618 0.80833790523128846 0.0025876062846131869 -0.13669687446346332 373.90215472053848 0.38549201717774279 0.0087198982222756443 0.50996033016849918 0.07066731978205644 3.1146948426563599 0.097985464993229562 2406.8065010144651 43.687020543448419 1.7077213634873285 0.61039312839651838 -0.0092077233107686375 78.518472758134024 33.650121040587017 1.3602745251511628 0.9364911907332073 -0.015757183867935346 0.41134522106552612 0.055541565148134249 0.75640538700558679 0.99999999999998956
decision_type=2 2 2 2 2 2 2 2 2 2 2 2 2 2 2 2 2 2 2 2 2 2 2 2 2 2 2 2 2 2 2 2 2 2 2 2 2 2 2 2 2 2 2 2 2 2 2 2 2 2 2 2 2 2 2 2 2 2 2 2 2 2
left_child=1 2 3 29 17 8 21 12 27 -3 -10 20 13 14 -5 16 -15 23 19 -19 -8 45 60 24 25 40 33 -6 -9 -1 31 -13 -17 -22 -35 36 -24 -27 39 59 41 -4 43 58 -44 46 -7 -48 -14 50 -29 52 -52 -54 55 56 -20 -21 -34 -37 -23 -36
right_child=-2 9 4 7 5 6 11 28 10 -11 -12 30 48 15 -16 32 -18 18 54 57 26 22 35 -25 -26 37 -28 49 -30 -31 -32 -33 42 34 61 38 -38 -39 -40 -41 -42 -43 44 -45 -46 -47 47 -49 -50 -51 51 -53 53 -55 -56 -57 -58 -59 -60 -61 -62 -63
leaf_value=-0.011420490864894939 -0.064661631538090653 0.048805546750169765 0.020441037916024668 0.046575091724537193 -0.016486221954459975 -0.0093463634387164381 -0.0055762369342684161 0.010571529081890761 -0.01629951459570526 0.0078567719963898545 -9.5726322765056555e-05 0.0067642926698121318 0.0005155679462104187 -0.021267144294235887 0.010807315055428323 0.0063725808356025039 0.05564132931187471 0.025341577083583752 0.019574509902898576 -0.018653190240853632 0.00036043286342512279 0.01692584301841529 0.0041946434384554773 -0.0034354561591849473 -0.0044057652156162582 0.008022018286951477 -0.06236270474643725 0.02372503844268296 3.1006278468471868e-05 -0.061918361594725524 -0.005849846905648777 0.021602181039545695 0.071555461933902595 0.064341718717579197 0.00063556797102120265 0.018553107730416778 0.029791034009879765 0.031607426069802776 0.0060901822917182897 -0.0049425161117234015 -0.01174977049339257 0.0013514934521535772 -0.032911370118651667 0.055866653113685952 0.036824865198691867 -0.018167142921542544 0.020260514786382133 -0.0044339178030204252 0.022441608401096921 -0.042373628415883907 0.00094106558896293207 0.0023217150991845683 -0.039470699352647493 -0.008206585561940807 0.00017790669606889225 -0.034979452874181485 0.0052322092672745322 0.019240898308401665 0.012390844880415419 -0.00052344354331764788 -0.012321310694177327 0.018552297038556358
leaf_weight=824.24650877714157 84.452995419502258 199.52689251303673 314.50118769705296 211.04839459061623 472.12872470915318 2440.4864956438541 2344.6936487555504 827.11052046716213 2518.5620294511318 181.65736572444439 723.88785856962204 3204.3216657191515 2032.4674419611692 28.125513881444931 388.62948207557201 3547.1274007409811 95.084334805607796 638.40676462650299 504.25302074849606 126.06682203710079 2457.1765008419752 81.46925288438797 407.46604366600513 2997.9461562633514 931.89007365703583 264.05054289102554 20.392406523227692 116.59651099145412 7024.6729007065296 32.815094172954559 428.95928953588009 440.70842088758945 20.028637811541557 40.201658710837364 445.82693396508694 279.03829711675644 163.19179920852184 283.79740841686726 1213.8593616336584 3169.387872159481 215.00695046782494 511.21363759040833 53.884961441159248 90.426007866859436 35.414451196789742 482.39625743031502 305.79378351569176 1288.5340495854616 152.03815372288227 41.858370780944824 1192.6912071406841 1822.9151746481657 88.034516304731369 1919.4920753538609 1961.6161478310823 35.414415419101715 991.45543543994427 72.868132248520851 265.17038777470589 493.67341840267181 1015.2366258651018 367.52662342786789
leaf_count=3551 521 1052 1267 987 1916 9870 9409 3389 10207 757 2924 12865 8276 119 1567 14486 483 2584 2021 506 9862 328 1636 12032 3737 1067 82 468 28157 187 1725 1785 81 163 1791 1121 654 1156 4863 12752 863 2054 216 365 142 1960 1233 5193 618 178 4799 7309 357 7743 7863 142 3976 295 1064 1982 4093 1472
internal_value=0.000235865 0.000334214 0.00013492 0.00336947 -0.00113396 -0.00253015 -0.000666737 0.00434097 -0.00694717 0.0293113 -0.0126836 0.0025567 0.00797005 0.0107025 0.0234093 0.00885814 0.0380416 0.00311663 0.00679153 0.0181879 -0.000661671 -0.00343846 -0.00115661 0.000232102 0.0045964 0.00988037 0.00279613 -0.00365622 0.00114211 -0.0133668 0.00704161 0.00856021 0.00795975 0.00320086 0.0113709 0.00056361 0.0115272 0.0202524 -0.00064906 -0.00272559 0.00441416 0.00863004 0.0200543 0.0260686 -0.00518912 -0.00688403 -0.00553339 0.000300339 0.00204483 -0.00248593 -0.00215929 -0.00276157 -0.00565867 -0.00958197 0.00405751 0.0090243 0.0100718 -0.0047451 0.0165869 0.00636044 -0.0101428 0.00873896
internal_weight=55928.9 55844.5 55463.3 15628.3 39835 29986.5 21090.3 14771.2 8896.17 381.184 3242.45 9749.81 6919.45 4734.94 599.678 4135.26 123.21 9848.49 4330.08 837.342 5675.82 11340.5 6823.32 5518.41 2520.46 1588.57 3331.12 5653.72 7851.78 857.062 4073.99 3645.03 4012.05 3310.73 853.555 5726.62 570.658 547.848 5155.96 3942.1 1040.72 825.715 464.924 375.625 89.2994 4517.21 4034.81 1594.33 2184.51 5181.59 5139.73 5023.13 3200.22 2007.53 3492.74 1531.12 1495.71 198.935 285.199 772.712 1096.71 813.354
internal_count=226321 225800 223991 63688 160303 120740 84839 59950 35901 1809 13131 39154 28404 19510 2554 16956 602 39563 17387 3385 22779 45685 27429 22176 10144 6407 13370 22770 31546 3738 16375 14650 16354 13288 3426 23008 2290 2223 20718 15855 4184 3321 1868 1510 358 18256 16296 6426 8894 20854 20676 20208 12899 8100 14002 6139 5997 801 1145 3103 4421 3263
is_linear=0
shrinkage=0.05


Tree=21
num_leaves=63
num_cat=0
split_feature=31 13 8 19 6 1 28 22 21 3 6 22 21 20 27 10 21 13 26 12 3 7 4 26 4 3 20 7 30 21 30 22 20 6 4 22 22 20 30 11 9 30 26 0 30 26 21 30 30 28 30 21 22 28 21 3 27 0 21 27 30 3
split_gain=113.821 101.841 109.746 161.92 80.1798 56.0618 50.4188 47.0468 78.8209 50.3869 49.3236 39.1863 58.7834 52.4969 38.7629 38.1208 37.1926 38.2076 36.3221 61.76 78.1152 41.7712 36.1595 52.2669 47.7902 39.3965 38.4997 34.8237 34.3038 33.0674 66.0353 38.0129 32.8992 32.6128 30.4919 29.5623 29.0088 54.5802 28.5974 30.3241 32.3898 27.095 26.9499 28.2246 26.5057 33.7507 26.2239 40.6185 29.6649 27.354 29.1462 26.1142 26.0247 25.9543 49.7414 25.4827 25.4459 25.2497 25.2105 24.732 29.15 24.7077
threshold=1.0000000180025095e-35 0.063045485342935109 0.0089999550004483085 1.0000000180025095e-35 0.96068682075748491 224.30040269943117 0.028131069484978982 0.56838162481950072 -0.10811106503848993 0.0062283375518952626 1.0200881257637779 0.29378953263181717 -0.15666504365487458 -0.032331904809510252 3.9976810537114802 0.0050125348267178868 -0.2541546862069729 0.13862270971960836 19.155210131775757 0.11555809012920147 -0.00020368819001400488 0.66071428571428592 -1.0000000180025095e-35 24.660030419946164 1.0000000180025095e-35 -0.011331017550313622 -0.063030981422354401 8.9642857142857171 0.15084272322696718 -0.266509828452482 0.8996447321924379 0.11021690983325756 0.025541846083381396 0.99998987874333178 0.011045221000758904 0.58347146207661094 0.37014908714688372 0.032742013759768381 0.11942845499465134 0.061788450328235024 0.047271212485577835 0.5385980660808215 23.151545710315869 2528.4509113698255 0.67242873364011246 30.814084890877243 -0.15410274917865688 0.22611679722140116 0.62912759534931773 0.27140756211260703 0.38074764717963588 -0.025862615640489691 0.56254721546045217 0.42413968262546431 0.64711206821309308 -0.025556661618258689 -10.832087657865747 1723.7267316770665 -1.0000000180025095e-35 -2.7027537867291946 0.88792348571773672 -0.0092077233107686375
decision_type=2 2 2 2 2 2 2 2 2 2 2 2 2 2 2 2 2 2 2 2 2 2 2 2 2 2 2 2 2 2 2 2 2 2 2 2 2 2 2 2 2 2 2 2 2 2 2 2 2 2 2 2 2 2 2 2 2 2 2 2 2 2
left_child=1 2 33 15 11 18 -6 9 41 10 16 29 13 -13 38 -4 -8 -18 21 20 28 -5 23 -19 25 26 -24 -17 -20 30 31 -3 -12 -1 53 56 37 -11 39 40 -10 61 43 -27 -26 -46 48 -48 -25 50 -49 -39 -14 -23 -55 -15 -22 -41 -35 60 -7 -9
right_child=-2 4 3 5 6 59 7 8 14 36 32 12 52 55 -16 27 17 22 19 -21 35 34 24 46 44 42 -28 -29 -30 -31 -32 -33 -34 58 -36 -37 -38 51 -40 57 -42 -43 -44 -45 45 -47 47 49 -50 -51 -52 -53 -54 54 -56 -57 -58 -59 -60 -61 -62 -63
leaf_value=-0.0093850429299099942 -0.063471670030389712 0.0067630364079210416 -0.016812323455507806 0.04402620211462388 -0.060183074744990128 0.011623217824068955 0.0073549115516674665 0.0028797894112226868 -0.015760960038830579 -0.0081351542901668562 0.0012281294385938358 0.028137031965266207 0.0014191452213067497 -0.021430000846165406 -0.0095929066555478625 0.055898515374197627 0.0017605246426600448 -0.0064003399334959816 0.03756876419607888 -0.0039396651774546857 0.029145355863306646 0.003675138265866143 -0.013010035528049352 0.021669121232167857 0.0043436089971878441 -0.014706106665448852 0.0028010502575323264 0.014683999236574902 0.0027525350998496853 -0.0023757810514665927 -0.0044002289355223453 0.026106262144174441 0.020134242175625403 0.0267477421163567 0.020919466604817659 0.02100229674531116 -0.0061750446712579114 -0.039082913928738722 -0.00060538167988116167 0.0041816803775439485 0.015743228010804699 0.0079846065651205285 -0.024371177428723089 0.012848862195389521 -0.014642090524760804 0.057782116999277093 0.010004229477810151 -0.0051336954795630279 0.0010901057690602762 0.0023269374199831119 -0.028073400963326091 -0.0016584712117662392 0.011861219411133423 -0.023655102575789819 0.036321038881591876 0.013997941324660449 0.0037778753911444779 -0.025363015899466792 -0.044676221267565132 -0.00031448343593513332 -0.011676143929433232 0.039188505792781297
leaf_weight=737.58898140490055 69.946627303957939 701.28783147037029 26.188137501478195 65.18193045258522 37.375138640403748 878.9140011370182 791.66564701497555 61.727102488279343 90.847546964883804 712.80130296945572 602.52244806289673 518.51723492145538 2495.5693524181843 91.167409226298332 1088.2552163898945 215.30652163922787 2499.6333787292242 3712.4780262410641 450.52269721031189 503.66405433416367 108.57117722928524 3459.698915541172 891.50607407093048 342.78511352837086 893.08935242891312 765.28859725594521 676.80304016172886 67.837645277380943 84.31755131483078 3836.7225075662136 913.02585932612419 399.10712289810181 372.80664354562759 13.715411171317099 241.12070129811764 454.93483915925026 2817.5039364695549 274.61707149446011 9567.0181400030851 224.6524630188942 782.18309897184372 270.95640729367733 737.0467344969511 105.50402733683586 362.89582906663418 16.711064517498016 627.35212156176567 404.20430646836758 359.03827224671841 549.24655888974667 211.13716892898083 56.488300293684006 784.73443272709846 199.75551211833954 41.653791084885597 114.18269748985767 1106.7708474099636 106.3983850479126 112.79569044709206 5830.7823647409678 158.14916536211967 198.65197813510895
leaf_count=3090 459 2821 109 286 201 3523 3193 250 364 2881 2428 2103 10005 366 4389 1238 10020 14964 2041 2025 453 14064 3602 1380 3592 3118 2735 317 340 15414 3663 1627 1504 67 972 1860 11403 1120 38407 900 3134 1093 2996 426 1460 67 2515 1621 1446 2205 847 229 3145 802 170 462 4530 426 635 23380 634 804
internal_value=0.000224363 0.000304378 0.00386695 0.00494256 -0.000975767 0.00412744 -0.00221729 -0.00214744 0.000243716 -0.00372507 -0.00240721 0.00295593 0.00676703 0.0196642 -0.000600052 0.0407085 -0.00316769 -0.00380139 0.00737568 0.0118491 0.0154576 0.00435046 -0.00510666 -0.00263932 -0.0085474 -0.0118278 -0.00618384 0.0460504 0.0320909 0.000346465 0.00553625 0.013785 0.00846119 -0.0134199 0.00369208 0.0101269 -0.00881624 -0.0159387 0.000308156 0.00757026 0.0124577 0.0190825 -0.0173291 -0.0113608 -0.000356674 -0.0114263 0.00295777 -0.00024846 0.0111501 -0.00577616 -0.0130162 -0.0327156 0.00391897 0.00256786 -0.0132751 -0.00170912 0.00605038 -0.00530356 -0.0368785 0.000950141 0.00806453 0.0306045
internal_weight=55892.9 55823 14757.5 13893.4 41065.5 13584 31211.2 31173.8 12390.7 18783.1 14921.7 9854.31 4004.17 723.867 11859.4 309.332 13946.4 13154.7 6716.19 2708.78 2205.12 4007.41 10655.1 6206.24 4448.84 3176.15 1568.31 283.144 534.84 5850.14 2013.42 1100.39 975.329 864.1 3942.23 1670.28 3861.41 1043.91 10771.1 1204.08 873.031 531.335 1607.84 870.793 1272.7 379.607 2493.76 1791.94 701.823 1164.59 615.341 331.105 3280.3 3701.11 241.409 205.35 1215.34 331.051 126.511 6867.85 1037.06 260.379
internal_count=226321 225862 60536 56744 165326 55080 125720 125519 49767 75752 60119 39606 16081 2931 47620 1664 56187 52994 27543 11249 9224 16294 42974 24978 17996 12877 6337 1555 2381 23525 8111 4448 3932 3792 16008 6843 15633 4230 43231 4824 3498 2147 6540 3544 5119 1527 10014 7188 2826 4673 2468 1349 13150 15036 972 828 4983 1326 702 27537 4157 1054
is_linear=0
shrinkage=0.05


Tree=22
num_leaves=63
num_cat=0
split_feature=32 23 13 8 8 23 25 9 4 19 4 8 3 12 3 1 23 28 30 13 28 26 17 9 10 10 26 17 26 24 22 30 8 23 2 3 23 9 22 30 8 28 30 28 13 10 24 27 22 19 22 9 0 2 28 12 23 30 28 10 30 23
split_gain=126.93 128.469 75.136 91.3148 80.0842 75.596 67.2101 65.4294 65.2794 56.2176 60.7583 54.9462 50.8081 94.0773 75.6489 57.4437 42.7251 42.5001 41.5245 38.9338 45.6922 36.6889 34.9601 34.7517 71.2501 60.2276 43.0516 37.5572 33.8173 41.3715 39.5968 39.0764 33.7264 45.4192 31.7397 34.3714 31.6542 30.2362 28.3146 28.0069 56.7809 40.1715 41.4483 27.462 27.4098 32.7095 28.6716 27.357 30.162 26.9201 26.8781 26.5465 35.1934 34.5101 41.3082 33.2518 29.7596 29.5032 27.162 25.6937 25.6118 25.3909
threshold=1.0000000180025095e-35 96.691685729331212 0.073123258008335593 0.0089999550004483085 3.4305894032338498 1.0000000180025095e-35 37.187536405365968 1.0000000180025095e-35 -0.0002839570760644567 0.50442588216667106 1.0000000180025095e-35 5.0082939295589455 -6.4572071706722038e-06 0.016380520567755467 0.00035230472957952674 129.10249686135271 45.909918883938744 0.028131069484978982 0.11166256157635469 0.27603733987927143 0.43596870363475176 24.564793627087212 0.24627891242093347 0.17568150182343717 0.5317873476960896 0.60967463368432784 23.748968878706854 0.13422818791946309 18.274269518682406 26.208096773844684 0.56254721546045217 0.85664637607642802 4.1797930032254653 46.714796737905694 124.17197310978408 0.0026773568125300954 32.094356503299672 0.050094774457612255 0.56552761107261551 0.74684680589959784 4.2518230955207867 0.28857800636766712 0.39632567273173586 0.1364049341317323 0.32352005030123804 0.37304338357394995 22.769860625365677 2.7051106353456178 0.5301063152182991 0.62797861259074228 0.34952177676851537 0.09233382689196952 112.18946510859031 86.384457954155792 0.1186515213510836 0.033180022301799783 76.178828640942257 0.083756388781514424 0.3523370899614014 0.1790278831009742 0.48346707161125324 58.395541463777086
decision_type=2 2 2 2 2 2 2 2 2 2 2 2 2 2 2 2 2 2 2 2 2 2 2 2 2 2 2 2 2 2 2 2 2 2 2 2 2 2 2 2 2 2 2 2 2 2 2 2 2 2 2 2 2 2 2 2 2 2 2 2 2 2
left_child=1 2 3 16 17 7 8 -5 23 47 19 -9 13 21 -14 51 -1 -4 37 22 36 -7 -11 25 27 26 -6 -25 31 30 34 43 33 -28 35 -30 -21 -19 -39 41 -41 42 -12 -20 45 46 -42 48 -10 -17 -37 53 56 54 55 -16 -53 -56 -54 -15 -44 -47
right_child=-2 -3 4 5 6 12 -8 11 9 10 39 -13 14 59 15 49 -18 18 28 20 -22 -23 -24 24 -26 -27 32 -29 29 -31 -32 -33 -34 -35 -36 50 -38 38 -40 40 44 -43 60 -45 -46 61 -48 -49 -50 -51 -52 52 58 -55 57 -57 -58 -59 -60 -61 -62 -63
leaf_value=-0.0083084312702340849 -0.063223685500158291 0.047794302766766612 -0.057653820014392704 0.0006207118495127861 0.0054400259653354715 0.01609811660807612 -0.015195565933531711 0.035145308016723734 -0.0021281082365514335 0.0058826035144235594 0.0048609040620379886 0.0013861787655030646 -0.0093735583070982103 0.013015248035047661 0.041391767227684943 0.010355330910770842 -0.040871688905684565 -0.0097751844355817678 -0.049732758922479782 0.0048396158321490877 -0.0040655566804487933 0.048441092257343263 -0.0052829947267295195 0.013681255139122534 0.0035798084171820041 -0.0073163762053674022 0.0030346200646592055 -0.036484022777198012 -0.0090108438379247792 0.0014935462313667323 0.0021180806186072718 0.013211625854003149 0.025400863031085609 0.028360719082098168 -0.0042333542730882698 -0.0486529208187279 -0.022209195692834419 0.00052092331231369797 0.01166184972454553 -0.018894014502992353 0.070085911660722658 0.012569030881309977 -0.036629680121073087 -0.0089532883128770856 0.023439472735419426 -0.0088013279296040511 0 0.013618327902498246 0.010448710117348829 -6.3038824683224272e-05 -0.017101435485117441 -0.010094516878393592 0.01247855272680716 0.048567367935929411 -0.048547895087787112 0.0030770884373712525 0.022648345195902121 0.0051828244008982529 -0.0067606431333627386 0.00092921647542263178 -0.0040030090794048812 0.011812798834713298
leaf_weight=743.17130120098591 78.641147047281265 141.93874244391918 35.871730774641037 379.74380570650101 1540.3936155289412 163.06547817587852 611.34179072082043 486.6424155831337 1294.5275229662657 918.84003579616547 695.14642702043056 160.6261575371027 1355.8072613924742 706.98423556983471 159.30126614868641 682.33880658447742 116.60517743229866 454.4422158151865 41.709219440817833 123.09973123669624 1099.965721771121 191.45254224538803 2952.8812749534845 47.432497978210449 4502.8492791652679 501.23468212783337 597.61882856488228 171.76172694563866 1785.7349789440632 3645.6305052638054 1600.2441896498203 200.86788946390152 698.12849037349224 251.78971846401691 4372.8897816091776 98.079196006059647 872.19881145656109 1724.4139550328255 852.78796249628067 392.3927718102932 29.935359582304955 1159.7691832184792 112.31147731840611 3736.3517021089792 148.73937341570854 517.83544167876244 28.422120124101639 758.57549296319485 754.07691635191441 6771.0914279967546 219.44986759126186 423.93097670376301 1556.9651657640934 84.3161661028862 29.432802900671959 88.309823170304298 82.815195947885513 188.88245135545731 207.53711788356304 1165.7476811408997 130.27266938984394 209.69382724165916
leaf_count=3118 521 871 199 1522 6192 718 2464 2256 5201 3693 2790 675 5468 2848 667 2749 672 1825 168 495 4436 957 11896 193 18125 2016 2410 696 7225 14659 6417 814 2844 1014 17583 401 3524 6928 3417 1576 120 4655 451 15114 597 2077 114 3049 3022 27138 891 1705 6325 340 119 363 348 764 838 4684 523 841
internal_value=0.000213402 0.000303047 0.000181708 0.00310649 -0.000972606 0.00402192 0.00113909 0.0171114 0.00162629 -0.000701718 -0.00255782 0.0267769 0.00305139 0.00997009 0.00172598 0.00319116 -0.0127348 -0.00334928 -0.00324471 -0.00560475 -0.0110955 0.0335873 -0.00263179 0.00504378 0.00222352 0.00875266 0.0113628 -0.0256044 -0.00427924 -0.00292659 -0.00492243 -0.00826275 0.0172542 0.0105504 -0.0066629 -0.0117113 -0.0188586 0.00211144 0.00420967 0.00274978 -0.00293231 0.00634701 -0.00134348 -0.00940612 0.00376499 3.24676e-05 0.0360225 0.00550603 0.00249917 0.000890186 -0.0268751 0.00926753 0.00687638 0.0191254 0.0137774 0.0277539 -0.00473022 -0.00205706 0.0102126 0.00549499 -0.019138 -0.00285209
internal_weight=55855.1 55776.4 55634.5 15744.8 39889.7 14885 21121.2 1027.01 20509.9 12198.7 9391.5 647.269 13858 2227.25 11630.7 10274.9 859.776 18768.5 18732.6 5966.99 2095.26 354.518 3871.72 8311.21 4722.04 3589.17 3087.93 219.194 15701 11722 8076.4 3978.93 1547.54 849.409 6476.15 2103.26 995.299 3031.64 2577.2 3424.52 1327.02 2097.5 937.731 3778.06 934.626 785.887 58.3575 2807.18 2048.6 7453.43 317.529 2821.49 2271.25 550.243 465.926 247.611 506.746 218.315 1764.5 1872.73 242.584 727.529
internal_count=226321 225800 224929 64274 160655 60484 85014 4453 82550 49060 37788 2931 56031 9207 46824 41356 3790 75641 75442 24044 8455 1675 15589 33490 19014 14476 12460 889 63272 47176 32517 16096 6268 3424 26100 8517 4019 12170 10345 13744 5325 8419 3764 15282 3749 3152 234 11272 8223 29887 1292 11469 9216 2253 1913 1030 2053 883 7163 7532 974 2918
is_linear=0
shrinkage=0.05


Tree=23
num_leaves=63
num_cat=0
split_feature=23 31 13 9 23 23 6 2 13 30 10 21 30 12 27 19 9 24 9 22 21 20 22 4 25 19 10 9 20 21 12 10 9 10 22 13 1 23 22 0 12 2 21 13 23 4 11 13 2 17 6 20 27 11 22 22 20 11 12 12 2 21
split_gain=113.857 94.1195 68.541 82.2558 124.073 75.3646 71.1163 78.6501 54.3671 49.0195 48.5742 45.2333 70.2585 50.2351 50.2803 38.3188 38.1546 49.7042 45.5437 35.6696 53.0589 47.4446 35.4781 32.3404 32.0959 30.6337 30.924 41.9944 29.4672 32.678 29.3903 30.1461 30.6531 28.8598 28.3386 27.4165 27.0164 34.4115 32.4881 31.2563 29.049 26.8785 26.1846 26.1813 26.1081 26.872 27.2619 25.9491 39.2062 25.2145 24.2788 24.1579 28.0056 23.9654 23.8167 23.7398 23.279 24.8362 23.7308 23.1537 22.9915 22.7353
threshold=96.691685729331212 1.0000000180025095e-35 0.073123258008335593 0.0044435854687915185 1.0000000180025095e-35 45.909918883938744 0.96068682075748491 1.0000000180025095e-35 0.21119160359061184 0.84894550492610843 0.056208202514536738 -0.084527393172248208 0.44794463731604667 0.100866123049499 3.9976810537114802 0.18309374523280189 0.051445552674974283 17.844302977342156 0.11491804112455752 0.29378953263181717 -0.15666504365487458 -0.032331904809510252 0.56552761107261551 -0.020709817176472904 11.944733647030967 0.99128795711659223 0.86789144242275484 0.33961713074501992 -0.60995248274370195 -0.23783170383104321 0.070097004762051926 0.15503890923552704 0.084599877270425547 0.21080610226951693 0.30307765445633361 0.78508460417705983 224.30040269943117 38.40505094891143 0.34644392615145264 103.11262339493307 0.17531311274509806 33.650121040587017 -0.15918782037188164 0.24155767046016999 59.231277947584083 0.011045221000758904 0.049861174638578691 0.26432182240784241 1921.6809198989506 0.31340600220973763 1.1100109203193391 0.018553462453065776 -3.3337200707614199 0.1139057851411749 0.32481660819366703 0.59819217595278495 -0.0035419974926111371 -0.0031643509960193688 0.13589219418582818 0.18098069779357609 6633.1708679583853 0.3426890535038431
decision_type=2 2 2 2 2 2 2 2 2 2 2 2 2 2 2 2 2 2 2 2 2 2 2 2 2 2 2 2 2 2 2 2 2 2 2 2 2 2 2 2 2 2 2 2 2 2 2 2 2 2 2 2 2 2 2 2 2 2 2 2 2 2
left_child=1 2 3 5 15 -1 19 8 30 -10 54 12 22 14 16 -5 43 18 -18 24 21 -21 42 -19 28 -25 27 -27 60 -30 61 32 34 -20 -32 -35 39 -38 -39 -12 44 -22 -9 -13 -41 -46 -47 51 49 -49 -11 52 -15 -51 -6 56 58 -58 -14 -36 -4 -8
right_child=-2 -3 6 4 10 -7 7 11 9 50 36 13 55 47 -16 -17 17 23 33 20 41 -23 -24 25 -26 26 -28 -29 29 -31 31 -33 -34 35 59 -37 37 38 -40 40 -42 -43 -44 -45 45 46 -48 48 -50 53 -52 -53 -54 -55 -56 -57 57 -59 -60 -61 -62 -63
leaf_value=-0.0046354280830745503 0.045427092576417333 -0.060517256411180415 -0.026933625070315631 0.053536988523044983 0.045375025713911353 -0.041598484680067521 -0.016860198804140154 0.026080474267386852 -0.014220189629046335 -0.00083557767964147027 -0.0016011538346839098 -0.0035330507701427823 -0.02198108336951848 0.013211042953948447 -0.011119524277648583 0.020186345961391093 0.0033779810964499565 -0.032080917900192026 -0.035105757583492596 0.02672482493167861 0.0088187381136627645 -0.0016695931633638021 0.026998938958788812 0.0058378746449682306 -0.0024463813656396324 -0.0042073572156203177 0.0096159211026311184 -0.07977355890966048 0.01432875029879763 0.0011227823498625601 -0.016618116478975285 -0.0038322836281868911 0.025770944121662743 0.019862011481446291 0.0048183433480882051 -0.03125189565246219 0.030960840133155351 -0.020367960237097922 0.00032451690751530396 0.012372797293497549 -0.0095395675678761702 -0.00030500640772693276 0.0057634793158358134 -0.024762473808071256 0.0022543282867954271 0.02828587193399772 -0.024005028077826816 -0.018624268335825454 0.0070505309136120759 -0.010642035017331172 0.044441018073371724 -0.0096523409083113191 -0.00233892713406456 0.0078581538114632522 0.011537286803069291 0.013666182439084558 0.015387636807117334 -0.007202678006316761 0.0031131106065016337 0.053632509474276696 0.03714788269338952 0.050007854749141635
leaf_weight=1131.5492268502712 138.72895489633083 63.883171081542969 105.97118084132671 102.91246186196804 54.863998174667358 157.03379848599434 463.08011396229267 181.07674190402031 2631.8776034116745 583.89279823005199 1424.8356440365314 498.74406825006008 98.23738057911396 342.31457966566086 882.35795947909355 536.29058232903481 2052.7323480546474 80.578523248434067 25.875815004110336 516.98441956937313 1432.2677787691355 205.14925873279572 306.19886939227581 1474.6442332863808 3816.7507445365191 2868.5595646798611 434.07409593462944 18.41285003721714 828.51198740303516 1079.8232941776514 162.68472799658775 4243.5442783236504 163.0463385283947 863.14382338523865 587.39811928570271 26.895904585719109 89.352552592754364 194.97117765247822 6866.1483781933784 1838.0996964424849 249.81519612669945 1847.273148521781 1285.881506383419 205.24701970815659 1856.4852623790503 181.57376493513584 28.707287400960922 867.18347659707069 306.41512678563595 1030.9572522491217 31.082374334335327 899.56014975905418 1875.3405169993639 210.45892699062824 1012.1311401724815 285.3602220416069 131.1095170378685 1654.0318825542927 2227.5062875151634 25.273439571261406 15.976443767547606 12.940231963992117
leaf_count=4681 875 455 425 578 225 868 1886 729 10707 2359 5773 2028 396 1374 3566 2343 8250 326 104 2103 5743 828 1238 5921 15361 11548 1743 75 3343 4332 662 17090 655 3466 2371 108 358 781 27519 7676 1001 7406 5173 829 7515 734 115 3494 1231 4159 126 3615 7532 846 4107 1151 531 6690 8979 102 64 52
internal_value=0.000203019 9.01603e-05 0.000159981 0.00295571 0.00403638 -0.00914671 -0.000942082 -0.0021511 -0.00609254 -0.0112504 0.00303815 -0.000490023 0.00311222 -0.00197556 0.00024276 0.0255712 0.0014162 0.00241738 0.00751819 0.00274479 0.00638205 0.0186523 0.0115136 -0.000687027 0.000254543 -0.000157838 -0.00282171 -0.00469379 0.00533437 0.00685928 -0.00313167 -0.00203819 0.0060691 0.0167903 0.00191685 0.0183085 0.00217871 0.000143281 -0.000246415 0.00478629 0.00697804 0.00367821 0.00827636 -0.00973218 0.00803626 0.00417668 0.0211154 -0.00575816 -0.00964938 -0.0120788 0.00145154 -0.00274168 5.95805e-05 -0.00750127 0.013286 -0.000275411 -0.0012447 -0.00553997 0.0020501 0.00684857 -0.0184737 -0.0150218
internal_weight=55813.8 55675.1 55611.2 15724.8 14436.2 1288.58 39886.4 30037.7 8904.82 3246.85 13797 21132.9 6169.4 14963.5 9431.27 639.203 8548.91 7844.92 2968.65 9848.71 4001.67 722.134 1773.16 4876.27 5847.03 4795.69 3321.05 2886.97 2030.28 1908.34 5657.97 5181.95 938.403 915.916 775.356 890.04 12730 7150.47 7061.12 5579.52 4154.68 3279.54 1466.96 703.991 3904.87 2066.77 210.281 5532.23 2415.01 2108.6 614.975 3117.22 2217.66 1241.42 1067 4396.25 4110.89 1785.14 2325.74 612.672 121.948 476.02
internal_count=226321 225446 224991 64274 58725 5549 160717 121112 36010 13192 55804 85102 24887 60215 37964 2921 34398 31541 11928 39605 16080 2931 7140 19613 23525 19287 13366 11623 8164 7675 22818 20880 3790 3678 3135 3574 51472 28658 28300 22814 17041 13149 5902 2857 16040 8364 849 22251 9730 8499 2485 12521 8906 5005 4332 17747 16596 7221 9375 2473 489 1938
is_linear=0
shrinkage=0.05


Tree=24
num_leaves=63
num_cat=0
split_feature=32 17 13 8 8 4 1 25 20 30 30 9 3 12 4 25 21 3 10 2 30 22 26 9 24 22 3 2 21 22 9 10 10 26 2 2 20 21 9 22 20 17 8 22 26 0 11 0 1 25 13 12 4 30 2 24 21 22 20 21 8 17
split_gain=113.639 100.966 60.6908 71.949 69.1491 66.6591 47.7407 45.3461 44.2552 40.5664 43.0626 36.7829 37.3875 57.8784 36.6455 35.6162 37.0387 37.1556 41.4424 35.499 36.2181 33.0469 32.416 41.0331 48.2588 47.8305 35.5845 33.5454 31.3181 32.7017 30.8907 42.8435 35.7764 34.7887 31.0018 28.1763 27.0188 26.7378 26.4326 26.2703 35.1371 25.9777 25.7583 26.0519 25.3564 24.5264 24.513 28.9089 32.3575 25.3899 24.0624 25.2502 35.9304 25.3138 29.5724 23.9214 23.8191 23.4544 23.3936 23.3099 23.0187 22.7722
threshold=1.0000000180025095e-35 0.9999695381990984 0.073123258008335593 3.8262131788446934 0.0089999550004483085 -0.0023396309204721743 224.30040269943117 52.182976844588538 0.17545560519693607 0.008748913083413962 0.11942845499465134 0.18720990944001661 -0.0043660345042028214 0.01937584135069537 -0.036824706890517318 38.251974333164334 -0.0098043782234120119 -0.034427273803660695 0.87197873801927195 75.124656346470161 0.03228549484309854 0.56552761107261551 18.274269518682406 0.26037373979556849 26.465899702924649 0.32156565365255513 0.0012370020366773784 426.99582017834797 -0.095133472134135741 0.59522994981508359 0.17568150182343717 0.64918329232502303 0.57092509098135669 27.984250187143271 2803.1272494259133 1000.0007100714164 0.064911810307902953 -0.23783170383104321 0.0044435854687915185 0.24835318187038338 0.0025876062846131869 0.5823295107397507 4.1797930032254653 0.091139883909352321 32.3824352105812 2406.8065010144651 0.19755628206932449 83.92276993105996 132.8826901705624 12.984082453672505 0.2434283067551665 0.066570635103576151 -0.0015598461235964958 0.34152482177725257 1033.6960620116483 38.509214123841083 0.59863790970933828 0.97663650653776224 0.038178874766514055 -0.075867726317626102 2.1440643494661198 0.14169663927212034
decision_type=2 2 2 2 2 2 2 2 2 2 2 2 2 2 2 2 2 2 2 2 2 2 2 2 2 2 2 2 2 2 2 2 2 2 2 2 2 2 2 2 2 2 2 2 2 2 2 2 2 2 2 2 2 2 2 2 2 2 2 2 2 2
left_child=1 2 4 9 35 8 11 38 14 -4 21 12 13 -6 -5 16 17 18 41 -14 -21 36 50 24 25 26 27 -24 29 60 31 33 44 34 -16 -1 -11 -25 -3 40 61 -7 -35 -44 -32 57 47 -18 -49 -50 -12 52 -52 -54 -55 -19 -48 -13 -28 -23 -27 -26
right_child=-2 7 3 5 6 15 -8 -9 -10 10 22 45 19 -15 30 -17 46 55 -20 20 -22 59 23 37 39 28 58 -29 -30 -31 32 -33 -34 42 -36 -37 -38 -39 -40 -41 -42 -43 43 -45 -46 -47 56 48 49 -51 51 -53 53 54 -56 -57 -58 -59 -60 -61 -62 -63
leaf_value=-0.0094217684440863932 -0.062074137612651382 -0.067823735427687104 -0.056855401530150479 -0.014608893572116838 0.042666829012484572 0.016600918647983905 0.00088067323042482527 0.041527648616242273 -0.012816064828446098 -6.5629289060443094e-05 -0.0042872823758875874 -0.0014462881184161484 0.0056757644794773352 0.0095646979177189343 0.0092580201008100743 -0.01791923156380034 -0.013848637766410052 -0.0052940777817106115 -0.0043555140897111244 0.063510642939515402 0.015748272197388728 0.038830407350979236 -0.011768375918193172 0.0027287477919895704 0.0053853883881532089 0.027054325532609027 -0.017959436703453673 -0.0014375179242941726 -0.0030441015000079929 0.030392217741296863 -0.020959852283409578 -0.010763415123152242 0.0061993289392375823 0.010451025531099003 0.045415557796942521 -0.059138866083398828 -0.03256433863715625 -0.02819683177049136 0.011645485685202002 0.0057546475077062944 -0.047188131028400714 -0.04647177894560317 -0.026390943920046463 0.039374923345165118 0.022471498223951544 0.020624073017912359 0.018529458803152713 0.017904458117250419 0.021942787623581608 0.00068141823348753404 0.0064501904522147107 -0.016203076745959218 -0.03566239184065681 -0.01724847626591262 0.018509873014060926 -0.028121843576134627 -0.014860478702857578 0.023706187512011236 -0.053084398330825115 0.0076084011793283064 0.00098683567114092141 -0.0061565685127479355
leaf_weight=813.90757250785828 73.077351793646812 11.180246651172636 34.482694864273071 191.06024649739265 200.6904274970293 511.14833328127861 7847.1608414500952 211.10246111452579 299.99128147959709 2296.7047418057919 3001.9919536113739 1928.6311858147383 3620.0878260135651 387.60347780585289 1270.7188875675201 293.85255134105682 290.0608514547348 3473.3305654972792 637.02181334793568 43.586722493171692 446.79976534843445 63.214301466941833 1663.4611120074987 97.055586144328117 761.359141305089 92.060156762599945 301.0710302144289 1491.5754056572914 5266.4258542358875 121.32401816546917 202.00983488559723 177.09865953028202 3148.6104743778706 153.43196013569832 62.185972064733505 29.485725224018097 65.696643441915512 246.90223278105259 142.79780741035938 2508.3507822155952 42.253682076931 16.730272650718689 15.764954075217245 276.79641142487526 40.118459105491638 151.32412357628345 376.5112773925066 314.60977125167847 144.82792589068413 4542.1289809942245 380.90040791034698 1139.4819625914097 108.27054147422314 207.0679042339325 80.00200854241848 118.715461820364 61.993385493755341 97.258303463459015 56.489635586738586 1105.4396461993456 1051.6423504650593 973.45866900682449
leaf_count=3551 521 62 198 766 987 2058 31546 1148 1210 9230 12121 7882 14911 1567 5116 1185 1169 14019 2559 244 1801 254 6736 390 3058 371 1221 5995 21171 491 818 713 12684 627 251 187 266 995 599 10088 171 67 64 1149 165 618 1510 1264 581 18235 1543 4640 439 839 323 479 249 394 232 4430 4243 3920
internal_value=0.000193011 0.000274896 0.000101891 -0.000933856 0.00274873 0.00157618 0.0035466 0.0264795 0.00587957 -0.00273544 -0.00265426 0.00658829 0.00907775 0.020871 0.00689345 -0.000753633 -0.000272002 -0.00353367 0.00422323 0.00738821 0.0200158 0.00242741 -0.00357043 -0.00239246 -0.00198235 -0.00387787 -0.00858304 -0.00688614 -0.00134658 0.00571609 0.00766301 0.0126683 0.00477388 0.0150043 0.010952 -0.0111727 -0.000972851 -0.0194577 0.00580255 0.00245912 -0.00218978 0.014584 0.0270989 0.0358062 -0.0137367 0.00121318 0.00243486 0.00149226 0.0023832 0.00133992 -0.00708413 -0.0114638 -0.00449916 -0.0150602 -0.00726278 -0.00605068 0.0137953 -0.000235197 -0.023536 0.0093047 0.00309164 -0.00108825
internal_weight=55780.1 55707 55341.9 39775.4 15566.5 16618.7 14723.1 365.081 5837.79 23156.7 23122.2 6875.98 4698.77 588.294 5537.8 10780.9 10487.1 4756.95 1164.9 4110.47 490.386 3531.06 19591.1 14673.4 14329.5 10044 3512.6 3155.04 6531.45 1265.03 5346.74 1956 3390.74 1778.9 1332.9 843.393 2362.4 343.958 153.978 4285.42 1777.07 527.879 445.993 292.561 242.128 2177.21 5730.13 5291.63 5001.57 4686.96 4917.71 1915.72 776.241 395.34 287.07 3592.05 438.505 2025.89 357.561 1168.65 1143.7 1734.82
internal_count=226321 225800 223991 160303 63688 66938 59950 1809 23563 93365 93167 28404 19510 2554 22353 43375 42190 19182 4684 16956 2045 14180 78987 59082 57697 40460 14184 12731 26276 5105 21587 7920 13667 7207 5367 3738 9496 1385 661 17237 7149 2125 1840 1213 983 8894 23008 21249 20080 18816 19905 7784 3144 1601 1162 14498 1759 8276 1453 4684 4614 6978
is_linear=0
shrinkage=0.05


Tree=25
num_leaves=63
num_cat=0
split_feature=23 32 7 9 23 23 30 22 3 12 8 6 22 3 2 8 13 3 4 13 26 6 10 22 18 13 20 9 2 2 10 0 10 9 3 2 22 2 7 0 12 20 4 11 7 1 9 12 0 8 24 4 6 7 20 30 9 10 20 3 20 2
split_gain=122.354 96.7389 70.8265 63.6694 150.552 90.9655 45.8808 46.5105 62.8847 56.4503 44.9588 44.9555 51.4047 61.1809 35.8981 62.7197 54.0678 41.7495 49.3362 41.8624 37.4667 36.9881 38.141 35.1993 37.7115 33.2439 43.6518 40.592 36.3531 36.1308 32.7698 31.374 30.9842 52.131 30.7653 29.1174 28.0104 26.9123 26.6466 26.217 26.0567 27.6881 26.0363 29.6816 25.8146 25.3137 25.2048 25.1308 24.7539 23.9751 38.1197 34.8791 33.8294 23.7665 23.7384 23.2798 23.2399 28.8789 22.7179 41.651 22.6441 22.6101
threshold=85.065615332681702 1.0000000180025095e-35 15.814285714285717 0.0044435854687915185 1.0000000180025095e-35 46.166210098898013 0.056098607667366018 0.6165255695691142 -0.0072062439030835578 0.043156352695683235 6.1862701009468823 0.92816124775315034 0.76650322349182487 0.021403255941587134 83.90072816380659 3.9582356372980496 0.21662175155391267 -0.028188642487784073 -0.0022685196792138168 0.89992830389183431 29.270834258066049 0.95853395947293429 0.62543861809138035 0.047073071958266391 0.42059070888713218 0.18106699432352658 0.010856383536127613 0.062516938933070726 1371.2788690765108 834.94997496078508 0.15888657530708764 25.581014644250892 0.45254855870345173 0.16548540398396192 -0.034427273803660695 7144.4989380893576 0.37908706406218201 1.0000000180025095e-35 1.0442857142857147 1.0000000180025095e-35 0.2756760352581557 -0.016274070136660598 -0.0044716991559971024 0.12523626033589721 111.40714285714289 1447.6068080986083 0.076587852335657139 0.32244448828162858 59.082485273158206 2.6935132195075195 28.766230160644849 0.0087198982222756443 1.0141036632372735 253.54285714285712 0.073897004323757245 0.52294329974432252 0.11007134930274633 0.19895740864870742 0.012760472633651878 -0.0012319819317229556 0.023582619906518446 97.618106486411122
decision_type=2 2 2 2 2 2 2 2 2 2 2 2 2 2 2 2 2 2 2 2 2 2 2 2 2 2 2 2 2 2 2 2 2 2 2 2 2 2 2 2 2 2 2 2 2 2 2 2 2 2 2 2 2 2 2 2 2 2 2 2 2 2
left_child=1 3 -2 5 10 -1 7 8 9 -6 39 23 13 14 16 25 47 -17 19 20 56 22 -18 -8 -25 26 29 -27 46 -16 -30 -14 33 54 -24 40 -31 44 -9 -5 41 -33 43 -39 -26 49 -29 -13 -40 51 -51 52 -43 -37 -15 -48 -19 -58 -23 -60 -36 -20
right_child=2 -3 -4 4 6 -7 11 38 -10 -11 -12 12 31 32 15 17 21 18 61 -21 -22 58 34 24 37 27 -28 28 30 36 -32 35 -34 -35 60 53 -38 42 48 -41 -42 45 -44 -45 -46 -47 55 -49 -50 50 -52 -53 -54 -55 -56 -57 57 -59 59 -61 -62 -63
leaf_value=-0.0056585253157434932 0.045241954568106313 -0.059942068786400488 -0.0038242042552034355 0.025344387221265443 0.034249998301268507 -0.043088212805821161 -0.0046462434701931002 0.046233439351255873 -0.0017954757727508585 0.0056740579398714026 -0.011872145669551238 -0.00063696561330185469 0.044943349609736269 0.0036426795226789412 0.012013426002869535 -0.005424147012999557 0.0072035396625941221 0.027392957655086283 0.05582234382210876 -0.02219067973957671 0.028414263852253679 -0.01254611178830003 0.0052307065711295888 -0.0063312523559558897 0.018790737186401205 -0.012180728393711414 -0.0039293504929598854 -0.012633017400954067 0.018807869460417303 -0.0096787990137465873 0.00085127536209725742 0.02113800813835132 -0.0067277756321898865 -0.064063019865940776 -0.018611247483183387 -0.022137072553167089 0.0048428808542293963 -0.02173526459201864 -0.036249242144763154 0.060086234347309586 -0.04523551490763561 0.025636612688488478 -0.0032740180889490392 0.012163728685047701 -0.0057641845899721895 -0.0034157289885023215 -0.00014250049758006639 -0.049624760718894156 0.011283498259525054 0.0063039361698719034 -0.0024633792380724753 0.025443554297920737 -0.0029231237162220744 0.030837173838533322 -0.025626218669535031 -0.0069411106814395431 -0.029497463091895205 0.0096659342244521159 0.012260921038202722 -0.011470657212214207 0.035625508354084831 -8.8187948327678674e-05
leaf_weight=1136.9811859428883 233.41397850215435 67.714256256818771 107.07852375507355 498.42857460677624 233.40626099705696 189.3749013543129 840.023387119174 53.69476230442524 3345.7803524285555 667.62728236615658 75.53869041800499 7845.13082267344 43.002280592918396 118.46889190375805 1265.72923001647 802.12407954037189 735.7004691362381 181.42272059619427 18.179949015378952 87.219351932406425 338.6000193208456 2648.1062193959951 251.53221110999584 457.75694058835506 862.82908251881599 1134.6895745247602 2001.3346441090107 781.48412758111954 285.7208471596241 460.93001708388329 2294.9847662895918 182.86276912689209 3123.8414438813925 61.908658489584923 460.07971759140491 24.720578879117966 1186.5369620025158 68.911928057670593 27.795504570007324 61.233333691954613 29.308397114276886 135.68147285282612 575.67180828750134 985.39535562694073 121.80507937073708 1985.1735394150019 3002.315291389823 26.171098127961159 1396.6997935622931 2409.1845370829105 2553.1313331872225 277.14401081204414 437.76565846800804 141.09624962508678 165.74911035597324 2170.5135832726955 48.271322503685951 1683.8211434185505 288.46648564934731 514.11387710273266 19.933821484446526 1658.7701025754213
leaf_count=4714 1306 505 445 2229 1169 1084 3369 231 13583 2684 310 31578 176 477 5080 3222 2958 731 73 351 1407 10777 1010 1841 3471 4584 8040 3157 1149 1849 9229 733 12616 252 1851 99 4756 277 112 401 119 545 2314 3986 489 7956 12094 105 5651 9661 10243 1118 1757 565 668 8745 195 6784 1169 2096 80 6659
internal_value=-7.63611e-05 -0.000259641 0.0298003 -0.000186599 7.84034e-05 -0.0110093 -0.000208739 0.00402099 0.00136072 0.013085 0.0242754 -0.000715516 -0.0011735 -0.00199514 -0.00131501 4.03136e-05 -0.00337156 0.00498625 0.00706672 0.0117586 0.0130765 -0.00748454 -0.000830902 0.00441979 0.00690025 -0.00159343 0.00175438 -0.00329543 -0.00211346 0.00566076 0.00284192 0.00239091 -0.00830324 -0.0225016 -0.00891769 0.00216595 0.000776615 0.00921883 0.0116599 0.0291645 0.00173582 0.0019095 0.00527104 0.00994142 0.0157478 0.00145769 -0.00426206 -0.000801108 0.01035 0.00312291 0.00179215 0.0108795 0.00382888 0.0229009 -0.0134117 -0.00299624 0.0103586 0.00856997 -0.0103121 -0.00293427 -0.0163416 0.000518254
internal_weight=55888.1 55547.6 340.493 55479.9 54153.5 1326.36 53518.3 5725 4246.81 901.034 635.201 47793.3 43880.9 35661.9 32191.9 19402.6 12789.2 4818.41 4016.28 2339.33 2252.12 4917.93 1467.25 3912.39 3072.37 14584.2 4914.53 9669.71 8535.02 2913.2 2580.71 8219.07 3469.97 346.127 731.546 8176.07 1647.47 2614.61 1478.19 559.662 8010.25 7980.94 1629.98 1054.31 984.634 7798.08 5954.31 7871.3 1424.5 5812.91 4962.32 850.591 573.447 165.817 284.218 5172.83 1913.52 1732.09 3450.69 802.58 480.014 1676.95
internal_count=226885 225134 1751 224629 218831 5798 215891 23430 17436 3853 2940 192461 176714 143742 129729 78105 51624 19422 16200 9468 9117 19941 5899 15747 12378 58683 19725 38958 34374 11685 10378 32972 14013 1397 2941 32796 6605 10537 5994 2630 32132 32013 6577 4263 3960 31280 23996 31683 5763 23324 19904 3420 2302 664 1145 20839 7710 6979 14042 3265 1931 6732
is_linear=0
shrinkage=0.05


Tree=26
num_leaves=63
num_cat=0
split_feature=23 32 7 10 23 23 8 30 6 22 3 26 22 2 28 30 30 28 28 4 30 22 22 6 10 20 2 25 22 18 20 19 17 28 30 20 22 20 25 28 3 2 12 3 28 0 27 17 2 0 3 11 2 19 25 4 2 28 7 26 6 28
split_gain=112.025 91.1399 65.9571 52.4214 138.943 78.0645 41.3691 37.961 43.0712 44.3233 47.5963 40.0015 36.6481 35.2492 64.0296 94.8818 59.2814 103.274 46.1489 85.7212 41.4343 38.6474 35.1846 34.9853 41.1285 35.9638 33.6396 32.6521 32.578 34.8275 32.4679 36.9217 31.4035 33.7544 32.7104 28.9747 31.5401 28.8262 26.9145 26.5884 37.8431 30.7164 28.9987 38.2303 53.8877 26.1351 25.8077 30.296 25.6888 25.6805 25.3846 24.7074 25.3438 26.2386 35.0981 25.3389 24.6384 38.8515 24.5558 24.4549 24.1596 23.9336
threshold=85.065615332681702 1.0000000180025095e-35 15.814285714285717 0.0050125348267178868 1.0000000180025095e-35 46.294015756670937 6.1862701009468823 0.11942845499465134 0.92816124775315034 0.76650322349182487 0.0075871352156099943 16.781307785685659 0.62277064546348393 69.388343184237684 0.24330415052764312 0.51498622753304413 0.21811770397846397 0.1901381196895072 0.38084117995241007 -0.0023396309204721743 0.69549861279965097 0.31540042159212717 0.40263890137572356 0.97761216913141002 0.12315723703274416 -0.00078567383359456888 120.92738515093762 17.537978940927335 0.047073071958266391 0.42059070888713218 0.13301028264652218 1.2398812488602784 0.31771181950022304 0.28081580195015443 0.31380712082982903 0.03483436504085425 0.30930097782986027 -0.059640180652369028 25.197880932903686 0.16784207243161828 0.017687569925941796 277.42268730691609 0.12498360167295332 -0.0072062439030835578 0.080497551111827312 25.581014644250892 -5.9736033408233018 0.26226992525809711 7144.4989380893576 1.0000000180025095e-35 -0.038176401270254429 0.14960821266749666 3072.6245851897711 0.2815311830966048 19.83287509476067 -0.0039146741631562575 1.0000000180025095e-35 0.31088966277563063 253.54285714285712 20.086420160923982 1.0389434777102828 0.21153255373243821
decision_type=2 2 2 2 2 2 2 2 2 2 2 2 2 2 2 2 2 2 2 2 2 2 2 2 2 2 2 2 2 2 2 2 2 2 2 2 2 2 2 2 2 2 2 2 2 2 2 2 2 2 2 2 2 2 2 2 2 2 2 2 2 2
left_child=1 3 -2 5 6 -1 49 11 28 10 13 -6 39 21 16 32 17 -15 19 37 50 -10 35 -23 -25 -26 -21 -11 -9 -30 -24 -32 -16 34 59 38 -37 -17 -12 41 -41 42 43 44 -13 -29 -45 -48 -47 -5 -20 52 53 -18 -55 61 -31 -58 -50 -34 -39 -53
right_child=2 -3 -4 4 7 -7 -8 8 9 27 22 12 -14 14 15 18 51 -19 20 26 -22 23 30 24 25 -27 -28 45 29 56 31 -33 33 -35 -36 36 -38 60 -40 40 -42 -43 -44 46 -46 48 47 -49 58 -51 -52 55 -54 54 -56 -57 57 -59 -60 -61 -62 -63
leaf_value=-0.0059722741095998349 0.043861893640493255 -0.059360542427281254 -0.003632721501577181 0.024361779183340187 -0.0022265774368763172 -0.046437566077536227 -0.011261277893677799 -0.004485834729649296 -0.0076083687345803678 0.02060694071249242 -0.01716637352535701 0.034498141403600073 0.012425786288006993 -0.0051173300024163291 0.0047008731686985468 -0.0063121000280630989 -0.023778462614447493 0.019476659932390842 -0.028249990491873857 0.0406131204209376 0.00055544706392124247 0.0040310778334655484 -0.0022643140032500763 0.0068407905012482272 -0.01151901823249849 -0.00059180200219376968 0.0025097082306342051 0.041253787428139378 -0.0061268030290902 0.015261133518525503 0.0038978207867369514 -0.013956835574462029 -0.0031113735096569223 0.02285221432683128 -2.1172495616051671e-05 -0.046183301670283824 -0.015308598256687945 -0.022549040197081954 0.0016912815583434986 0.020264148073881244 -0.038857522752604928 -0.004189312522248796 -0.0051333510483609216 -0.0050327362907556057 0.0035788295037532539 0.00087769717730516055 -0.0097370301075402569 0.010747022105114626 -0.033201909486916585 0.059330094504355717 0.014407553846996749 0.059980426424961035 0.0032854015705634926 -0.0032277574876459544 -0.015995369815278295 -0.014339083271965534 -0.0067906110940018725 0.010205332799633197 0.028742118460207314 0.030651733241323982 0.02485417787389689 0.0084967560921099788
leaf_weight=1123.8072601109743 228.84099045395851 65.027733229100704 107.09149692952633 497.06457537412643 2791.652520686388 133.31211014091969 75.656762331724167 837.03771939873695 3391.5950558185577 230.58502772450447 370.20680893957615 272.79588009417057 1305.0463128834963 1332.2133242487907 1150.446791946888 666.41808161139488 357.02463746070862 627.86957828700542 36.201586872339249 61.033123925328255 3514.0016682744026 2230.8749187141657 5935.5939209163189 722.35965543985367 1618.4948494434357 1409.9085903465748 1115.3869190514088 41.054118320345879 452.07599000632763 958.93570475280285 369.00275518000126 1337.1533606648445 72.658457443118095 788.24112613499165 469.31329947710037 115.75359320640564 292.96952287852764 698.61502520740032 385.99143193662167 350.73362289369106 29.184867352247238 1411.3288091272116 603.54103147983551 585.39506080746651 292.26962138712406 7458.156122431159 213.9308162778616 1145.6103932261467 17.967335134744644 58.971664294600487 849.79429760575294 34.133846044540405 341.75643795728683 1164.6133836358786 1002.810848608613 63.303889021277428 479.27303139865398 1124.1981625556946 136.37454280257225 201.77309055626392 27.775359928607941 67.249446198344231
leaf_count=4663 1306 505 445 2241 11282 815 310 3357 13755 925 1499 1341 5294 5356 4632 2680 1436 2526 146 246 14148 8969 23942 2910 6540 5687 4480 169 1818 3860 1485 5402 293 3179 1889 479 1196 2820 1563 1410 118 5675 2428 2395 1173 29921 866 4697 72 401 3445 137 1371 4681 4038 254 1925 4549 546 812 112 270
internal_value=-7.25333e-05 -0.000246846 0.0287097 -0.000177323 5.67486e-05 -0.0102708 0.0233675 -0.000218133 -0.000816512 -0.00129478 -0.00210347 0.00274332 0.00497836 -0.000950215 0.000582102 0.00296001 -0.00401532 0.00275886 -0.000114937 -0.00544006 0.00299341 -0.00334448 -0.00524781 -0.000925925 -0.00387561 -0.00643356 0.00449406 0.00207125 0.0042369 0.00666068 -0.00401282 -0.0100923 0.0109506 0.01564 0.00798748 -0.0133438 -0.0240739 -0.0138341 -0.00753517 0.00299555 0.0157003 0.0019274 0.00470168 0.00706866 0.018518 0.0015119 0.00373891 0.00751959 0.00129638 0.0280894 0.0126559 -0.00839778 -0.00948087 -0.0112112 -0.00913777 0.0104162 0.00891883 0.00512207 0.0214819 0.0216965 -0.0207264 0.0259216
internal_weight=55849.5 55513.5 335.932 55448.5 54191.4 1257.12 631.693 53559.7 44558.2 40706.7 32822.5 9001.49 6209.84 24015.9 14642.6 9651.66 4990.98 1960.08 6969.23 2569.23 4400 9373.23 8806.67 5981.64 3750.76 3028.4 1176.42 7884.14 3851.52 3014.48 7641.75 1706.16 2682.43 1531.99 743.745 1164.92 408.723 1392.81 756.198 4904.79 379.918 4524.87 3113.54 2510 565.066 7653.55 1944.94 1359.54 7612.5 556.036 885.996 3030.89 2866.21 2524.45 2167.42 164.687 2562.41 1603.47 154.342 274.432 726.39 101.383
internal_count=226885 225134 1751 224629 219151 5478 2952 216199 179520 164011 132378 36679 25397 96812 58951 38882 20069 7882 28077 10338 17739 37861 35566 24106 15137 12227 4726 31633 15509 12152 30829 6887 10805 6173 2994 4737 1675 5612 3062 20103 1528 18575 12900 10472 2514 30708 7958 5563 30539 2642 3591 12187 11526 10155 8719 661 10334 6474 618 1105 2932 407
is_linear=0
shrinkage=0.05


Tree=27
num_leaves=63
num_cat=0
split_feature=23 32 8 10 23 23 19 19 12 3 21 22 3 26 22 17 8 22 12 21 22 3 0 25 8 22 26 1 25 3 30 21 21 4 19 19 8 20 0 28 28 25 21 10 20 20 10 12 3 23 0 3 0 10 8 17 20 6 12 21 3 1
split_gain=102.56 85.9118 48.0862 47.5231 126.715 73.2523 40.5037 35.4617 48.8331 49.6407 44.0243 68.4355 41.9527 40.5002 36.685 35.7922 32.058 29.2278 28.787 36.0971 36.4141 28.9165 28.6675 28.3623 34.1565 26.7622 26.1179 27.9175 26.9444 24.794 23.31 22.5559 21.8897 21.7053 26.2774 21.6636 21.6536 21.5559 26.5267 20.686 20.3805 24.0854 26.8713 22.5351 20.2051 20.1759 24.0528 20.3546 21.514 20.059 19.6977 19.3468 19.4058 19.3453 19.0025 18.9863 18.8893 18.8049 20.3578 23.3055 18.6845 18.4338
threshold=85.065615332681702 1.0000000180025095e-35 3.9243251002363073 0.0050125348267178868 1.0000000180025095e-35 46.294015756670937 0.49774537483501108 1.7740495977104833 0.065625341231709933 -0.012799670415071922 -0.15410274917865688 0.19251316295309492 -0.001873913073852061 28.232648519287821 0.56552761107261551 0.091043865518966274 5.9926237948596786 0.76650322349182487 0.41939290422745973 -0.26012388787143942 0.43449643875073052 -0.019456125170205073 2528.4509113698255 11.77709354815654 12.555260537163528 0.50000205260133024 13.529572167708448 1.0000000180025095e-35 26.7855735403413 0.00035230472957952674 0.46777011704183985 -0.086314479265988217 -0.1006638230209274 -0.00020664992801234603 0.37527859943230618 0.95425100376113281 4.3661558289785702 -0.11565141320764614 1416.4487637100597 0.12455638081506402 0.30904659995542233 23.528283679418944 -0.24280146281261764 0.80935227327945081 -0.11147379667116512 -0.14295336066469774 0.62953512025846614 0.15835586076373886 -0.0026915955360183575 65.284195160571286 388.79544361746554 0.012289397690149183 46.417320238315078 0.42462120246712209 12.555260537163528 0.091043865518966274 -0.015362840519125674 0.91157665478851524 0.28354373066179545 0.25957940548507602 0.00075441223659540872 825.44399496665483
decision_type=2 2 2 2 2 2 2 2 2 2 2 2 2 2 2 2 2 2 2 2 2 2 2 2 2 2 2 2 2 2 2 2 2 2 2 2 2 2 2 2 2 2 2 2 2 2 2 2 2 2 2 2 2 2 2 2 2 2 2 2 2 2
left_child=1 3 60 5 6 35 -5 8 9 -6 11 12 22 25 45 -16 -8 26 19 21 44 56 23 24 37 40 28 29 -9 -28 -25 -19 -17 54 -35 -1 -37 -10 -39 -33 -13 42 -42 51 55 46 -12 49 -49 -47 -4 52 -43 -14 -32 -21 -15 -34 -59 -60 -2 -29
right_child=2 -3 50 4 7 -7 16 17 10 -11 14 13 53 18 15 32 -18 31 -20 20 -22 -23 -24 30 -26 -27 27 61 -30 -31 33 39 57 34 -36 36 -38 38 -40 -41 41 43 -44 -45 -46 47 -48 48 -50 -51 -52 -53 -54 -55 -56 -57 -58 58 59 -61 -62 -63
leaf_value=-0.001362163720842952 0.0025157937557783502 -0.058816225640749668 0.014713031311338233 0.040701986783786115 0.0303545726143464 -0.045355379656763485 0.019818210307316383 0.0003209297364649704 0.013516421979768002 0.0035330971255679838 0.021220473820256335 0.014074082060429288 -0.051797163023870156 0.02767727373821088 0.016898655026548654 0.014866698299230771 -0.01674154966354249 0.048139241072699047 -0.002678178256211603 0.028591575488274214 0.034384515097160825 0.059583604396031976 -0.014371721005569464 0.01335116236266819 -0.025557236716674193 0.019496916096670883 -0.006306815224988058 -0.0050672049865216817 -0.012030631983533562 0.010695642141116936 -0.00089295644494575784 0.025586345246217168 0.051153135466980706 0.0051228039098062811 -0.016203147663086375 -0.024158331333792415 0.006877545125206554 -0.012002658007033996 0.040843962043425774 0.00057834669559952143 0.0054573123162842537 -0.025988134255392079 -0.011891789638140712 -0.018583054120680381 0.0026115727787322362 -0.0017234873505457462 0.00059650434340789607 -0.0046040025466618072 -0.014347036570205036 -0.049818074240008746 -0.034527054818154733 -0.01022372269429849 0.027347702216929649 -0.011170976423357975 0.045606925876415481 0.0084344817120322099 -0.030405079921066731 0.00030110005079935881 -0.00025897075956879363 -0.064507051792563261 0.04402896448642217 -0.00057069348121909435
leaf_weight=810.66640162467957 31.307590171694756 62.415112882852554 50.816178485751152 204.30369387567043 176.3581168949604 129.76160100102425 349.14842830598354 624.71316103637218 811.17321200668812 7829.5178727209568 161.74473486840725 237.88892377912998 56.898833632469177 149.38653740286827 369.16278789937496 265.05161133408546 72.161777645349503 25.457878902554512 227.78537049889565 198.5149357765913 168.72922615706921 76.24274218082428 341.73646539449692 216.76589058339596 72.715384677052498 213.65701499581337 306.75398650765419 5387.7136868536472 1499.2920231968164 709.70317625999451 1368.9629797637463 84.134912684559822 17.916464403271675 194.39028561115265 558.11579966545105 238.99115063250065 73.122283190488815 173.53549061715603 27.385969310998917 4561.6084237396717 344.2407743036747 18.49994333088398 632.80207559466362 57.172502845525742 537.50167524814606 8477.4411427676678 1122.3165325671434 4527.7244165837765 648.38815821707249 21.64362870156765 33.63549442589283 55.890050306916237 196.52622219920158 61.245914146304131 22.228498354554176 286.41694703698158 15.281860098242758 5390.1685802638531 31.061344400048256 26.01491941511631 215.70157973468304 3955.3513447344303
leaf_count=3356 134 505 214 1087 894 815 1570 2523 3272 31678 650 960 231 623 1481 1075 295 103 916 804 692 321 1375 874 292 867 1265 21786 6064 2900 5514 347 72 783 2254 1014 293 698 110 18308 1393 75 2560 231 2176 34178 4507 18252 2635 88 138 228 795 248 89 1158 62 21628 125 106 1265 15933
internal_value=-6.89058e-05 -0.000234685 0.0276567 -0.000168512 5.40545e-05 -0.00979672 0.0224245 -0.000207288 0.000676157 0.00412493 -0.000296552 0.00304298 -0.0014774 0.0082112 -0.00145789 0.00180981 0.0135419 -0.00208141 0.0138121 0.0164386 0.0128598 0.0341 -0.000560312 0.000808567 0.00750117 0.00291562 -0.00334399 -0.00230771 -0.00839559 0.00555948 -0.00226526 0.00129168 0.000836581 -0.00384724 -0.0106876 -0.00567901 -0.0168713 0.00988353 -0.00475796 0.00103286 0.000615302 -0.00183492 -0.00577414 0.00987899 0.00929976 -0.00279057 0.00319971 -0.00335343 -0.00582569 -0.00184714 -0.00485686 0.0159085 0.0227257 -0.0308062 -0.000143162 0.0167006 0.0222415 0.000154968 -1.27872e-05 -0.0296918 0.0387907 -0.00316419
internal_weight=55813 55481.5 331.461 55419.1 54166.5 1252.54 625.614 53540.9 36386.2 8005.88 28380.3 7321.69 3905.15 3416.54 21058.6 6099.38 421.31 17154.7 1659.86 1432.07 1191.16 240.911 3787.01 3445.27 1084.81 1756.68 12483.5 10359.5 2124.01 1016.46 2360.46 4671.2 5730.21 2143.7 752.506 1122.78 312.113 1012.09 200.921 4645.74 1543.02 1305.13 977.043 328.089 1022.43 14959.3 1284.06 13675.2 5176.11 8499.08 84.4517 270.916 215.026 118.145 1391.19 484.932 164.668 5465.16 5447.24 57.0763 247.009 9343.07
internal_count=226885 225134 1751 224629 219151 5478 2952 216199 146970 32572 114398 29601 15740 13861 84797 24487 1865 69229 6752 5836 4830 1006 15261 13886 4372 7109 50471 41884 8587 4165 9514 18758 23006 8640 3037 4663 1307 4080 808 18655 6242 5282 3953 1329 4138 60310 5157 55153 20887 34266 352 1098 870 479 5603 1962 685 21931 21859 231 1399 37719
is_linear=0
shrinkage=0.05


Tree=28
num_leaves=63
num_cat=0
split_feature=23 31 7 9 23 23 19 28 21 22 3 20 22 3 20 22 3 12 18 20 9 4 22 17 21 18 3 26 7 20 10 9 19 22 27 4 20 2 27 12 3 7 22 20 21 23 17 25 22 22 28 19 22 26 2 4 23 7 1 1 2 21
split_gain=93.9242 66.3595 59.0842 48.2445 114.217 77.7537 37.2754 33.2504 36.7073 54.3216 66.434 49.9394 47.8173 42.1126 41.3469 36.2231 34.3183 58.686 30.8866 30.8681 36.9676 32.9345 30.71 40.9311 35.0044 27.6332 25.7186 25.4373 40.2313 24.9647 42.0424 66.728 25.1133 24.9175 24.8574 23.2928 37.7648 36.7094 23.7623 23.8457 23.0446 23.0204 22.8121 35.4979 37.012 24.436 23.8815 22.4072 22.2876 22.2739 20.7235 20.6414 22.6516 21.7923 20.572 23.5847 38.6638 23.7878 23.8932 27.9447 26.9341 32.6443
threshold=85.065615332681702 1.0000000180025095e-35 14.975000000000007 0.0044435854687915185 1.0000000180025095e-35 47.246370300523559 0.49774537483501108 0.12742837919854946 -0.15918782037188164 0.30930097782986027 -0.001873913073852061 0.033784606341197961 0.76650322349182487 0.021403255941587134 0.030751630306936287 0.6165255695691142 -0.0072062439030835578 0.052181269204912471 0.23185260950004047 -0.11147379667116512 0.15811209684450525 -0.0016308371483213667 0.5301063152182991 0.091043865518966274 0.0049219688683453952 0.56366092429330994 -0.013566666849244917 12.106350256443994 3.9200000000000021 0.10465022095472033 0.59817347789824871 0.22158023759315235 0.89877104914087347 0.19251316295309492 -8.2571353604937503 0.0049885749044767573 0.017548847771213242 124.17197310978408 -3.2874958952501188 0.10858725928166303 -0.014649811445712866 50.22500000000003 0.047073071958266391 -0.16660721949564197 -0.23783170383104321 30.329140225889208 0.16761398752668916 13.246149944466856 0.40263890137572356 0.50261675801231787 0.31088966277563063 0.05105798945765043 0.54192445093533836 21.326718163872471 1.0000000180025095e-35 0.015691207473290881 62.302694754681319 253.54285714285712 1566.6915403045421 682.02640466606806 358.17646954198341 0.022561810219998816
decision_type=2 2 2 2 2 2 2 2 2 2 2 2 2 2 2 2 2 2 2 2 2 2 2 2 2 2 2 2 2 2 2 2 2 2 2 2 2 2 2 2 2 2 2 2 2 2 2 2 2 2 2 2 2 2 2 2 2 2 2 2 2 2
left_child=1 3 -2 5 6 -1 -5 15 9 10 25 19 13 22 33 16 17 -6 -8 -11 21 48 -10 -24 40 -9 -23 28 -14 -15 31 -31 -32 -12 41 -26 37 -37 -38 -40 -25 -17 -27 44 45 -44 47 -45 -21 -28 -48 -13 -53 -54 -29 57 -57 58 59 60 -56 -62
right_child=2 -3 -4 4 7 -7 18 8 12 11 14 51 27 29 -16 34 -18 -19 -20 20 -22 26 23 24 35 42 49 54 -30 30 32 -33 -34 -35 -36 36 38 -39 39 -41 -42 -43 43 46 -46 -47 50 -49 -50 -51 -52 52 53 -55 55 56 -58 -59 -60 -61 61 -63
leaf_value=-0.0049201743873123526 0.041850616803983137 -0.057633193178500013 -0.0030159783470507283 0.039297172608623365 0.031193779391159689 -0.041044939060362495 -0.020173797030413144 -0.0036883424533791296 -0.0028222933255591925 0.032788559903704807 -0.024101997907491901 0.054249103193581255 0.023315221826832103 -0.002830452241370724 -0.047975364846400359 0.009559395522524123 -0.0012555722587770872 0.0025433481249369882 0.018522107945871131 0.01483962943413516 0.00081720429738888975 0.021329218266928036 0.015311788059502146 -0.0068768892596743295 -0.0039877886360550913 -0.004407241044366403 -0.016295994827631746 -0.00035724023946527859 -0.0038268753249716746 -0.018562113460196272 0.014130968148541912 -0.08303484376994362 -0.0099652380862495157 0.0014444797467296198 0.0085118288075586666 0.039176158190155207 0.016683111167476516 0.006505163167993668 -0.0065656330565443503 -0.042589388715444688 0.0055609390507578137 0.062004890298829031 0.034186361462694569 0.0046596862600631773 0.0015062400083800233 0.010896419462243456 0.021973536314043168 -0.010386260621404006 0.035397956110699687 0.039451816913590336 0.0043423200103508757 -0.0057423231777396491 -0.0030013383891594461 0.037771860142585434 0.0099072887850088984 -0.015948538860007491 0.010612452746094278 0.030943275131638831 -0.0015193312402924141 0.016426603387761193 0.024285783629951714 -0.0080509878286131858
leaf_weight=1140.545676022768 216.28490920364857 50.189367868006229 110.70626483857632 198.50122839212418 233.58487702906132 171.33392232656479 60.021321818232536 1829.535003349185 17485.957060113549 195.46885377168655 182.78239892423153 16.469691842794418 145.06941850483418 1471.3619921952486 93.024570241570473 41.164381310343742 3476.406013995409 762.26059608161449 358.67904292047024 258.03230464458466 503.32611584663391 123.86860364675522 454.23894329369068 424.95272478461266 4732.0807252973318 699.71612873673439 138.14273400604725 1918.7795781046152 2284.8786337971687 278.36806274950504 117.83213356137276 46.907387480139732 1282.8499073684216 198.9156368970871 1398.2010753005743 98.108145788311958 98.541045784950256 697.47623114287853 480.70460319519043 50.794581055641174 2990.581125035882 43.097012519836426 256.53194551169872 463.46055269241333 307.9417489618063 202.34766373038292 192.92144756019115 530.02739208936691 272.51596111059189 20.450719878077507 1232.8445275574923 688.16818913817406 66.58301155269146 64.013792499899864 1127.98114977777 295.41393160820007 255.17293113470078 105.08560346066952 685.84483836591244 846.04586112499237 91.833545610308647 515.30061075091362
leaf_count=4749 1290 442 461 1077 1207 1049 245 7383 70555 804 745 67 590 5951 387 171 14116 3065 1618 1048 2045 499 1823 1708 19013 2810 561 7691 9174 1124 474 192 5191 805 5672 395 395 2795 1928 204 12050 180 1050 1869 1237 821 778 2139 1114 83 4992 2788 269 261 4531 1186 1025 421 2748 3390 369 2065
internal_value=-6.5384e-05 -0.000223049 0.026649 -0.000170847 5.88489e-05 -0.00964472 0.0214432 -0.000187918 -0.000629368 0.00233995 -0.000115209 0.00881701 -0.00127978 -0.00218867 -0.0180868 0.00333402 0.00108745 0.00927105 0.0129596 0.014238 0.0114773 0.0180698 -0.00155725 0.000648243 -4.71552e-05 0.00137695 0.00425434 0.0020942 -0.00220352 -0.00762037 -0.0117004 -0.0278976 -0.00793372 -0.0107789 0.0101075 -0.00229942 0.00330116 0.0105447 -0.00583793 -0.0100251 0.00401183 0.0364846 0.00376315 0.00555916 0.0149341 0.0239319 0.00258507 -0.00336256 0.0254135 -0.00905544 0.00673289 -0.000989793 -0.00211353 0.0169595 0.00388285 0.00595812 -0.00362991 0.00752517 0.00676946 0.0089738 0.00533618 -0.00314838
internal_weight=55780.2 55453.2 326.991 55403 54091.2 1311.88 617.202 53474 47519.2 8537.09 6190.05 2347.04 38982.2 30710.8 474.723 5954.71 4472.25 995.845 418.7 1511.81 1316.34 813.01 27513.4 10027.5 9573.24 5715.33 282.462 8271.41 2429.95 3197.32 1725.96 325.275 1400.68 381.698 1482.46 6157.71 1425.62 795.584 630.04 531.499 3415.53 84.2614 3885.79 3186.08 766.821 458.88 2419.25 993.488 530.548 158.593 1425.77 835.235 818.765 130.597 5841.46 3922.68 550.587 3372.09 3267.01 2581.16 1735.12 607.134
internal_count=226885 225134 1751 224692 218894 5798 2940 215954 191543 34555 25016 9539 156988 123798 1937 24411 18388 4272 1863 6154 5350 3305 110866 40311 38488 23079 1143 33190 9764 12932 6981 1316 5665 1550 6023 24730 5717 3190 2527 2132 13758 351 15696 12886 3108 1871 9778 4008 2162 644 5770 3385 3318 530 23426 15735 2211 13524 13103 10355 6965 2434
is_linear=0
shrinkage=0.05


Tree=29
num_leaves=63
num_cat=0
split_feature=23 32 7 9 23 23 13 26 26 19 22 3 6 20 20 9 6 12 3 25 12 22 22 20 18 22 17 23 17 2 3 30 2 24 19 20 19 24 0 13 9 6 17 22 1 7 9 17 22 3 17 2 3 13 20 20 1 3 18 24 28 30
split_gain=85.9702 77.0636 55.2147 43.8423 103.995 72.5786 38.0067 41.3495 35.892 34.8997 34.0542 43.4553 49.4745 38.6761 36.1886 61.0557 41.7811 33.9287 36.0972 35.4913 31.1202 30.1371 28.1116 36.4351 28.0122 27.3136 27.267 26.0557 26.3484 25.3867 25.0902 42.578 48.4422 35.8402 31.429 26.5775 24.8806 24.1389 24.6278 24.0169 37.5989 23.9129 28.6242 23.4581 33.7939 30.766 25.1978 23.4211 22.6683 27.2191 22.5191 42.1049 31.8815 38.5892 31.2511 27.1058 25.3964 22.7307 22.1629 21.448 21.2919 59.1744
threshold=85.065615332681702 1.0000000180025095e-35 13.624999999999998 0.0044435854687915185 1.0000000180025095e-35 47.246370300523559 0.063045485342935109 20.778493033085088 16.781307785685659 0.49774537483501108 0.56254721546045217 0.0075871352156099943 1.0136370455798851 0.020556211495624813 -0.10194857760444563 0.18481216552303467 0.91745557908519315 0.17133434818130946 -0.0072062439030835578 17.777586900318777 0.05033274070486498 0.037987947269319491 0.84913785226658067 0.10687891946296148 0.23185260950004047 0.33732535718673456 0.094526299213938542 65.284195160571286 0.55605448376724653 1.0000000180025095e-35 -0.010373900600535963 0.94261582323592308 66.520902999562054 17.289748146589726 0.18309374523280189 -0.051888372113838059 0.1153235609684765 33.059985631965574 330.07867722209318 0.22367077751481865 0.065170588634234097 0.96000415889405566 0.67983367983367959 0.59229270034368875 275.90001608117768 5.7939285714285695 0.034356765179503854 0.69282706672668293 0.38196001499759419 0.0062283375518952626 0.26605504587155965 52.355352397760022 -0.011331017550313622 0.18993431175249967 -0.063030981422354401 0.013702937873563805 1665.160987415996 -0.028188642487784073 0.50533883889721998 13.347297498534799 0.2376541960047571 0.36496947686573411
decision_type=2 2 2 2 2 2 2 2 2 2 2 2 2 2 2 2 2 2 2 2 2 2 2 2 2 2 2 2 2 2 2 2 2 2 2 2 2 2 2 2 2 2 2 2 2 2 2 2 2 2 2 2 2 2 2 2 2 2 2 2 2 2
left_child=1 3 -2 5 9 -1 8 22 -6 -5 11 12 14 29 15 25 21 18 20 -19 -10 37 23 39 -11 36 -12 43 -29 -14 -28 32 -32 -33 -34 -36 -9 -17 -39 48 -41 -42 -43 -20 45 46 -45 50 49 -8 -16 52 54 56 57 -53 -54 -52 -23 -44 -37 -62
right_child=2 -3 -4 4 6 -7 7 10 17 24 26 -13 13 -15 47 16 -18 19 27 -21 -22 58 -24 -25 -26 -27 30 28 -30 -31 31 33 34 -35 35 60 -38 38 -40 40 41 42 59 44 -46 -47 -48 -49 -50 -51 51 55 53 -55 -56 -57 -58 -59 -60 -61 61 -63
leaf_value=-0.0046779260367916789 0.04107727119277485 -0.057923901551662452 -0.0020398442208456008 0.038038404017884941 -0.00021414735834245056 -0.039937665598565278 -0.0035039097482552429 -0.017212760101562394 0.03246074339109227 -0.019127875880621859 0.017123631541433555 -0.0097488956982888942 -0.012446125111449135 0.025481243793389181 -0.0040001546997391274 -0.022974074726480675 -0.0052639999713210489 0.0074198018455220935 0.0028804729596341372 -0.02167717838916081 0.0080933170169712604 -0.0046875027664385295 0.002670066532828769 -0.0098249245333265414 0.017706875775737204 0.018497430407796538 -0.0032383131911355259 -0.051599403643663271 -0.0029051692968461848 0.010987689773865753 -0.0020580384607721504 -0.058541310417209905 -0.024787498103524323 -0.0064379174278398777 0.036864513047735081 0.0039729300614827481 0.0076101632585252321 0.018155129984210924 -0.0065804114026808153 -0.015838006700406759 0.017642219288540383 -0.0073676622992537195 0.020272516195488373 0.065765670301255463 0.0054921947059950104 0.029346704752845398 0.0032302289009326734 -0.014944958825620769 0.00067034941544970284 -0.024438179436068398 0.01557797100654148 0.0053681530487243705 -0.0082151200434141397 -0.020397374103023464 0.0096753801279685723 -0.0072942504226776259 0.016878444454462831 -0.015444004767166022 0.010681140123180638 -0.00058835268987507058 0.038131513265130701 0.0095998081563189296
leaf_weight=1139.6574428677559 207.4495430290699 57.684039555490017 115.25926896929741 194.91235006600618 6731.8706555217505 167.38421194255352 815.62569132447243 108.40190368890762 230.2433093637228 60.140426993370056 368.92815750837326 1212.2020902484655 169.66058197617531 321.24568432569504 5818.4857986271381 143.84884740412235 2493.2243682146072 191.74494881927967 2362.7308183759451 230.43882656097412 305.79574643075466 286.09490193426609 1945.5973903685808 2091.1095920652151 356.49471102654934 592.83295480906963 1194.9377008825541 29.376191109418869 490.54420030117035 361.37727044522762 1067.9385383576155 40.697249084711075 59.495803669095039 174.63239987194538 102.3869259506464 734.63084550201893 1431.469962567091 138.86935411393642 364.58715136349201 717.32042083144188 129.9351868480444 2574.7491743266582 134.71666872501373 17.098062038421631 1209.9188303649426 360.79287870228291 259.07645623385906 350.81289213895798 5391.9999415874481 191.959468126297 73.168446123600006 3115.7365158051252 366.20642723143101 556.50778177380562 504.87670621275902 488.57079581916332 138.98597167432308 301.83428129553795 1291.2724035233259 1427.9287033379078 221.73775166273117 1011.3382189571857
leaf_count=4749 1270 505 481 1077 27068 1049 3301 436 1204 245 1482 4909 690 1297 23430 577 10038 769 9608 924 1236 1151 7806 8468 1618 2391 4800 119 1991 1454 4290 165 239 703 413 2946 5779 557 1463 2920 523 10444 544 73 4846 1488 1050 1415 21713 783 295 12554 1480 2285 2039 1967 560 1223 5223 5801 894 4067
internal_value=-6.19934e-05 -0.000211933 0.0256661 -0.00015161 6.70844e-05 -0.00919994 -0.000167422 -0.000901095 0.00225583 0.0205672 0.000330534 -0.00056482 8.29976e-06 0.0117872 -0.000532216 0.00235416 -0.000818556 0.00518006 0.00627411 -0.00845161 0.0185732 0.00416129 -0.00294657 -0.0037579 0.0123745 0.00937479 0.00404303 0.00487873 -0.00567547 0.0034905 0.00299428 0.00517799 0.0066285 -0.0163313 0.0109868 0.0120186 0.00585846 -0.0049179 0.000234761 -0.00264296 -0.00524522 -0.00346312 -0.00412755 0.00618355 0.0104061 0.0197299 0.00714232 -0.00222049 -0.000615221 -0.00749918 -0.00182713 0.000451842 -0.00548283 -0.0113157 0.0015502 0.0036502 -0.00129964 -0.0093753 0.00789036 0.00120806 0.0107214 0.0147372
internal_weight=55746.6 55423.8 322.709 55366.2 54059.1 1307.04 53447.6 41027.9 12419.6 611.547 25607 20630.3 19418.1 852.284 18565.8 6850.6 4717.9 5687.76 5265.58 422.184 536.039 2224.67 15420.9 13475.3 416.635 2132.7 4976.72 4729.54 519.92 531.038 4607.8 3412.86 3197.53 215.33 2129.59 2070.09 1539.87 647.305 503.457 11384.2 4984.65 4267.33 4137.39 4209.62 1846.89 636.967 276.175 11715.2 6399.59 1007.59 11364.4 5545.89 1941.58 1061.7 879.879 3604.31 505.192 375.003 1577.37 1562.65 1967.71 1233.08
internal_count=226885 225134 1751 224629 218831 5798 215891 165515 50376 2940 103212 83213 78304 3441 74863 27615 19009 23308 21615 1693 2440 8971 62303 54497 1863 8606 19999 19175 2110 2144 18517 13717 12849 868 8559 8320 6215 2597 2020 46029 20232 17312 16789 17065 7457 2611 1123 47248 25797 4084 45833 22403 7882 4325 3557 14521 2040 1518 6374 6345 7907 4961
is_linear=0
shrinkage=0.05


Tree=30
num_leaves=63
num_cat=0
split_feature=32 23 17 13 21 30 22 21 30 22 20 2 6 28 30 28 30 30 28 30 21 30 4 17 4 13 0 30 22 26 1 3 12 3 0 0 17 17 23 12 25 23 11 3 4 28 2 4 26 11 12 23 22 23 4 2 12 22 27 3 25 22
split_gain=78.3745 72.8483 47.8153 39.0915 65.5463 66.0716 65.5927 47.6921 63.4534 45.8776 46.349 33.4883 59.7008 40.6706 112.752 53.7992 54.9733 49.1877 49.463 40.5265 35.7263 34.7876 33.7718 48.4189 33.4235 30.6963 34.061 30.1164 29.5003 29.4843 35.7389 35.6243 54.0624 46.0642 61.0053 36.6802 33.3772 30.8254 28.775 28.4481 41.2878 28.4393 27.7429 27.0332 24.6854 24.359 31.7029 33.8688 23.653 22.9788 27.4255 22.9601 22.8986 22.845 22.3618 22.3073 21.6278 21.8144 21.3937 20.9255 20.7244 20.5898
threshold=1.0000000180025095e-35 96.691685729331212 0.9999695381990984 0.14879519903779057 -0.13071431287008742 0.52294329974432252 0.43143969422341349 -0.2541546862069729 0.8996447321924379 0.19715261191270736 -0.041221967433421207 80.664732346369973 0.95202831898619256 0.28544791832160221 0.39239458462570215 0.2160607309018871 0.26216253121098632 0.19825324180015258 0.15418827211140121 0.62912759534931773 -0.013087414501582404 0.12325166275430362 -0.0016308371483213667 0.2272162806138586 -0.0038436881512187555 0.21833131975606954 29.659145251177659 0.34543884440257505 0.19251316295309492 9.3851862306931206 275.90001608117768 -6.4572071706722038e-06 0.12290267241061399 1.0000000180025095e-35 25.581014644250892 378.2645395730371 0.26995232258210045 0.02390438247011924 67.239795797360003 0.0021022985428568249 27.547896995744861 48.133116768626742 -1.0000000180025095e-35 -0.0074126857270894646 -0.010228177407344224 0.40518809874713829 171.57693729650961 0.0026756876452735585 17.204003238739638 0.13359179858318015 0.159673097619805 62.516988764875542 0.77562541873991375 14.851176100503375 -0.00020664992801234603 5699.6616924320515 0.29614063440156968 0.65780543495376886 4.6448066887664696 -0.01691659894687348 52.182976844588538 0.23221350620922351
decision_type=2 2 2 2 2 2 2 2 2 2 2 2 2 2 2 2 2 2 2 2 2 2 2 2 2 2 2 2 2 2 2 2 2 2 2 2 2 2 2 2 2 2 2 2 2 2 2 2 2 2 2 2 2 2 2 2 2 2 2 2 2 2
left_child=1 2 3 29 5 6 -5 8 9 10 -7 12 24 14 15 17 54 18 -13 38 44 -20 -16 -24 -6 43 -27 -22 -9 37 31 32 35 34 36 51 53 -1 -15 40 -35 -11 60 -14 -19 46 47 -21 -30 50 -32 61 -23 -33 58 -56 57 -50 -17 -8 -4 -31
right_child=-2 -3 42 4 11 7 59 28 -10 41 -12 13 25 19 22 16 -18 20 21 45 27 52 23 -25 -26 26 -28 -29 48 30 49 33 -34 39 -36 -37 -38 -39 -40 -41 -42 -43 -44 -45 -46 -47 -48 -49 56 -51 -52 -53 -54 -55 55 -57 -58 -59 -60 -61 -62 -63
leaf_value=-0.038389019270078317 -0.059486066319430958 0.039939522738520285 0.011582871920294719 0.0049398133324755934 -0.036012535277851497 0.0073948705030910909 0.010966090575230701 -0.0092538212171099955 -0.0031133656365927367 0.028135139221780847 -0.036027499457937914 -0.0062666954453150757 0.0014251189783813423 0.0074563504408025312 -0.02299151963011838 0.023277249459246308 -0.0011793677495299201 0.037098242643569007 0.016922986605779015 -0.0038385826171084348 -0.026547289811323663 -0.0019648452824611905 0.017495148116492495 -0.015439851490475649 0.004852287891704405 0.012306904678493776 -0.014139197967952991 0.0088183019650231696 -0.015399780557521232 -0.036637398795549968 0.00011573547256803999 0.026167453839684052 -0.00087852345670105998 0.034433116715673832 -0.018627754067467403 0.031204591697713641 -0.0027408078137541418 -0.0029168416322839009 -0.013076905188998273 0.0037328147979011996 0.0068344395162062204 -0.00085106375961079201 -0.025100405039316438 -0.0093996705526747347 -0.0074227506344789534 8.4363527008296681e-05 -0.013238195786492114 0.058260284213254965 0.0014065762227501609 0.012213442772696379 -0.033121997156570479 -0.054845662255902761 0.033782324449587058 -0.003748811069052112 0.00082170386130136705 0.067318695893231084 -0.013148759657862084 0.039415754811303688 -0.043041308292324873 0.033147674600699083 0.03976899117461169 0.013711331192168042
leaf_weight=62.72368860244751 55.390811122953892 113.64049911499023 135.28057663887739 2252.8171955496073 51.971909448504448 1193.7604559212923 163.88253685832024 1638.6096936613321 1674.6060996949673 438.60399776697159 64.660629376769066 1645.763514995575 1018.4209428578615 2438.7334631234407 859.01337672770023 514.49742555618286 1217.7097838968039 32.003398686647415 512.1924652159214 65.074750185012817 464.96055354177952 742.1200580149889 145.96861392259598 471.55160941183567 1268.2158324569464 128.31552121043205 2288.3827264606953 68.867746964097023 255.32684966921806 20.646829560399055 13010.431837767363 199.14171539247036 671.16447846591473 193.3351012468338 515.66994023323059 324.00960695743561 937.8298777192831 2488.2163056582212 183.20343105494976 3765.5353871583939 455.02132287621498 104.42476139962673 30.331034325063229 1327.6630127876997 1001.6828364729881 2824.3595603257418 731.80140002071857 32.929005563259125 2359.5720558315516 393.85666106641293 62.259956479072571 12.703615695238112 47.574724987149239 93.449073359370232 260.39429812133312 13.164177313446997 260.50691041350365 38.277497187256813 12.3144194483757 307.59510722756386 127.22135194391012 867.48838560283184
leaf_count=411 506 864 569 9107 209 4831 666 6618 6741 1814 261 6652 4115 9829 3467 2075 4914 129 2063 263 1874 2992 587 1903 5094 522 9339 278 1046 83 52343 925 2697 820 2075 1532 3926 10218 741 15235 1855 423 152 5436 4037 11373 2952 133 9572 1580 250 54 191 375 1050 53 1054 156 50 1258 696 3636
internal_value=-9.36998e-05 -3.43356e-05 -0.000116365 -0.000223382 -0.00139377 0.00176413 0.00849239 -0.000518458 0.00389089 0.0104046 0.00515707 -0.00306105 -0.00616826 -0.00173761 -0.00409926 -0.00127814 0.00550734 -0.00431211 -0.000504585 0.00127563 -0.0114683 0.00677559 -0.0165776 -0.00764505 0.00323717 -0.00877639 -0.0127325 -0.0219747 -0.00388648 0.00128945 0.00189203 0.00452633 0.0105202 0.0026805 -0.00419219 0.0167698 0.00185471 -0.00379248 0.00601927 0.00540044 0.0150759 0.0225527 0.0200309 -0.0046987 -0.00603607 -0.00212674 -0.00965767 0.0170136 -0.000866035 0.000315733 -4.24321e-05 0.0115696 0.000186397 0.0165976 0.0156858 0.00406337 0.000528532 0.00201703 0.0217097 0.0254521 0.0252722 0.0125312
internal_weight=55656.8 55601.5 55487.8 55195 31121.5 10752.6 2724.29 8028.35 3476.06 1801.45 1258.42 20368.9 6082.97 14285.9 8009.78 6533.25 2018.08 4515.17 2947.65 6276.1 1567.51 1301.89 1476.53 617.52 1320.19 4762.78 2416.7 533.828 4552.29 24073.5 21522.5 8056 1896.01 6159.98 1746.09 1224.85 1230.42 2550.94 2621.94 4413.89 648.356 543.029 292.833 2346.08 1033.69 3654.16 829.805 98.0038 2913.68 13466.5 13072.7 900.839 789.695 292.591 800.37 273.558 2658.36 2397.85 526.812 471.478 262.502 888.135
internal_count=226670 226164 225300 223883 125868 43547 11031 32516 14070 7329 5092 82321 24715 57606 32315 26358 8142 18216 11898 25291 6318 5246 5957 2490 5303 19412 9861 2152 18446 98015 87386 33213 8002 25211 7301 5305 5226 10629 10570 17910 2675 2237 1417 9551 4166 14721 3348 396 11828 54173 52593 3773 3183 1300 3228 1103 10782 9728 2125 1924 1265 3719
is_linear=0
shrinkage=0.05


Tree=31
num_leaves=63
num_cat=0
split_feature=32 23 8 13 21 30 22 28 19 12 6 23 12 3 8 10 19 11 24 8 24 23 23 28 19 30 10 10 3 28 11 20 22 30 30 8 10 21 25 6 9 8 24 2 24 22 9 21 22 20 13 8 25 10 4 6 5 27 22 24 30 7
split_gain=74.0404 67.6772 45.5627 59.8406 48.068 52.8099 48.1589 44.0704 41.3418 33.0698 34.3121 31.3995 30.9257 36.7275 33.9944 37.0508 28.6611 39.7978 32.1984 31.9194 35.6513 28.1407 26.2869 26.2522 25.85 25.3155 25.178 24.5574 23.8396 40.6844 32.0505 30.6676 26.5976 23.2973 26.0927 23.1781 23.9014 22.8665 22.8123 22.7702 22.5739 22.3852 31.328 22.5597 24.5988 22.2647 32.9024 28.683 26.8009 27.0464 21.9774 23.8529 30.3346 25.631 23.3944 26.4584 22.2244 21.9685 21.5964 21.5129 31.5039 21.2265
threshold=1.0000000180025095e-35 96.691685729331212 0.0089999550004483085 0.042235725743194619 -0.19787140642630327 0.77832922824302153 0.31229189741796842 0.50029621679880354 0.48363089266185366 0.23777233429160613 0.91745557908519315 46.847355426896563 0.17263440014678516 -6.4572071706722038e-06 3.458596480158437 0.90303562896730605 1.5942730295507161 0.048195399000847863 46.773495089099079 3.3890199202632201 16.430421687717207 49.384881148200996 1.0000000180025095e-35 0.27140756211260703 1.5272176615074391 0.90336777770776899 0.91496912998101287 0.69258924385506671 0.0010834471399747529 0.32735932872882822 0.079017713411829574 0.011783602049762256 0.48478728947192562 0.39632567273173586 0.78993834779573124 1.9964804224151844 0.068103335357648953 -0.29806942611854614 21.170702368390042 1.001910869202816 0.16349810448730176 4.0919454391875485 29.507679136161002 369.49910250444333 22.769860625365677 0.32809299717861223 0.18481216552303467 -0.28060001127366191 0.018266905049280021 -0.03625356334800655 0.15057531443702238 2.6659299065118116 37.187536405365968 0.083887098198516433 -0.0002839570760644567 1.06055964335248 1.0000000180025095e-35 5.1010321629863613 0.037987947269319491 17.385175709842098 0.028180692780230308 78.866071428571459
decision_type=2 2 2 2 2 2 2 2 2 2 2 2 2 2 2 2 2 2 2 2 2 2 2 2 2 2 2 2 2 2 2 2 2 2 2 2 2 2 2 2 2 2 2 2 2 2 2 2 2 2 2 2 2 2 2 2 2 2 2 2 2 2
left_child=1 2 11 8 5 6 37 27 22 16 -11 24 13 35 15 59 17 19 41 33 38 61 39 -12 -1 45 -25 -7 31 30 -30 32 -16 40 -35 -10 -37 58 -21 -4 -6 42 -19 44 -43 47 -47 48 -9 -50 56 -52 53 -53 57 -56 -18 -55 -5 60 -15 -8
right_child=-2 -3 3 4 9 7 21 25 12 10 23 -13 -14 14 28 -17 50 18 -20 20 -22 -23 -24 26 -26 -27 -28 -29 29 -31 -32 -33 -34 34 -36 36 -38 -39 -40 -41 -42 43 -44 -45 -46 46 -48 -49 49 -51 51 52 -54 54 55 -57 -58 -59 -60 -61 -62 -63
leaf_value=-0.0043289914366021641 -0.059076952250395609 0.039031788484544319 0.018260836354382977 -0.0079321603038137525 0.0052757616484331651 -0.026567129140220077 0.031866649016747989 -0.026490587746286372 -0.0082093228108029211 0.0028881169958253055 0.004908658230611122 -0.036200115692925243 -0.013286946420662766 0.029267436240987134 -0.034020474749266581 0.032610386982780494 0.0065461009735756142 -0.0036605812558648519 0.016771130872366175 -0.0011576008962652573 0.0058994756559142807 -0.0018948733646722048 0.0077413290781860825 -0.015224993469119813 -0.032931092832774143 -0.0022813020244458744 0.0036869412671881327 -0.0032774526042930138 0.0028305193950951086 -0.005480189354724308 0.021203747811377079 -0.032888310809002286 -0.0026732473812597669 -0.0068702286073399222 0.015170947568204349 0.047994312787335743 0.01363949802287303 0.0030454444302585068 0.032533880947649009 0.055005782013190757 -0.021932016455285707 0.0031854498310586636 0.0030982582945029494 0.0060021937098577657 -0.0054010864796943765 0.037501006645643285 0.00055784757578908209 -0.0070802309815148753 0.017424837354213431 -0.016011386729409317 -0.0099501158089097611 0.019665789379408532 -0.016182410629823531 0.0014820557492503765 -0.00840344792900132 0.0039797904104875957 -0.0020455129923194373 -0.031568876211612661 0.024891063352418086 0.0052583217740890757 -0.0088558889475642798 5.8420963257050255e-05
leaf_weight=647.1239121556282 53.045672409236431 110.55072260648012 252.68076856434345 63.182762145996094 2486.7192017138004 232.08485971391201 379.57980194687843 45.409816935658455 110.62654516100883 643.93339590728283 239.1740997582674 112.53559747338295 312.75793388485909 60.217839866876602 73.269902244210243 115.58135397732258 935.14683033525944 10185.904805615544 248.12724497914314 62.604670822620392 835.52636884152889 99.784948170185089 1058.6044238954782 1393.8708844482899 90.011761993169785 1797.1648410707712 200.91002126038074 221.97642643749714 1369.803196683526 1434.7734904289246 287.28035518527031 110.79989416897297 879.75572644174099 1038.0899772047997 154.01438228785992 55.156337112188339 628.20166656374931 1742.7564576119184 248.48595762252808 50.825331538915634 78.486053109169006 1712.7632799446583 2060.5614234805107 1759.1140123456717 1625.2002192437649 131.59654855728149 111.64444378018379 380.7756030857563 497.74109283089638 68.609778106212616 1682.0756105929613 131.09565788507462 415.6737547069788 2427.8771824091673 2159.744177788496 538.33384419977665 3854.8699782192707 51.233087003231049 237.59462064504623 4039.8259382098913 530.22170872986317 61.222108423709869
leaf_count=2723 506 864 1134 254 10032 938 1573 182 458 2587 966 802 1255 250 295 478 3753 41059 997 252 3370 405 4454 5640 408 7239 811 894 5549 5764 1183 447 3649 4200 626 236 2767 7065 1000 396 317 6905 8289 7072 6538 534 452 1540 2012 278 6825 529 1687 9817 8764 2179 15501 209 982 16398 2128 253
internal_value=-8.90101e-05 -3.25069e-05 -0.000110535 6.81432e-05 -0.000780493 0.0033441 0.00876114 -0.000669023 0.00329586 -0.00145433 -0.00703495 -0.0115993 0.00218293 0.0026826 0.0017628 0.0046544 -0.00105556 2.41028e-06 -0.00110774 0.00398579 0.0112884 0.0220339 0.0114688 -0.0105218 -0.00783237 0.00150455 -0.0128393 -0.0151958 -0.00153828 0.000681672 0.0060199 -0.00799441 -0.00509183 0.00175567 -0.00401738 0.0129869 0.0164263 0.00524667 0.0257395 0.0244467 0.00444053 -0.00136391 -0.00252293 0.0014198 -0.000993734 0.00701403 0.0205723 0.00368452 0.010393 0.0133633 -0.00300739 -0.00471439 -0.00317477 -0.00215496 -0.00270883 -0.00593077 -0.000367041 0.000795765 0.0179791 0.00395479 -0.004955 0.0274612
internal_weight=55624.3 55571.3 55460.7 54611 43240.7 6071.12 2584.12 3487 11370.4 37169.5 2477.89 849.671 10008.3 9695.51 8901.53 4745.85 34691.6 22495.6 17591.7 4903.93 1146.62 540.587 1362.11 1833.96 737.136 3032.94 1594.78 454.061 4155.68 3091.86 1657.08 1063.83 953.026 3757.31 1192.1 793.985 683.358 2043.53 311.091 303.506 2565.21 17343.5 12246.5 5097.08 3337.96 1235.78 243.241 992.536 611.761 566.351 12196.1 7406.03 5723.96 5308.28 5177.19 2698.08 4790.02 2479.11 300.777 4630.27 590.44 440.802
internal_count=226670 226164 225300 221367 174526 24601 10532 14069 46841 149925 10004 3933 40857 39602 36141 19254 139921 90657 70860 19797 4622 2231 5984 7417 3131 12237 6451 1832 16887 12496 6732 4391 3944 15175 4826 3461 3003 8301 1252 1530 10349 69863 49348 20515 13443 4998 986 4012 2472 2290 49264 30010 23185 21498 20969 10943 19254 10026 1236 18776 2378 1826
is_linear=0
shrinkage=0.05


Tree=32
num_leaves=63
num_cat=0
split_feature=32 8 19 3 13 8 7 25 30 28 28 30 26 2 26 11 20 2 4 25 13 0 30 9 7 30 0 10 9 2 10 28 19 7 19 8 10 0 25 0 12 27 22 20 30 28 28 26 13 7 26 26 12 28 8 26 22 26 25 9 10 28
split_gain=69.9734 42.5936 67.1417 62.8304 46.2219 41.7196 39.986 39.5447 33.4659 39.8228 32.8188 82.3321 33.9935 33.91 38.3368 37.7073 32.8133 31.0898 38.3821 32.1106 29.9359 29.7584 29.2936 28.1269 27.1746 26.6456 26.0711 25.7134 46.8778 25.2281 25.0339 24.723 23.9888 23.3989 23.3422 22.8759 30.6068 26.4634 22.3518 28.7509 26.1633 25.5542 38.8486 26.1183 25.4393 28.8709 26.8903 38.8164 31.5408 26.648 22.1604 21.9394 21.8423 26.8901 21.6788 21.4241 20.9674 20.4656 20.2273 20.1922 28.2747 20.1901
threshold=1.0000000180025095e-35 0.0089999550004483085 1.0000000180025095e-35 -1.0000000180025095e-35 0.042235725743194619 4.2897363004132272 34.946428571428591 40.299382807267868 0.11942845499465134 0.16784207243161828 0.23221876071967226 0.3256006150297906 31.957982812310618 55.402136668864792 22.421029385043287 0.047667889370421594 -0.091588166064870344 443.02604990588657 -0.036824706890517318 13.371693396836537 0.017028780718166311 119.17954804568284 0.20621184608216758 0.17349717417370095 384.73571428571432 0.98131634482649199 319.08549662158174 0.78609160660311572 0.28330724805201063 616.30077017623285 0.54725490196078441 0.17389676119635764 0.89877104914087347 6.9464285714285756 1.5111896597418382 3.458596480158437 0.90303562896730605 11386.238440707186 11.77709354815654 29.659145251177659 0.23111095373050908 -2.4539550768752476 0.26505843604063778 0.017548847771213242 0.5385980660808215 0.26526380482730799 0.3374313507847157 17.4480020264178 0.24721056583536363 65.080357142857181 29.559563576681629 35.08516045295876 0.061062187513805093 0.27773981402226627 2.1773229168330066 12.796050042714279 0.16387747923461937 28.994890647288166 15.80428260209754 0.21284935822969581 0.69653911618231112 0.49607711529460041
decision_type=2 2 2 2 2 2 2 2 2 2 2 2 2 2 2 2 2 2 2 2 2 2 2 2 2 2 2 2 2 2 2 2 2 2 2 2 2 2 2 2 2 2 2 2 2 2 2 2 2 2 2 2 2 2 2 2 2 2 2 2 2 2
left_child=1 20 3 26 32 8 -5 17 9 21 16 12 13 15 59 -12 30 19 29 24 34 -6 31 -20 -7 -9 -3 28 38 -19 -10 -18 33 -4 -1 36 37 -34 51 40 -40 42 43 -41 46 -46 -43 48 -48 61 -35 56 53 -29 -24 -37 -13 -11 -31 -15 -61 -47
right_child=-2 2 4 6 5 7 -8 25 10 57 11 27 -14 14 -16 -17 22 18 23 -21 -22 -23 54 -25 -26 -27 -28 52 -30 58 -32 -33 35 50 -36 55 -38 -39 39 41 -42 44 -44 -45 45 49 47 -49 -50 -51 -52 -53 -54 -55 -56 -57 -58 -59 -60 60 -62 -63
leaf_value=-0.0060644067261900391 -0.058693110567469134 0.02591060310372206 -0.0016714206762821313 0.039142152223882704 0.015652261887189513 0.0092955840206895724 -0.015830776314327392 -0.014332849950607254 0.013787775362011583 0.010797493981844215 0.018815288279713765 -0.011235506645206172 0.035129548373128754 0.0070828264484125688 0.023384737057866832 -0.02163642414665265 -0.0077817643643609772 0.046107468050000405 0.012744342549510124 -0.00098992851456298592 -0.056250410625570492 -0.00081844137859633326 -0.0021039838460183155 0.0037195001816756885 -0.053084571812113956 -0.085834761257289616 -0.029589328159984819 -0.025708748865742811 -0.069243381806130364 -0.0062989173614329741 -0.0027342495260650902 0.001427036707609252 0.003745611099387593 0.0073634317001654917 -0.032287769026631448 -0.0056357859076081387 0.029383109410701616 -0.031728195111711065 0.047753316178179454 -0.0067195660303860441 -0.0119529257013279 -0.0017169389986775386 0.0038842619089269393 -0.043916945174752441 -0.033925423724859093 -0.0084508814054641886 0.014328860733237941 0.021666873301203798 -0.038205890679087348 0.002890249550862466 0.022784201628895554 0.019160990927792762 -0.0098984588934970356 0.0062965308913896295 -0.011263681249189608 0.0018184868659693464 0.0075522774031904346 0.03808897785456733 -0.044099448708340511 -0.06681875042602213 0.0011031772498316711 -0.0010273591020960636
leaf_weight=714.14309617131948 50.780868925154209 29.768603160977364 636.41283892095089 259.9850068166852 297.0177625566721 1059.6204418092966 37.70431849360466 225.2949935644865 362.9210619777441 475.46628111600876 85.17134815454483 217.6994507163763 122.99469690024853 620.5688137114048 421.41374371945858 177.03572092950344 1311.3543718755245 13.473616212606428 1217.7090102881193 7202.0524324029684 35.227769032120705 3558.0981225073338 824.41404639184475 2975.7944600582123 17.63094924390316 13.777278393507002 72.034377068281174 76.588531896471977 25.403090596199036 71.517452210187912 621.28178510069847 1638.9757628291845 4189.5417732745409 1979.6575420498848 96.390278078615665 1638.4792542755604 115.49390272796154 53.116007953882217 54.250182405114174 582.39782656729221 27.47159132361412 3412.661557033658 2976.7891235649586 51.34286692738533 88.129046216607094 3588.1686735600233 55.199114665389061 289.50580604374409 58.837910041213036 882.88770805299282 264.48616226017475 239.29857991635799 1761.0567930042744 454.16044901311398 3008.9688710421324 2339.5972099751234 466.21021403372288 80.500773355364799 70.727618902921677 22.81450417637825 45.811918526887894 1232.0291929244995
leaf_count=3206 506 121 2678 1688 1201 4283 164 911 1461 1914 346 877 498 2508 1700 718 5284 54 4930 29064 268 14298 3327 11999 71 56 308 310 104 287 2497 6616 17037 8205 461 6624 480 213 222 2365 112 13807 12012 212 357 14532 223 1173 239 3559 1185 968 7106 1832 12142 9608 1881 324 284 93 185 4976
internal_value=-8.45655e-05 -3.07878e-05 0.000141301 0.0205618 -8.88222e-06 -0.000753331 0.0321597 0.00163071 -0.00176879 0.00225525 -0.00245688 -0.00128627 0.00994624 0.00768396 0.011504 -0.00847548 -0.00517418 0.0020125 0.0054354 0.000213767 -0.0111651 0.000449622 -0.00641223 0.00634157 0.00826516 -0.0185084 -0.0133018 -0.00230244 -0.00151131 -0.0189241 0.00335389 -0.0026645 0.00285 0.00678398 -0.00919271 0.00148997 0.00399262 0.00329958 -0.0013895 -0.00191203 0.0276313 -0.00209527 0.00148995 -0.00974747 -0.00344314 -0.00553174 -0.000272267 0.01193 -0.0127426 -0.00509151 0.00918403 0.00613201 -0.00721846 0.00166469 -0.00929519 -0.00125057 0.00156375 0.0147643 -0.0251471 0.00422986 -0.0214687 -0.00655455
internal_weight=55595.3 55544.5 54698.8 399.492 54299.3 43082.5 297.689 12867.6 30214.9 4411.08 25803.8 18035.9 1495.81 1372.82 1110.61 262.207 7767.92 12628.5 4349.22 8279.3 845.761 3855.12 6783.71 4193.5 1077.25 239.072 101.803 16540.1 14248.3 155.719 984.203 2950.33 11216.8 2880.56 810.533 8336.23 4358.15 4242.66 14222.9 13299.7 81.7218 13217.9 3610.53 633.741 9607.42 5791.21 3816.2 403.543 114.037 5703.09 2244.14 923.208 2291.81 530.749 3833.38 3978.08 683.91 555.967 142.245 689.195 68.6264 4820.2
internal_count=226670 226164 222229 2281 219948 173918 1852 51939 121979 17737 104242 72915 6048 5550 4486 1064 31327 50972 17554 33418 3935 15499 27369 16929 4354 967 429 66867 57619 625 3958 11900 46030 12068 3667 33962 17730 17250 57515 53789 334 53455 14589 2577 38866 23424 15442 1635 462 23067 9390 3726 9248 2142 15469 16232 2758 2238 571 2786 278 19508
is_linear=0
shrinkage=0.05


Tree=33
num_leaves=63
num_cat=0
split_feature=31 23 9 23 23 7 8 13 21 30 22 7 9 26 30 1 30 1 19 0 9 23 9 21 19 22 13 8 24 22 0 12 7 24 0 13 13 22 24 3 30 21 22 12 24 24 12 7 7 19 10 1 9 12 7 21 0 22 25 22 0 18
split_gain=56.919 59.0593 38.0693 66.38 59.9975 37.2586 31.2502 30.9614 55.0237 48.4207 42.838 34.4228 29.3433 28.9645 35.3016 26.0752 28.7543 36.6661 28.9278 25.6048 25.578 25.5671 25.2589 24.6706 30.087 28.3131 28.6697 24.9461 24.0311 22.5976 22.4706 22.375 37.0238 24.2792 21.0173 21.0055 20.9665 20.8235 20.609 28.2252 22.7814 20.2332 20.0658 20.035 22.4139 20.0129 19.9185 19.569 19.4774 19.3403 19.3276 40.0997 26.3169 25.5377 21.0492 27.6841 22.5962 20.7184 20.5032 27.679 23.9808 24.3098
threshold=1.0000000180025095e-35 96.691685729331212 0.0044435854687915185 1.0000000180025095e-35 46.166210098898013 0.66071428571428592 6.1178648590059916 0.14879519903779057 -0.19787140642630327 0.77832922824302153 0.31229189741796842 30.412500000000005 0.10058585204517199 17.036669844376572 0.36897473723031537 1413.4098794064605 0.75864918780279289 1686.5111053795472 0.49774537483501108 1988.8372831193553 0.44525347384775832 49.384881148200996 0.077294063620961792 -0.086314479265988217 3.0183031636467814 0.44305633850675635 0.32118449091168305 5.4604252232671291 15.420098641995436 0.61039312839651838 1.0000000180025095e-35 0.10958299616777553 1.352142857142858 18.838930710834525 1795.2389606409783 0.26615340596843023 0.061274945822338632 0.40840351054891255 43.219503816309107 0.03912808461652683 0.29762985048828977 -0.29806942611854614 0.07079610813022412 0.30545573813730237 41.067982829484052 14.225799374569077 0.24273268978490645 1.4685714285714284 78.866071428571459 0.95425100376113281 0.060209823499255431 1141.2209204995504 0.059517772552860476 0.010440992108142184 6.6464285714285767 0.069885617158091842 983.64551026273978 0.25199239172134297 26.474021921221546 0.85957343342412107 947.58888558852129 0.51887062748735024
decision_type=2 2 2 2 2 2 2 2 2 2 2 2 2 2 2 2 2 2 2 2 2 2 2 2 2 2 2 2 2 2 2 2 2 2 2 2 2 2 2 2 2 2 2 2 2 2 2 2 2 2 2 2 2 2 2 2 2 2 2 2 2 2
left_child=1 2 4 6 49 28 30 15 9 10 41 13 -11 -10 23 19 20 -18 -19 34 38 48 -16 25 29 26 -15 47 36 35 -4 32 -24 46 50 -25 -5 -36 -17 40 -40 42 -9 -13 -45 -34 -33 -28 -12 -1 51 52 53 -7 -55 56 -56 -52 60 -60 61 -59
right_child=-2 -3 3 5 -6 7 -8 8 11 12 21 43 -14 14 22 16 17 18 -20 -21 -22 -23 31 24 -26 -27 27 -29 -30 -31 -32 33 45 -35 37 -37 -38 -39 39 -41 -42 -43 -44 44 -46 -47 -48 -49 -50 -51 57 -53 -54 54 55 -57 -58 58 59 -61 -62 -63
leaf_value=-0.00047009713600704232 -0.058209839905549947 0.037396530836794027 0.017813099433907773 0.042466599453636976 -0.036740746501378561 -0.010508428008202154 -0.012984630854945318 0.0017970098083889535 -0.0081940780707077006 -0.014199207415276688 0.03025952420432412 0.00057048167708542751 0.00080962038114853411 -0.0028086495341924813 -0.013315574375620799 -0.00072306586571150417 -0.025004539041238588 0.02095343891800986 -0.007134254797888308 0.012604288331405634 0.05385280917493826 -0.0019721874374790745 0.058247193977718374 0.0019311100953019822 -0.01688808578509262 0.017980522682167974 -0.041491860594239753 -0.051426391486073135 0.033205856851027227 0.0084623776086740331 0.05391853601172384 -0.0073579940089917254 0.017555789787842765 -0.0026857950022764043 0.010139596682235602 -0.0071920115165026279 -0.038421088650919449 -0.043488885428076191 -0.034389152368838355 -0.017531681985302847 0.036584947387300969 0.0029000518567556133 0.028025015641146081 -0.0096642319820428799 -0.06439861115723465 -0.0016618647001704339 -0.0215521470738896 0.018899126806141042 -7.3465161262775447e-05 -0.015238812432462218 -0.014256594399819994 -0.028515808318776287 0.027612323147346858 0.021340871572827127 -0.0085365544326021312 0.025138793553128813 0.038418429757786671 -0.0016093113592544539 -0.0025668823294974401 0.0045844616210207979 0.0091566901886276416 0.0047146550873170788
leaf_weight=822.36505794525146 41.980244614183903 105.07078991085291 468.51376883685589 11.65247270464897 165.0438385233283 166.76669044792652 76.738626644015312 126.66973313689232 2850.5111678317189 363.51312810182571 377.60620088875294 8961.053364276886 3116.2291159555316 865.15704242885113 768.17272372543812 4872.4188212007284 264.817587018013 104.21975600719452 752.75042317807674 583.16792337596416 21.937776014208794 99.773363709449768 29.363936945796013 1342.8901214599609 298.95760121941566 366.74302053451538 13.827569872140883 13.928518474102018 132.79591561853886 596.92213466763496 47.596046470105648 1789.749221816659 160.86429627239704 4095.731511503458 28.229393154382706 1188.9191217795014 24.901957750320435 49.550816908478737 12.438650384545324 43.158498793840408 110.81400747597218 1742.6496143341064 173.188082665205 179.06263023614883 20.858401790261269 853.84054198116064 287.33956079185009 337.93256129324436 61.16344065964222 303.76809410750866 203.8255607187748 69.09875924885273 190.12757606804371 297.83208599686623 270.10735403001308 111.21095512807369 28.184283927083015 2558.1716219186783 4326.3995318263769 1968.5204493701458 1513.3433570861816 3739.7846183925867
leaf_count=3415 455 864 2203 52 1088 684 317 513 11621 1468 1573 36147 12590 3498 3123 19545 1062 418 3018 2437 88 405 120 5427 1208 1490 56 56 563 2398 396 7256 648 16568 120 4807 101 206 50 173 444 7070 724 721 84 3446 1167 1363 253 1289 824 277 778 1214 1086 446 114 10335 17506 7958 6143 15201
internal_value=-8.04935e-05 -3.63518e-05 -0.000107475 9.48273e-05 -0.00859206 -8.93419e-05 0.0167324 -0.000163758 -0.0011836 0.00309048 0.00827965 -0.00221908 -0.000757211 -0.00362851 -0.00262778 0.00125835 -0.00150137 -0.00874358 -0.00371051 0.00231815 0.000103113 0.0208259 -0.00469399 0.000654432 -0.00173618 0.0057865 0.00214794 0.0138856 0.023319 -0.000286289 0.0211623 -0.00377544 0.00299081 -0.00492072 0.00193127 -0.00235118 -0.0124546 -0.0239728 -0.000130972 0.0171652 0.0293596 0.00496829 0.0169664 0.000220609 -0.0154292 0.00138127 -0.00932493 0.0164999 0.0260207 -0.00445931 0.00206221 0.00834832 0.010749 0.00707256 0.0112256 0.00385305 -0.00407184 0.00156396 0.00179301 -0.000329713 0.00350428 0.00214514
internal_weight=55569.9 55527.9 55422.9 54131.7 1291.18 53538.8 592.848 53369.5 31082.6 6060.79 2581.05 25021.8 3479.74 15860.9 13010.3 22286.9 6182.56 1121.79 856.97 16104.3 5060.77 538.543 7985.06 5025.28 3427.69 1597.59 1230.85 365.689 169.35 3128.73 516.11 7216.89 1044.07 6172.82 15521.2 2531.81 36.5544 77.7802 5038.83 166.411 123.253 2042.51 299.858 9160.97 199.921 1014.7 2077.09 351.76 438.77 1126.13 15443.4 1133.33 1064.23 874.101 707.335 409.503 298.292 14310 14106.2 6294.92 7811.3 6297.96
internal_count=226670 226215 225351 219559 5792 216643 2916 215927 125800 24596 10538 101204 14058 64252 52631 90127 24798 4498 3436 65329 20300 2231 32328 20303 13840 6463 4973 1475 716 12632 2599 29205 4214 24991 62892 10234 153 326 20212 667 494 8307 1237 36952 805 4094 8423 1419 1826 4704 62566 4599 4322 3544 2860 1646 1200 57967 57143 25464 31679 25536
is_linear=0
shrinkage=0.05


Tree=34
num_leaves=63
num_cat=0
split_feature=17 19 19 23 8 13 21 30 4 18 13 21 22 22 21 23 26 3 6 8 23 3 6 17 13 24 6 2 20 17 11 17 30 6 23 9 20 30 9 6 4 3 20 26 4 19 28 8 9 11 3 4 0 24 30 0 24 20 27 0 3 18
split_gain=53.2683 34.1729 33.7607 36.9104 30.5062 33.0002 31.3453 38.4618 30.9784 26.7711 40.7767 30.6192 37.0873 31.1578 37.1644 32.6677 28.4068 27.2409 25.6951 24.4184 22.694 56.7165 27.7095 21.989 21.9738 21.2148 26.5435 26.3701 23.0452 21.7209 21.0918 23.8937 20.8058 20.6211 20.2438 20.2323 19.4147 19.3208 19.1491 18.7428 21.9232 18.3236 22.114 18.1292 17.9605 17.7783 18.612 17.6776 17.6671 22.3505 18.5103 17.6404 22.477 20.2059 20.2463 19.1343 17.3788 19.9476 17.2915 17.1876 24.3974 16.8014
threshold=0.9999695381990984 0.19301479106567687 1.4654090550228862 72.025029706722748 0.0089999550004483085 0.15057531443702238 -0.086314479265988217 0.62912759534931773 -0.0039146741631562575 0.55022683695610453 1.0000000180025095e-35 -0.19446377167244425 0.21953044859608969 0.4489101441290419 -0.13298791350600073 29.913952419418063 26.011707327753985 -0.00020368819001400488 1.0190493145410091 6.3459270866857826 1.0000000180025095e-35 0.00013276314529736162 0.96656513202220018 1.0000000180025095e-35 0.16272727974934034 23.077280228209194 1.0226905549693408 27.966205590772446 0.03483436504085425 0.756816622492547 0.17086555424870223 0.27374485930337128 0.087733821308237495 1.0761774610690773 54.817551600250688 1.0000000180025095e-35 -0.020856591047698322 0.75476608845836168 0.057359283281881966 0.9145741416116836 0.021171687644282112 -0.019784091565977321 -0.12796472383696403 19.311015240987654 -0.017267993798363607 0.62797861259074228 0.50996033016849918 2.6793152609683633 0.040091353807566857 0.048195399000847863 -0.0041560734451416646 4.5188110563740016e-05 109.06654674817889 12.60989589853906 0.012738864050339463 86.710115233128548 17.201680855398031 0.0063084721054236246 0.82503704874293959 720.82147254370761 0.016630642565396075 0.41649707940289155
decision_type=2 2 2 2 2 2 2 2 2 2 2 2 2 2 2 2 2 2 2 2 2 2 2 2 2 2 2 2 2 2 2 2 2 2 2 2 2 2 2 2 2 2 2 2 2 2 2 2 2 2 2 2 2 2 2 2 2 2 2 2 2 2
left_child=2 -2 3 9 -4 30 7 8 58 23 17 12 -12 18 -15 -16 -14 32 43 47 -19 -22 -23 -1 36 26 29 28 -28 -8 31 -6 34 -3 -11 -17 -20 -18 -5 -37 41 -41 -43 -13 -27 46 -39 -9 -45 50 -50 -25 55 -54 -55 -53 57 -26 -7 60 -40 -61
right_child=1 33 4 38 5 6 25 19 -10 10 11 13 16 14 15 35 37 20 24 -21 21 22 -24 51 56 44 27 -29 -30 -31 -32 -33 -34 -35 -36 39 -38 45 59 40 -42 42 -44 48 -46 -47 -48 -49 49 -51 -52 52 53 54 -56 -57 -58 -59 -60 61 -62 -63
leaf_value=-0.030578697959609703 0.036667321867213977 -0.027527404936534657 -0.029803249753131641 0.04268413373957395 0.011946070123733676 0.017404724987835376 -0.0056738448758880955 -0.019868026896249308 -0.00057938940442719608 0.029723940835635607 0.0018488527292563419 -0.010092717383872201 0.0014598713746596763 0.019636598119303753 0.035820474918423571 -0.047426392942834891 0.026542528256327164 0.019089382569650686 0.044449237479123702 0.011158111133215281 -0.015328249035498804 0.063785283603183487 0.007866392031694423 -0.0019293273301034697 -0.0025732344359143595 -0.032391149926213433 -0.034726906931003602 0.0040040954369054494 -0.0022636364728887866 -0.023533260926591942 -0.028272089104329393 -9.0071198127086974e-05 0.0073122104377890632 0.013673618582371448 -0.0046316289363561086 0.021649235576687305 -0.024957813433817134 -0.034151805078586055 -0.00044824798496156666 -0.0068416203258373984 -0.022980966327424624 0.043089243001871891 0.0020068473996353738 -0.02384142267920443 -0.0087914353805239372 0.020347664763415055 0.0074844930769539277 -0.0045166177573151981 0.022853169589432516 -0.002441830154572661 0.0011355009365744638 0.0069667013060588845 0.017343472616540439 0.064717007848705987 -0.00019315272775491572 0.03938656323313252 0.010576177090910861 0.057889805441136956 -0.0030059839573902398 0.02521884929422967 0.035788975380189901 -0.014723832565921295
leaf_weight=62.942519053816795 158.17862073332071 38.643342770636082 96.44329060614109 58.415805257856846 428.43451097607613 572.18116422742605 1897.8976480141282 209.94044491648674 828.8549756705761 312.39244982600212 2323.7255951017141 769.38322455435991 343.08675870299339 297.60762080550194 69.023774147033691 21.152988143265247 384.69445170462132 212.20148197561502 12.218252487480639 226.9892437979579 342.93791736662388 22.923599064350128 611.82269601523876 10513.776957191527 18.546218112111092 83.616270646452904 85.98258350789547 1349.0940611958504 150.85239010304213 187.22030231356621 64.56169556081295 10888.585271954536 308.29496121406555 139.84062974154949 49.384209483861923 112.67493978142738 54.574411280453205 36.860389620065689 78.360015332698822 611.2217133641243 93.139554560184479 32.840966254472733 6309.2065119296312 90.810734242200851 2327.2051683068275 171.37955482304096 97.637806683778763 1773.9228616058826 160.71855428814888 5743.5150636583567 252.99571826308966 126.11161413788795 182.48638672381639 11.970814570784567 2507.109212256968 71.599138170480728 139.16113425791264 49.810619853436947 126.22466754168272 37.323978155851364 112.99169094860554 88.497038282454014
leaf_count=307 1084 187 470 428 1739 2325 7692 856 3385 1489 9404 3197 1391 1215 283 161 1613 1021 50 916 1398 100 2497 42858 75 340 352 5473 616 764 270 44099 1240 582 226 453 221 149 317 2455 374 132 25474 398 9492 696 396 7231 649 23180 1029 512 734 56 10078 289 569 202 513 150 461 357
internal_value=-7.64963e-05 0.0197488 -0.000197524 0.000782327 -0.00175773 -0.00162978 -0.00375347 -0.000148843 0.00595169 0.000607556 0.00176571 0.00104457 0.00535648 6.85924e-05 0.00232101 0.0016092 0.0132361 0.00881752 -0.00226195 -0.00436544 0.00427041 0.00104729 0.00990348 -0.00111572 0.0127443 -0.00596813 -0.00357272 0.00129961 -0.0140802 -0.00728087 0.000202116 0.000365247 0.0168828 0.00471482 0.0250204 0.00127913 -0.0121391 0.0190783 0.016368 0.0014244 0.00109998 0.0014236 0.00222105 -0.00284943 -0.00961334 0.00966888 -0.00390604 -0.00614461 -0.00195655 -0.00163258 0.00958789 -0.000976866 0.00247531 0.00128202 0.000115876 0.0187465 0.0207794 0.0414325 0.0137088 0.0114935 0.020931 -0.00282477
internal_weight=55542.2 336.663 55205.5 33907.5 21298 21201.6 9819.98 3738.11 1527.26 33531.9 20055.9 18196 3357.38 14838.6 7546.87 7249.26 1033.66 1859.96 7291.73 2210.85 1189.89 977.684 634.746 13476 274.311 6081.87 3671.05 1585.93 236.835 2085.12 11381.6 11317 670.072 178.484 361.777 7180.24 66.7927 690.572 375.589 7159.08 7046.41 6953.27 6342.05 7017.42 2410.82 305.878 134.498 1983.86 6248.04 6157.23 413.714 13413.1 2899.28 2701.57 2519.08 197.711 207.518 68.3568 698.406 317.173 191.352 125.821
internal_count=226670 1853 224817 138284 86533 86063 39955 15226 6223 136571 81737 73766 13649 60117 30547 29332 4245 7971 29570 9003 5016 3995 2597 54834 1117 24729 14897 6441 968 8456 46108 45838 2955 769 1715 29049 271 2854 1713 28888 28435 28061 25606 28453 9832 1241 545 8087 25256 24858 1678 54527 11669 10868 10134 801 846 277 2838 1285 778 507
is_linear=0
shrinkage=0.05


Tree=35
num_leaves=63
num_cat=0
split_feature=32 23 1 10 8 24 23 4 4 0 11 26 26 9 2 23 0 30 20 10 18 25 4 13 21 30 1 27 12 3 3 11 30 0 25 18 3 26 4 23 25 21 28 10 1 25 8 2 20 9 20 10 23 13 27 2 24 10 9 9 9 4
split_gain=65.9493 56.7889 30.1733 48.0402 29.7413 34.8096 28.9904 27.8104 36.641 24.8555 32.9198 32.0523 27.3238 30.7972 31.217 43.8599 24.2764 24.1958 23.9008 23.4157 23.3985 23.2888 28.4925 25.4296 22.7272 23.1789 43.2023 25.9653 22.1894 29.5643 38.3081 29.4271 26.8715 29.5074 21.4334 20.8836 21.0836 28.6181 20.6487 20.5042 24.0292 25.8854 20.3941 19.7862 19.7187 28.4888 20.134 22.6773 21.741 19.2607 19.0836 19.0358 18.78 18.7715 18.6217 25.4352 23.4133 22.4472 93.3605 41.5924 30.3741 24.7422
threshold=1.0000000180025095e-35 96.691685729331212 187.42124602937054 0.0050125348267178868 4.3661558289785702 28.470570163085089 1.0000000180025095e-35 -0.034213238681905719 -0.0014833929103484904 361.93404818708922 -0.011146341719572902 12.655954892400691 25.131865452229295 0.16349810448730176 75.124656346470161 70.534920955909698 183.8647303762543 0.89179430074757116 0.31928487591358351 0.46853725744454228 0.117513236645351 16.080376095467319 0.0017741566106653547 0.53154389053045248 -0.28060001127366191 0.047908010288723511 63.854913962077028 -3.8925184001660074 0.17398140755181921 -0.0010268633484882231 0.00054934372463636869 0.077764765485948309 0.43993082336340761 653.66037027318919 12.10904053348062 0.40795737907186524 -0.045097184978017464 29.270834258066049 -0.025312885591369575 47.900182427544941 8.412804242080071 -0.079424984262803686 0.45962363974832748 0.27447692756681524 3091.3749615588258 22.358418639063 5.0082939295589455 249.65963911274477 -0.12796472383696403 0.26037373979556849 0.50302001839749977 0.19503839165347872 56.327918158616548 0.71245210156314565 5.675705257546551 3851.9725116132781 33.059985631965574 0.16297553920643906 0.11491804112455752 0.081786112652511497 0.061577372065626801 0.0049885749044767573
decision_type=2 2 2 2 2 2 2 2 2 2 2 2 2 2 2 2 2 2 2 2 2 2 2 2 2 2 2 2 2 2 2 2 2 2 2 2 2 2 2 2 2 2 2 2 2 2 2 2 2 2 2 2 2 2 2 2 2 2 2 2 2 2
left_child=1 2 9 -4 6 7 -5 42 16 10 17 -11 13 14 24 38 -9 -1 35 -15 49 -10 51 43 -12 26 -26 -27 29 -13 -31 32 -32 -34 -7 -18 -37 -38 -16 40 41 -22 -6 -24 46 -46 47 52 -48 -14 54 -23 -45 -40 56 -56 57 58 59 61 -59 -8
right_child=-2 -3 3 4 5 34 50 8 21 11 12 28 20 19 15 -17 18 -19 -20 -21 39 22 23 -25 25 27 -28 -29 -30 30 31 -33 33 -35 -36 36 37 -39 53 -41 -42 -43 -44 44 45 -47 48 -49 -50 -51 -52 -53 -54 -55 55 -57 -58 60 -60 -61 -62 -63
leaf_value=0.0090307644476305664 -0.058056173340540002 0.037677976161364583 -0.033795860374540236 0.04963260693852134 0.0084060444017234979 0.0060287241441939043 -0.0017370885173707427 -0.040017110084765148 0.010022492354984532 -0.004641577178087667 0.05310816173537071 0.023773449817175125 -0.0063271953238860819 -0.045368176906371793 -0.039291871257752221 0.049066522357947881 0.0020004888572271139 0.04012660571055772 -0.047313749170986019 -0.0050091739279720755 0.044990746634693879 0.020549639717462521 0.035203611578648736 -0.054459287706075145 0.00039404072073398119 0.013266411799613607 0.041636498216224567 -0.0083703081790249458 -0.011131195692996705 -0.0077701072696919771 0.011418805791351206 0.02928672348668411 0.030582293302126889 -0.031358052054269461 -0.0034632523908085483 -0.0071777060907653612 0.012691705726401374 0.031958736583596804 0.0052623985058463819 0.013402667225762803 0.0021714077545911029 0.0052355720498389611 -0.055145520545780737 -0.067099589459786738 -0.052020051802793225 0.0037033819363645904 0.055047568217340075 0.0039307164029717982 0.012539793799969615 -0.05556821256302541 0.035907613494686741 -0.0035546246253389522 0.007311090597754373 0.053528301904169462 -0.011363935402411939 0.022107425399308253 0.0019126839109960291 -0.024230195902278664 -0.074038149042878823 0.010105109546330152 -0.0025878968810250547 0.012593855298424867
leaf_weight=334.39108225703239 48.862915195524693 99.715620666742325 109.6745527535677 27.6325354129076 19.803095579147339 715.71730360388756 4330.0291228741407 23.529452860355377 719.75232499837875 498.58087375760078 18.807269066572189 362.77289003133774 238.08918389678001 36.37634639441967 25.570771440863609 58.939331650733948 435.89665976166725 77.115082830190659 17.298529088497162 2618.0753248184919 69.528902187943459 84.630170285701752 63.110780626535416 16.395759269595146 1927.4684447050095 152.99214488267899 65.571842044591904 1456.6297651827335 119.96862168610096 309.01872988045216 751.71535255014896 204.20333814620972 25.474109664559364 76.816760241985321 3508.5318586528301 102.26044243574142 1004.9733657240868 239.1442504376173 1544.9981747418642 611.17301653325558 2713.1853730529547 100.27737319469452 34.018744304776192 21.643210396170616 33.611240103840828 71.286012917757034 32.157883733510971 325.08097673952579 467.91029000282288 21.622134536504745 33.932549938559532 2418.0044804662466 13.685965225100515 20.338135659694672 774.64758631587029 61.060515522956848 4657.7518814653158 163.47772778570652 41.294938042759895 1091.2949670404196 18995.323734506965 323.55584169924259
leaf_count=1400 528 865 794 252 80 2897 17456 95 2898 2032 76 1722 992 149 104 243 1765 381 70 10656 282 341 253 66 8159 622 278 5947 481 1257 3105 853 103 310 14138 413 4059 994 6246 2510 11078 449 137 88 135 286 129 1305 1880 87 151 9750 55 82 3129 246 18839 661 168 4394 76640 1297
internal_value=-5.32327e-05 -1.98776e-06 -6.9945e-05 -0.000762596 -0.000673744 0.00163941 -0.00146026 0.00404182 0.00435899 0.00189536 0.000980593 0.00660253 0.000490379 -0.00117349 0.00103746 0.00673849 0.0102927 0.0148785 0.0109555 -0.00556582 0.00400466 0.00182256 0.000157239 0.00709304 -0.00155852 -0.00184675 0.00175546 -0.00630997 0.0096357 0.0110792 0.00770589 0.0122302 0.008143 -0.015869 -0.00185373 0.0115265 0.0146065 0.0164015 0.00516421 0.00508191 0.00331583 0.0215601 -0.0316975 0.00808435 0.0063028 -0.0141365 0.00880163 -0.000194102 0.0152938 -0.0104658 -0.00150692 -0.00273672 -0.0381937 0.00589608 -0.00154891 -0.00891004 -0.00134091 -0.00194863 0.00077997 0.00131992 -0.00277295 -0.000739359
internal_weight=55566.4 55517.5 55417.8 40978.1 40868.4 10368.4 30500 6144.19 6090.37 14439.7 12091.1 2348.55 11679.6 7925.77 5271.32 1649.85 1823.1 411.506 1799.57 2654.45 3753.88 4267.27 3547.52 1044.88 3621.47 3602.66 1993.04 1609.62 1849.97 1730 1367.23 1058.21 854.006 102.291 4224.25 1782.27 1346.38 1244.12 1590.91 3494.16 2882.99 169.806 53.8218 1028.49 965.376 104.897 860.478 360.41 500.068 259.711 30472.4 2502.63 35.3292 1565.34 30438.4 835.708 29602.7 24945 5786.17 5744.88 19158.8 4653.58
internal_count=226858 226330 225465 165861 165067 41834 123233 24799 24582 59604 49741 9863 47960 32562 21757 6675 7396 1781 7301 10805 15398 17186 14288 4197 15082 15006 8437 6569 7831 7350 5628 4371 3518 413 17035 7231 5466 5053 6432 14319 11809 731 217 4131 3878 421 3457 1448 2009 1079 122981 10091 143 6328 122830 3375 119455 100616 23315 23147 77301 18753
is_linear=0
shrinkage=0.05


Tree=36
num_leaves=63
num_cat=0
split_feature=32 17 23 26 22 21 3 28 20 22 17 21 30 22 6 9 12 4 23 0 28 30 22 24 4 6 8 23 30 3 12 6 26 20 6 10 9 9 21 26 0 26 22 6 11 20 11 30 8 21 24 11 22 18 4 28 4 1 10 9 12 8
split_gain=62.3828 61.5218 32.1471 31.5338 40.473 45.5548 39.2243 31.2004 28.4893 45.7677 27.5379 27.4188 41.0203 33.6019 28.0563 37.3225 25.3783 29.5256 32.7283 26.6042 24.8856 29.1638 22.9462 23.369 22.9068 22.8628 22.5962 21.9026 22.2336 28.4841 33.1124 26.5304 27.4624 24.4696 21.4975 21.0195 83.5851 27.8046 22.1361 25.833 21.0154 21.6132 20.8063 20.1891 19.8952 21.894 24.4857 23.3629 22.6154 19.4554 20.3963 19.0917 18.9297 18.3687 18.3312 19.7658 21.173 18.29 18.2667 42.7207 18.2656 18.1876
threshold=1.0000000180025095e-35 0.9999695381990984 96.691685729331212 17.698740514807113 0.59819217595278495 -0.089761984757845123 0.010610873079377641 0.089326510212315621 0.048284911857393815 0.33102012884470938 0.018770111432856607 -0.2121519760338684 0.77832922824302153 0.15401041643615662 0.9045723186320358 0.26629559509602968 0.28750379017586419 0.0070863191348485887 33.317321562548315 266.2431144675927 0.53852797573534361 0.86444971481783273 0.46862763472688412 15.524134995845317 -0.0096762460927273999 1.0531011440851719 0.0089999550004483085 65.045392134059355 0.024369034994697777 -0.0029079471437076739 0.044925885926038599 1.0232273991645113 22.184831060270529 0.10042992084403259 1.0358233321716945 0.89521242555636837 0.37320612146877896 0.64323705806063025 0.15508500176381282 8.1108033064310856 112.18946510859031 38.373541380164014 0.50529423534456552 1.045931036296327 0.019490318441430499 0.13014553308945423 0.1872080288834522 0.62081456567206261 3.193454234445158 -1.0000000180025095e-35 27.236278237760008 0.056635699057425763 0.72519775193766056 1.620586695538728 0.00081821020242336528 0.089326510212315621 0.0013367243396429039 3631.8466950026964 0.75859256342464987 0.21456216979099782 0.18995799339452812 1.1280654950090816
decision_type=2 2 2 2 2 2 2 2 2 2 2 2 2 2 2 2 2 2 2 2 2 2 2 2 2 2 2 2 2 2 2 2 2 2 2 2 2 2 2 2 2 2 2 2 2 2 2 2 2 2 2 2 2 2 2 2 2 2 2 2 2 2
left_child=1 2 3 10 6 34 11 40 25 -10 -1 12 13 -5 -15 58 27 18 -18 -19 57 -22 49 -24 -17 42 -3 28 29 30 -13 -30 -33 53 52 36 -25 38 -37 -40 51 -42 -8 -11 -9 46 60 48 -47 50 -12 -7 -6 -34 61 56 -56 -14 59 -16 -46 -31
right_child=-2 26 -4 4 5 7 8 44 9 43 22 16 20 14 15 24 17 19 -20 -21 21 -23 23 35 -26 -27 -28 -29 31 54 -32 32 33 -35 -36 37 -38 -39 39 -41 41 -43 -44 -45 45 47 -48 -49 -50 -51 -52 -53 -54 -55 55 -57 -58 -59 -60 -61 -62 -63
leaf_value=-0.03381380753843341 -0.05773160218005581 -0.063497957791219792 0.040676886983007365 0.0027483019997285021 0.019235415936780961 0.012389666700026485 -0.0074211125032810259 0.0086182194651384294 -0.052466408918772835 -0.015821424808355904 -0.008134420484122374 0.028615661380616442 -0.0070383891999308366 0.041431595264699375 0.018576942431728374 -0.044668284093632063 0.00079841717455345291 0.067143419712779609 -0.018805729336549511 -0.0066493176307448878 0.014880930138729568 -0.00019649216706885706 0.0061743098127966869 -0.0021862657983890781 0.0070810769294865177 0.022074785210377413 0.023659371599091004 -0.026500411877356259 -0.00090460854328149997 -0.013164582544984781 0.0050093595331535904 0.00018045821667939118 0.022036315355846332 0.059267356793987758 -0.0019637958150801986 -0.0019838530300400319 -0.071941479463515576 -0.018044871455687336 -0.0045679204112484923 0.012264171143486628 0.023283856203682781 -0.026716738311603507 0.0089471313529929149 -0.00093621653298341144 0.0021140021886115706 -0.034492521594306221 0.020731792044516886 -0.013850353827524912 0.012135380530418372 -0.0015850242312994791 -0.027253494586488541 -0.059562173497594462 0.049616608163256484 -0.005749241532549596 0.044808355719250813 0.068744569631497679 -0.033439829966972361 -0.044819386662846281 0.042070259172624684 -0.019640148079837841 -0.011922898164900213 0.002417607004064366
leaf_weight=67.284712553024292 46.735088817775249 7.4903851673007003 48.120007529854774 965.74944488704205 314.09136332571507 20.695838943123817 792.62469597160816 1008.0070840716362 67.718976452946663 576.11809372901917 1127.7851768434048 235.38791561126709 552.10100549459457 97.180256083607674 639.01670283079147 41.847492516040802 363.4683543741703 23.69572725892067 512.17066143453121 24.835075736045837 383.51798324286938 1952.4390961974859 1039.9257027506828 11774.402404673398 43.290182590484619 95.933366075158119 319.24654707312584 78.117702201008797 18367.344858333468 224.30698129534721 404.33740504086018 430.91004002094269 224.17557676136494 34.261287972331047 98.363040000200272 854.50839906930923 43.007695719599724 149.46449513733387 295.49202413856983 990.86565354466438 339.8230517655611 22.906841203570366 256.80284832417965 377.97839605808258 5263.811386719346 29.910795643925667 170.50968031585217 459.48224048316479 193.29830011725426 1164.9039389714599 159.4961079210043 16.364544227719307 61.635948479175568 80.550486326217651 17.445468634366989 20.05644203722477 16.905556127429008 33.986139684915543 64.223130911588669 82.365706950426102 242.24859458208084 1131.108993023634
leaf_count=458 528 52 431 3915 1287 86 3222 4063 287 2344 4622 1302 2229 412 2655 171 1462 95 2071 100 1557 7859 4188 47856 177 389 1783 320 74146 1085 1641 1741 908 139 397 3463 175 603 1192 3980 1451 130 1038 1537 21124 120 686 1847 776 4771 657 67 255 326 70 82 68 137 263 338 977 4747
internal_value=-5.04877e-05 -1.71765e-06 -0.000129945 -0.000165734 0.000655542 0.00375009 -0.000217316 0.00283077 -0.0066896 -0.0127591 -0.00190706 0.000301164 0.00370449 0.0093536 0.0159379 0.0130825 -0.000443386 -0.00855423 -0.0106634 0.029342 -3.23022e-05 0.00227731 -0.0017846 -0.00105779 -0.0183191 -0.00126974 0.0216272 -9.06166e-05 6.64745e-06 0.00495615 0.0137063 -0.000523194 0.00856861 0.0192134 0.018797 -0.00159128 -0.00244116 0.00279155 0.00424935 0.00839369 0.0164346 0.020106 -0.00341044 -0.0099304 0.00209166 0.00105622 0.00207436 -0.00740133 0.00585204 -0.00627203 -0.0105091 -0.0193219 0.0242445 0.0146757 0.000981444 0.0294119 0.00616878 -0.00924504 0.0164938 0.0142044 0.00149531 -0.000158173
internal_weight=55541.8 55495.1 55168.4 55120.3 37453.1 8241.15 29212 7767.06 2167.18 1021.82 17667.1 27044.8 4855.72 1933.67 967.923 870.743 22189.1 924.17 875.639 48.5308 2922.04 2335.96 17599.9 15147.7 85.1377 1145.36 326.737 21264.9 21186.8 2049.55 639.725 19137.2 769.897 338.987 474.09 14107.7 11817.4 2290.33 2140.87 1286.36 399.79 362.73 1049.43 954.096 7367.27 6359.26 5676.57 682.691 223.209 2452.19 1287.28 37.0604 375.727 304.726 1409.82 54.4075 34.351 586.087 785.606 721.382 5506.06 1355.42
internal_count=226858 226330 224495 224064 152099 33266 118833 31327 8817 4168 71965 110016 19713 7931 4016 3604 90303 3728 3533 195 11782 9416 71507 61457 348 4649 1835 86575 86255 8995 2943 77260 3114 1373 1939 57269 48031 9238 8635 5172 1734 1581 4260 3881 29593 25530 22787 2743 896 10050 5279 153 1542 1234 6052 220 138 2366 3256 2993 22101 5832
is_linear=0
shrinkage=0.05


Tree=37
num_leaves=63
num_cat=0
split_feature=32 17 19 23 19 22 21 22 20 21 6 9 13 8 20 4 7 19 10 1 20 13 2 9 2 1 7 13 21 4 3 10 30 1 19 0 10 30 8 4 1 3 12 22 21 9 8 19 7 24 30 30 21 2 21 30 17 3 21 4 9 7
split_gain=59.0266 56.0259 30.9051 29.9501 28.3792 25.1412 31.011 33.3534 42.4642 30.388 25.2837 38.9949 23.709 27.3156 23.8843 26.3581 23.4513 34.6427 24.6923 23.036 22.1811 21.7413 27.1074 25.2241 23.711 21.4811 28.1661 21.4326 19.9304 29.2986 19.9284 19.7987 19.435 33.5639 28.397 26.0091 30.9793 18.9062 22.4375 18.8413 23.2777 18.7716 38.1691 18.5273 27.5083 26.8904 30.174 26.4923 19.2339 23.616 21.7305 19.093 20.4824 21.8606 18.6519 25.8913 18.4896 18.4471 20.529 18.4098 18.0723 17.9272
threshold=1.0000000180025095e-35 0.9999695381990984 0.19301479106567687 96.691685729331212 1.6806155812609356 0.61039312839651838 -0.2121519760338684 0.16387747923461937 -0.01720526833161384 -0.047132934319697388 0.91157665478851524 0.21623239348675308 0.15057531443702238 2.5987948982133915 0.19849590352647931 -6.5220907038734475e-05 215.61964285714285 0.47670174655323272 0.18701445347786813 3281.2362540393106 0.072246486991552686 0.12668174580044264 1389.6111081424776 0.040091353807566857 1399.892009649335 1326.145803243048 4.200000000000002 0.42537055213107416 -0.052175945273157213 -0.00020664992801234603 0.048326536561671067 0.71582758252530854 0.1349752342994123 1733.2276404962038 0.12865599728467084 109.06654674817889 0.032007500868710841 0.28972736275298633 5.8252093841355377 -0.0060693748169605372 425.97677150249723 -0.0067670240309416234 0.051227165184794289 0.2110259257098365 -0.032329722074040328 0.09988695764732454 1.888607494568278 0.49774537483501108 46.96428571428573 22.671490488997829 0.88024380017322501 0.5306983286072483 -0.1222667822235065 764.86695366661604 -0.15410274917865688 0.64859976472126013 0.018770111432856607 -0.026046978770502549 -0.5218140014422411 0.013888342253278068 0.29126342366956764 114.77500000000001
decision_type=2 2 2 2 2 2 2 2 2 2 2 2 2 2 2 2 2 2 2 2 2 2 2 2 2 2 2 2 2 2 2 2 2 2 2 2 2 2 2 2 2 2 2 2 2 2 2 2 2 2 2 2 2 2 2 2 2 2 2 2 2 2
left_child=1 3 -3 4 5 6 7 16 10 -7 -9 -12 28 20 15 37 18 -18 -1 -16 25 41 23 -23 -24 26 27 -14 29 -6 59 -13 33 34 -11 36 -36 39 -39 40 -15 42 -8 44 48 46 -45 -48 50 -50 51 52 53 -25 55 -47 -43 58 -10 -17 -33 -31
right_child=-2 2 -4 -5 12 9 21 8 57 32 11 31 13 14 19 30 17 -19 -20 -21 -22 22 24 43 -26 -27 -28 -29 -30 61 -32 60 -34 -35 35 -37 -38 38 -40 -41 -42 56 -44 45 -46 54 47 -49 49 -51 -52 -53 -54 -55 -56 -57 -58 -59 -60 -61 -62 -63
leaf_value=-0.029418186271035957 -0.057425299765284668 0.037490292711229112 0.0064548619145597605 0.039864647292928032 0.045523762223025926 0.013008023596109558 0.026024021404944572 0.031942045686428854 -0.0019885022050329056 -0.019944945832836646 0.017089286372415136 -0.028072318625412852 -0.0024446723432445441 0.054716657322224742 -0.013634127296409402 -0.0053360759277752455 0.0088688465878702417 -0.045627662029923931 0.002039609979709321 0.032791417910625884 -0.023902915436775682 -0.023312534287503732 0.037650473665501179 -0.0010931960407236845 0.0019488859864585631 0.0017807820883928007 -0.016663844984945175 0.042134657921364747 -0.00049035287967048044 -0.00036524012278418844 0.016360961474875792 0.014597493446905155 0.0010386581856344299 -0.0076573580324143355 0.037654728810796817 0.017452411844173673 -0.016809682756204543 -0.0016736551754191944 0.013016844959895671 0.00551213045728786 0.0072889469080009636 -0.025838014795790443 0.0032574155825347765 0.0076731412499760942 0.0072931883194935505 0.011829647187580903 -0.015810966999764173 -0.0044527882062240015 -0.0010153436480229373 -0.03195188071342752 0.021942069185459767 -0.013112387386383354 -0.01057284327116291 0.025132791766844954 -0.001016382451064128 -0.0041510064389411096 0.00036296751497012054 0.0020105372768072249 -0.049072622483252247 -0.042172746212347623 -0.019751006525395891 0.043513942474414952
leaf_weight=63.986602023243904 44.687436021864414 148.7325731292367 175.11361835151911 46.684203870594501 55.677310168743134 694.32207703590393 209.18498219549656 178.09934303164482 54.792197376489639 65.824545823037624 754.6199209690094 71.166003182530403 157.75087234377861 47.635524824261665 609.02299128472805 2706.0478336811066 51.853089287877083 66.07880312204361 2325.581312417984 27.793579518795013 234.87137959897518 147.86467927694321 47.187635570764542 570.99353218078613 2892.4836687296629 439.77835756540298 664.70560729503632 32.379739478230476 9765.5386387035251 192.97134728729725 105.13743098080158 115.78239759802818 6852.5025352984667 281.36498910188675 33.23237743973732 824.24072939902544 120.03659392893314 2522.0975581556559 289.67512878775597 481.21494077146053 57.1784358471632 68.078429713845253 1538.2953809201717 376.16763892769814 330.17309339344501 700.05558395385742 698.35775290429592 1946.2627419531345 97.221077784895897 170.34837456047535 64.924990221858025 854.99671140313148 538.73547403514385 92.151452466845512 6337.0215723663568 396.62255068123341 5430.8632428646088 493.29098907113075 40.29805614054203 34.294680833816528 57.03608900308609 26.337289094924927
leaf_count=259 528 1074 761 431 224 2818 1162 745 220 364 3118 291 652 193 2470 11013 209 266 9391 112 958 662 190 2309 11646 1779 2708 132 39531 780 427 471 27513 1128 142 3391 487 10234 1168 1944 232 403 6183 1520 1335 2840 2832 7905 394 688 262 3468 2185 371 25604 1610 22482 2005 162 139 231 106
internal_value=-4.79615e-05 -1.54622e-06 0.0207311 -0.000123421 -0.000157463 0.000647511 -9.23348e-05 0.00382591 0.00909115 0.00296483 0.0145752 0.01147 -0.00175685 -0.00371533 -0.00237071 -0.00142884 0.000117384 -0.0216367 0.00119396 -0.0115952 -0.00976 -0.000804703 -0.00181988 -0.00277902 0.00252493 -0.00718866 -0.0118086 0.00513918 -0.000115983 0.0131561 -0.00497928 -0.00588937 0.0021113 0.00765569 0.0117904 0.0139344 -0.00495104 0.00154306 -0.00015802 0.00971203 0.028923 0.00147275 0.00598692 -0.00254799 -0.00622493 -0.00159098 -0.00556885 -0.00745449 -0.00809524 -0.0207344 -0.00649812 -0.00739929 -0.00333017 0.0025469 2.4867e-05 0.0060457 3.72188e-05 -0.00186856 -0.0220253 -0.00580042 0.00322752 0.00489896
internal_weight=55517.4 55472.7 323.846 55148.9 55102.2 36652.1 27780.6 4272.58 1765.08 8871.52 1176.7 998.604 18450.1 8409.58 6880.1 6243.28 2507.5 117.932 2389.57 636.817 1529.49 23508 16261.6 13321.9 2939.67 1294.61 854.836 190.131 10040.5 274.986 2845.48 243.984 8177.2 1324.7 1043.33 977.51 153.269 3397.8 2811.77 586.029 104.814 7246.42 1747.48 13174 2719.54 10454.5 3020.79 2644.62 2389.37 267.569 2121.8 2056.88 1201.88 663.145 7433.7 1096.68 5498.94 588.381 95.0903 2740.34 172.818 219.309
internal_count=226858 226330 1835 224495 224064 149262 113419 17368 7243 35843 4856 4111 74802 34161 27932 25350 10125 475 9650 2582 6229 96051 65821 53985 11836 5271 3492 784 40641 1110 11579 993 33025 5512 4384 4020 629 13771 11402 2369 425 30230 7345 53323 11012 42311 12257 10737 9677 1082 8595 8333 4865 2680 30054 4450 22885 2387 382 11152 702 886
is_linear=0
shrinkage=0.05


Tree=38
num_leaves=63
num_cat=0
split_feature=32 17 19 23 26 18 12 6 17 3 4 18 3 1 17 26 23 19 12 21 12 11 6 4 10 9 9 24 9 23 6 4 19 6 19 3 7 19 7 20 10 4 18 20 4 2 6 10 20 20 26 27 21 20 2 17 9 1 4 26 21 20
split_gain=55.8662 51.1296 29.0348 27.8961 27.4883 25.7416 30.8016 24.8074 24.3028 22.7303 21.1242 35.4352 35.9169 32.1224 24.0659 28.0653 30.1186 22.5893 20.9985 20.7168 21.604 20.4502 20.007 31.2306 25.0033 65.7557 22.8099 21.3338 23.9936 20.1887 25.811 25.6628 19.6444 19.3215 19.5629 19.6525 20.8085 18.952 18.795 18.2095 18.9925 18.1059 18.3789 18.0576 18.0124 62.7189 27.9135 22.4878 22.3494 21.652 19.1714 18.8775 17.1117 20.4923 19.1203 20.4981 23.1445 24.6923 18.0573 17.1058 20.1666 17.065
threshold=1.0000000180025095e-35 0.9999695381990984 0.19301479106567687 96.691685729331212 17.698740514807113 0.57696048094863706 0.11148863355780668 0.91745557908519315 0.018770111432856607 -0.055332297087492766 -2.5972053786314715e-07 1.9193501312673165 -0.041892817946207826 35.864087739585948 0.63008021748805609 24.28434123710802 32.094356503299672 1.4811001248929343 0.092353782195565795 -0.12860444498104759 0.15835586076373886 0.095269474676989208 1.005086992896401 0.00011526526754158526 0.89521242555636837 0.37320612146877896 0.64323705806063025 22.371409212960845 0.083207549668024031 62.302694754681319 1.0683789134561974 0.015691207473290881 0.6133695689937767 0.96719883019319974 1.4654090550228862 -0.030546725408827618 3.0246428571428567 0.73266026325565703 75.694642857142881 0.085377389357826253 0.57868436381792476 0.0040988756201177827 0.24221533071821919 -0.28674816945661619 4.5188110563740016e-05 459.04088389095176 0.95370708400089244 0.72345794612675651 -0.090057075552406093 -0.063030981422354401 33.596578006625514 0.09611986202056412 -0.23783170383104321 -0.18991451133811491 39.56244376223426 0.61218698841711594 0.066906502415314151 1708.3014156591964 0.0026756876452735585 8.4698623344602257 0.049478090301709805 0.010856383536127613
decision_type=2 2 2 2 2 2 2 2 2 2 2 2 2 2 2 2 2 2 2 2 2 2 2 2 2 2 2 2 2 2 2 2 2 2 2 2 2 2 2 2 2 2 2 2 2 2 2 2 2 2 2 2 2 2 2 2 2 2 2 2 2 2
left_child=1 3 -3 4 8 6 41 9 -1 37 11 12 -9 -12 15 -14 32 -16 21 -18 -21 22 23 -10 25 27 59 28 -24 31 -31 -29 38 34 35 -22 -37 -7 -17 -8 -41 -6 -43 -11 45 46 47 48 50 51 -15 -48 53 -45 55 56 -54 -58 -56 -26 -61 -25
right_child=-2 2 -4 -5 5 7 39 10 18 43 13 -13 14 44 17 16 19 -19 -20 20 33 -23 24 61 26 -27 -28 29 -30 30 -32 -33 -34 -35 -36 36 -38 -39 -40 40 -42 42 -44 52 -46 -47 49 -49 -50 -51 -52 -53 54 -55 58 -57 57 -59 -60 60 -62 -63
leaf_value=-0.032188628854396356 -0.057135720534444392 0.036399314367252758 0.0061376101403560028 0.039058466472834896 0.00072709285798144049 0.0046347671172499655 -0.0021856890683978718 -0.01713886930986953 0.00090833116608577107 -0.036524873596245254 0.007787779947005748 -0.004577545713252482 -0.0014331839079425564 0.0096827372278616899 0.018432857303981021 -0.011380765245454668 0.013298080198320544 0.0057268812363557436 -0.0050145048782378847 0.0088900904098161062 -0.024183616066677235 -0.014639036728456831 -0.00512899776737434 0.024534294050175737 -0.0032434772075275115 -0.068549738951442479 -0.01889166398887674 -0.0065811334335170966 0.0042959600371015256 0.0011171124991495947 -0.0073414254392478165 -0.035008391640572317 0.012578696510245641 -0.016753940581448769 0.050941560744501069 -0.039044630187297903 0.012904509251660177 -0.011987220579137729 0.03209263037436668 -0.030515132090118465 -0.0069893417153726895 0.021462410800898078 0.0044258496194541008 0.031953858657534778 0.001676305156235275 -0.02904897114256861 -0.014736432697802216 -0.0047323397235826932 -0.00044276446105404504 -0.0016132619347138612 0.030623006543404937 -0.00239328727487327 -0.045329301731262227 0.010207137344299079 -0.003935810880516674 -0.018504024838784491 0.020780807512142875 -0.009189510986667369 0.025078271988261389 -0.0031267541877332272 0.011956552583343036 0.0049662192178798938
leaf_weight=65.362021066248417 42.718491189181805 145.61429389566183 174.96597908437252 45.302814401686192 5013.4618734121323 572.02996383607388 8858.708576798439 185.47125926613808 2012.5783109366894 20.558615565299988 1127.6736354231834 1263.8679382503033 1821.3694793879986 411.24902522563934 584.8291404992342 429.99827982485294 1245.2876580655575 874.73780372738838 3691.7585035264492 930.40367121994495 63.062338218092918 260.79583421349525 998.15333373844624 241.41897718608379 418.87571193277836 37.354252502322197 101.72729389369488 2170.679473683238 2085.6459092646837 2689.8701017946005 1356.1669907718897 82.414614245295525 139.23154318332672 186.39997786283493 20.383167997002602 21.32602846622467 189.46400797367096 244.76121553778648 26.239178225398064 106.62120841443539 443.42072327435017 209.44784894585609 652.65719753503799 177.54804611206055 3783.7547888159752 217.33757694810629 686.1578842997551 441.27700082957745 377.64754571020603 3956.0707558989525 149.50154687464237 566.71354871988297 15.239162787795065 280.61184804141521 427.10382108390331 48.365726724267006 517.34046426415443 78.944685399532318 61.219180375337601 288.40594813227654 949.27723915874958 208.34632535278797
leaf_count=458 528 1074 761 431 20485 2310 35830 746 8484 83 4902 5106 7363 1653 2369 1734 5093 3540 15024 3741 253 1088 4025 987 1690 153 410 8761 8411 10854 5470 330 563 751 82 86 763 988 106 434 1792 840 2620 733 15208 946 2794 1775 1517 16074 602 2292 68 1160 1721 203 2209 318 246 1167 3815 838
internal_value=-4.55363e-05 -1.36282e-06 0.0199058 -0.000117246 -0.000149625 0.000617473 -0.000960612 0.00170697 -0.00177575 0.00645892 0.00111721 0.003101 0.00454633 -0.000233773 0.00516301 0.00353364 0.00631711 0.0108223 -0.0016623 0.00859596 0.00444199 -0.000771691 -0.000506094 0.00357323 -0.00140513 -0.00242708 0.00406712 -0.00216258 0.00124363 -0.00383092 -0.00171693 -0.00762468 -0.00383993 -0.00415821 0.00380725 0.000263423 0.00760899 -0.000340947 -0.00886308 -0.00273457 -0.0115634 0.00187923 0.00857268 0.00987563 -0.00108851 -0.00262634 -0.00175355 0.00456831 0.00894725 -0.00342901 0.015279 -0.00915786 0.0104748 0.0186506 0.00720684 0.0127567 0.01524 0.0168037 -0.0002838 0.00548106 0.00843782 0.0154839
internal_weight=55494.9 55452.2 320.58 55131.6 55086.3 37427.5 15284.3 22143.2 17658.8 2443.72 19699.5 7982.07 6718.2 11717.4 6532.73 5073.17 3251.8 1459.57 17593.5 2656.33 1411.04 13901.7 13640.9 2462.34 11178.6 9420.28 1758.29 9382.93 3083.8 6299.13 4046.04 2253.09 595.469 480.636 294.236 273.852 210.79 816.791 456.237 9408.75 550.042 5875.57 862.105 1626.93 10589.7 6805.95 6588.62 1379.68 938.398 5208.94 560.751 1252.87 1606.37 458.16 1148.21 659.89 611.524 596.285 488.323 1656.56 1237.68 449.765
internal_count=226858 226330 1835 224495 224064 152099 62001 90098 71965 10039 80059 32296 27190 47763 26444 20535 13172 5909 71507 10769 5676 56483 55395 10309 45086 38004 7082 37851 12436 25415 16324 9091 2403 1935 1184 1102 849 3298 1840 38056 2226 23945 3460 6741 42861 27653 26707 5547 3772 21160 2255 5086 6658 1893 4765 2798 2595 2527 1967 6672 4982 1825
is_linear=0
shrinkage=0.05


Tree=39
num_leaves=63
num_cat=0
split_feature=32 17 19 23 26 22 21 3 22 20 20 8 20 20 26 22 18 21 22 20 12 1 3 30 18 1 9 2 10 17 2 30 18 22 21 19 11 9 27 20 2 1 27 25 22 3 0 10 23 28 10 9 9 3 28 30 22 28 30 0 9 12
split_gain=52.8884 46.6496 27.2542 25.9758 24.8189 36.6015 41.6409 30.3896 28.7032 42.4553 30.6581 36.3022 25.352 25.3377 25.0462 22.5122 22.3458 26.4171 36.9032 36.0842 24.42 27.2475 22.9701 21.8919 22.1884 20.7667 20.7097 27.4141 24.7548 20.2501 19.9165 19.4086 19.2491 18.4135 20.6341 18.7952 20.9121 18.3442 17.7998 19.3641 17.6672 21.4228 19.6824 18.6518 17.6201 17.4273 19.7911 17.3769 17.3173 40.146 17.2397 24.7274 24.1217 17.0036 16.9098 29.7779 24.6794 20.5455 25.1488 18.122 20.9878 16.8062
threshold=1.0000000180025095e-35 0.9999695381990984 0.19301479106567687 96.691685729331212 17.698740514807113 0.68421067204303043 -0.079424984262803686 0.010610873079377641 0.40263890137572356 0.032742013759768381 0.16173907544658575 3.6163194984980054 -0.05627709901726851 0.05185931547694423 24.949389092669737 0.46862763472688412 0.57696048094863706 -0.13071431287008742 0.32156565365255513 -0.10194857760444563 0.1449925693959726 261.20091915064518 -0.0029079471437076739 0.49913792847184452 1.6963373306983911 290.32610007037084 0.047271212485577835 716.21201253214633 0.12315723703274416 0.080671252781644651 9011.6281631384718 0.94261582323592308 1.5502641208870782 0.97663650653776224 0.64711206821309308 0.88951412822104814 0.17320586838154808 0.061577372065626801 -7.7196176434696104 0.21273269254907837 378.4942287616031 425.97677150249723 4.7486613713438297 25.964304143374168 0.42568504613322827 0.005327070126301933 261.50275378047223 0.416735310269083 48.589612402412477 0.48698052404152936 0.51215115524402921 0.13954601181520357 0.2493664831034251 0.020091963563417265 0.53852797573534361 0.77430874108053016 0.037987947269319491 0.38084117995241007 0.52294329974432252 3078.8822360777422 0.16941220757891359 0.11973703919916494
decision_type=2 2 2 2 2 2 2 2 2 2 2 2 2 2 2 2 2 2 2 2 2 2 2 2 2 2 2 2 2 2 2 2 2 2 2 2 2 2 2 2 2 2 2 2 2 2 2 2 2 2 2 2 2 2 2 2 2 2 2 2 2 2
left_child=1 3 -3 4 15 7 45 16 9 14 11 13 -8 32 -9 -1 61 18 22 -20 21 -19 54 -21 -25 47 27 -27 -28 44 33 38 -10 35 -35 -17 40 -30 -14 -40 -37 43 -43 53 -22 46 -7 -23 -24 -50 51 -11 -52 -42 55 57 -56 58 -18 60 -57 -6
right_child=-2 2 -4 -5 5 6 12 8 10 50 -12 -13 31 -15 -16 30 17 20 19 23 29 25 48 24 -26 26 28 -29 37 -31 -32 -33 -34 34 -36 36 -38 -39 39 -41 41 42 -44 -45 -46 -47 -48 -49 49 -51 52 -53 -54 -55 56 59 -58 -59 -60 -61 -62 -63
leaf_value=-0.0061055075387517034 -0.056861433771898034 0.035329410751678662 0.005835801890118647 0.038257611940357525 0.0013448495104491488 -0.021938804782283883 0.022596234585510331 0.002327241321034288 0.0052283484815895181 -0.016765233102028102 -0.019446942527610964 0.0061674724804169348 0.02821879558650733 -0.014676037199254421 -0.024854259576067857 0.0021342689680197056 0.0051314512664586975 0.0066674084309072557 0.028640091137233314 0.018063646127836341 -0.000594573976009036 -0.008142984398098756 -0.02303449496654043 0.0073806596072960948 -0.012061884699523392 0.0039591298093092564 0.010023384994777961 -0.022792667312836551 -0.018302951934808059 -0.0045697733059466049 0.020789437006819615 -0.0085221374236746257 -0.023687158522523261 0.023444021082221825 5.4224926354396235e-05 -0.00074257655412101296 -0.041371866634442561 0.00045966721268136593 0.0042567076998534436 -0.010620544567392178 -0.012078468241440049 -0.0024294994300973795 -0.012704989352264105 -0.026616430239935453 0.013880795014801148 0.043654278820278891 0.026298471621167538 -0.049260090919713784 0.030301485664535228 -0.027108187646527882 0.0014812129843416058 -0.061059075523684107 -0.051996989282888796 0.041197555137130151 -0.0026269855608634304 -0.021158301961002088 0.01226160567272107 0.01000843426032335 -0.0063004725268073561 -0.047427134357795594 0.0011752662910893747 -0.0025975480040540642
leaf_weight=2478.9101561307907 40.826615281403065 142.6034808754921 174.82282716035843 43.974688857793808 4159.5818664655089 28.593577027320862 170.20925599336624 321.27091297507286 414.12669551372528 53.341233670711517 231.6783312112093 1063.896633580327 73.686816722154617 524.92205737531185 114.88816128671169 2990.1067938581109 1124.7169356048107 2166.8138325512409 242.81530383229256 360.03151126205921 775.76822754740715 87.974809750914574 155.00887814164162 738.26546475291252 182.90222884714603 174.94476728886366 701.85932125151157 210.69764818251133 135.51066437363625 3443.8112318515778 104.35759551823139 341.24101489782333 66.724390164017677 159.17799273133278 232.159343957901 7500.6830676868558 34.073211953043938 3303.8734820336103 3961.3035028725863 231.23636744916439 53.106010258197784 3345.9068050086498 541.85383661091328 194.1598995923996 287.97274929285049 87.983601987361908 81.270468980073929 36.468803063035011 62.028884097933769 59.601095646619797 66.626579284667969 78.573445394635201 30.630599901080132 20.724917769432068 401.50350300967693 179.8000605404377 903.31574657559395 741.75803044438362 840.45061756670475 31.424914792180061 252.35191366076469 7714.4067265540361
leaf_count=10260 528 1074 761 431 17014 118 684 1308 1674 220 942 4323 307 2131 466 12362 4550 9217 1005 1474 3124 354 632 3011 744 743 2822 910 546 13928 419 1375 269 643 937 30424 138 13291 15955 935 215 13497 2197 789 1159 362 334 147 253 242 275 331 127 84 1612 728 3654 3046 3405 127 1020 31205
internal_value=-4.32911e-05 -1.25274e-06 0.0191085 -0.000111433 -0.00014223 0.000586774 0.00457989 -2.54899e-05 -0.00484916 -0.0139966 -0.00220192 -0.000268258 0.00364755 -0.00708082 -0.0048252 -0.00168753 0.00045985 0.0015907 0.00419282 0.0109635 0.000148303 0.00203647 0.00202013 0.00760756 0.00351393 -0.000119862 0.00043319 -0.010646 0.00146635 -0.00270663 -0.000965534 0.00294599 0.00120146 -0.00111663 0.00958445 -0.00140229 -0.00230729 -0.000278631 0.00386463 0.00343474 -0.00219231 -0.00480764 -0.00386321 -0.0184833 0.00332039 0.0270559 0.0136901 -0.0202626 -0.0119558 0.00212938 -0.0314201 -0.0432125 -0.0153462 0.00284439 0.00288541 0.000911845 0.00767658 0.00291867 0.000239701 -0.0107938 -0.00810796 -0.00121606
internal_weight=55475.3 55434.5 317.426 55117.1 55073.1 37417.9 4975.52 32442.3 2966.68 665.331 2301.35 2069.67 4777.68 1005.77 436.159 17655.2 29475.7 17601.7 6275.98 1524.01 11325.7 6818.14 4751.96 1281.2 921.168 4651.33 4526.89 385.642 4141.24 4507.55 15176.3 4607.47 480.851 15072 391.337 14680.6 11690.5 3439.38 4266.23 4192.54 11656.4 4155.75 3887.76 267.991 1063.74 197.848 109.864 124.444 276.639 121.63 229.172 131.915 97.2572 73.8309 4475.32 3170.5 1304.82 2706.93 1965.17 463.577 432.152 11874
internal_count=226858 226330 1835 224495 224064 152099 20070 132029 12066 2727 9339 8397 19256 4074 1774 71965 119963 71744 25503 6234 46241 28030 19269 5229 3755 18813 18312 1653 16659 18211 61705 18572 1943 61286 1580 59706 47344 13837 17197 16890 47206 16782 15694 1088 4283 814 452 501 1127 495 953 551 402 299 18142 12876 5266 11001 7955 1875 1748 48219
is_linear=0
shrinkage=0.05


Tree=40
num_leaves=63
num_cat=0
split_feature=32 1 10 7 23 24 11 10 13 12 26 4 21 24 24 12 24 11 13 2 9 30 20 10 1 22 3 6 22 2 13 24 21 7 26 19 10 30 13 9 26 22 6 20 30 4 22 1 21 6 1 21 21 12 19 22 3 2 20 22 11 6
split_gain=46.9574 34.195 43.6071 38.3843 50.5109 38.7129 26.8549 26.7047 29.9163 28.2838 28.2564 30.3982 36.7048 30.2015 29.0243 28.8796 26.1115 24.1773 23.4467 23.2857 22.6639 22.5145 23.0286 22.2245 22.1294 22.1061 22.0392 21.7327 29.4451 25.0524 27.6227 22.7214 22.3545 21.4821 21.45 21.4172 21.3916 38.702 24.2294 21.2969 20.7739 20.6818 20.5948 19.7537 36.6461 19.6058 19.4385 30.7834 25.152 35.6222 26.8013 23.7103 31.667 31.984 29.809 29.6735 41.7185 45.2996 26.3928 49.1373 29.2485 26.194
threshold=1.0000000180025095e-35 187.42124602937054 0.0050125348267178868 11.017857142857144 81.847975912606145 58.903163051641094 -1.0000000180025095e-35 0.056208202514536738 0.19523420165041103 0.015233528685353799 25.131865452229295 0.0089746487650903053 0.20618833352141366 31.318910933383734 31.137669398837463 0.47513141084364907 41.476719729592098 0.032206248172892339 0.93556721056721071 140.75014889810674 0.14851379818227065 0.051982196877931215 -0.012638414180999367 0.012754813013656847 82.729189928614133 0.72168820882391505 0.015603767099706527 0.96656513202220018 0.62277064546348393 3203.5397131737859 0.24912017549159571 15.108945690600843 -0.055598535816950061 3.7860714285714323 15.99010812103635 0.92615743508742543 0.59415287637408298 0.14297328687572594 0.1724383937357333 0.057359283281881966 22.578329983946116 0.44019871766037039 1.000689018432072 0.013702937873563805 0.083756388781514424 0.0028445613481907889 0.68081445241269278 1733.2276404962038 -0.067297195773375826 1.0389434777102828 219.71647588026215 1.0000000180025095e-35 0.065604258186017797 0.11865395967668697 5.3873547473984891 0.5301063152182991 0.0022611132707625816 314.4972486475437 0.032742013759768381 0.34328513625398083 0.023057385133681118 1.0072674248095665
decision_type=2 2 2 2 2 2 2 2 2 2 2 2 2 2 2 2 2 2 2 2 2 2 2 2 2 2 2 2 2 2 2 2 2 2 2 2 2 2 2 2 2 2 2 2 2 2 2 2 2 2 2 2 2 2 2 2 2 2 2 2 2 2
left_child=1 3 -3 4 5 7 -7 8 9 -1 11 14 24 15 25 -12 -16 -14 23 -10 -15 22 -11 42 -13 33 -18 28 34 46 36 39 -30 -9 -25 -5 38 -38 45 -32 -19 -40 -4 -23 -45 -31 51 48 49 -48 -50 55 54 -54 -53 56 57 -29 61 -60 -61 -58
right_child=-2 2 18 35 -6 6 -8 10 19 21 13 12 17 20 16 -17 26 40 -20 -21 -22 43 -24 27 -26 -27 -28 29 32 30 31 -33 -34 -35 -36 -37 37 -39 41 -41 -42 -43 -44 44 -46 -47 47 -49 50 -51 -52 52 53 -55 -56 -57 58 -59 59 60 -62 -63
leaf_value=0.0030451225571690699 -0.055637610674080656 -0.033371129584396968 -0.00062359248227531654 0.011724308665491207 0.028642303262320652 0.03299116944164731 -0.0098596807403519508 -0.0061786150437536137 -0.034170315614175266 -0.0022791783443425685 0.0020421322092834251 -0.0090080750186596423 0.018742205024806623 0.024973293820505071 -0.015863739724381969 -0.039982517288948596 -0.0097093083020956348 -0.014812652396818744 -0.022804085899687743 0.036193366657127683 0.0071063801622995824 0.028251714460224231 0.054522970035779474 0.066866681680640597 0.045599538885535945 0.0066663997526498599 0.016365669111211047 -0.0053595999627258448 0.038080488966846814 0.010609071658951544 -0.012853892695191566 0.0071791977396589201 0.0085962033602164142 0.0017659357639854469 0.00059897554639628918 0.0037391780031029243 0.061474672762426991 0.005118740300882582 -0.031035607613940638 0.037497346664624405 0.034351138986884598 -0.0050646622679724586 0.030739702270481613 -0.06299084608945997 0.020734731444548418 -0.0049123020464656528 0.033024391903016009 -0.0056461447242136444 0.014407411337747889 -0.012151884455209103 0.00033844799696235107 -0.0073935304865028438 0.00021246463621702664 -0.01068277901316622 -0.026308483243544723 0.0033525167672014094 -0.011502670289955446 0.0030392381116396785 -0.03849544733299505 0.0011302104394517105 -0.016531581508926276 0.0021350836677113175
leaf_weight=227.83939476311207 37.890630982816219 102.2121639624238 100.4861661195755 1252.9793654233217 157.21578611433506 37.638002678751945 1132.4066357687116 1879.5796029567719 54.470991417765617 21.833211213350296 2174.73823364079 22.864275738596916 134.42495478689671 249.7358116209507 681.69725213944912 41.557046115398407 193.07608412206173 173.60498559474945 119.38722592592239 14.836604058742521 618.0121406018734 95.544576331973076 93.438590526580811 12.129467278718947 94.440104469656944 795.56920431554317 139.44858594238758 2796.7459591329098 74.407521516084671 321.73300433158875 25.021317332983017 572.07122531533241 477.35047928988934 1553.245424374938 9018.4554716795683 2555.3178230971098 32.66351044178009 440.42906123399734 126.09307771921158 124.97052104771137 24.376670315861702 196.87957155704498 108.45071534067392 20.138105839490891 36.703212216496468 552.7782386392355 139.05569575726986 1889.1905557513237 355.30338709801435 63.309992477297783 7144.0369085222483 2870.4620451182127 3226.8925688266754 850.92064371705055 224.80058328807354 2646.0401489287615 603.292116060853 3768.3195064365864 170.2975790053606 393.69450698792934 577.39472876489162 844.2389337271452
leaf_count=936 516 784 478 5449 976 245 4888 7674 224 92 8820 92 547 1046 2776 167 799 697 481 60 2530 390 402 49 385 3207 564 11378 304 1291 101 2313 1917 6308 36435 10589 131 1770 509 503 98 794 680 82 150 2218 571 7583 1450 256 28848 11579 12993 3441 912 10702 2448 15240 714 1609 2355 3430
internal_value=-6.82319e-05 -3.00667e-05 -0.000768265 0.0020587 0.000519918 9.85491e-05 -0.00847428 0.00117297 0.0117107 0.0160201 0.000494115 -0.00159351 0.0108783 0.00434886 -0.00266448 0.00125012 -0.0102607 0.00237308 -0.000686519 -0.0190052 0.0122565 0.027041 0.0437283 -0.000621538 0.0349146 -0.00084107 0.00121218 -0.000705505 0.00137503 -0.00134968 0.00356414 0.0117351 0.0125876 -0.00258255 0.000689276 0.00636794 2.89766e-05 0.00903243 -0.00352432 0.0290616 -0.00871979 -0.015226 0.0156388 0.0143647 -0.00889882 0.00079286 -0.00176147 7.25821e-05 0.00147606 0.0188673 0.00100586 -0.00268884 -0.00495611 -0.00206003 -0.00876969 -0.00131014 -0.0026585 -0.000537968 -0.00803364 -0.0137201 -0.00936669 -0.00354571
internal_weight=55484.1 55446.2 40969.5 14476.7 10668.4 10511.2 1170.04 9341.18 564.805 495.497 8776.37 5692.33 449.711 3084.04 5242.62 2216.3 1014.22 332.407 40867.3 69.3076 867.748 267.658 115.272 40747.9 117.304 4228.39 332.525 40539 9582.34 30956.6 2392.64 722.063 551.758 3432.83 9030.58 3808.3 1670.58 473.093 1197.48 149.992 197.982 322.973 208.937 152.386 56.8413 874.511 28564 9590.9 7701.71 202.366 7499.34 18973.1 7173.08 4077.81 3095.26 11800 9153.98 6565.07 2588.92 1141.39 971.089 1447.53
internal_count=226976 226460 166267 60193 44155 43179 5133 38046 2336 2052 35710 23147 1819 12563 21328 8987 4139 1342 165483 284 3576 1116 494 165002 477 17189 1363 163844 38705 125139 9630 2917 2221 13982 36484 16038 6713 1901 4812 604 795 1303 1158 622 232 3509 115509 38708 31125 827 30298 76801 28925 16434 12491 47876 37174 26618 10556 4678 3964 5878
is_linear=0
shrinkage=0.05


Tree=41
num_leaves=63
num_cat=0
split_feature=31 17 25 13 19 12 21 30 12 23 3 9 7 27 4 22 25 19 13 4 2 7 20 22 26 17 22 21 30 21 24 21 2 7 27 20 30 30 4 22 7 19 4 30 13 23 2 22 26 4 26 18 3 4 7 3 13 26 21 12 13 26
split_gain=37.0009 36.9581 45.0139 26.4524 27.5703 30.2739 34.0963 46.3332 32.9361 34.9266 28.3474 24.3412 23.6033 52.6788 32.7349 23.5323 22.3668 22.2566 20.0841 19.7263 18.9743 18.4592 21.4059 27.4173 31.1634 21.3377 19.3087 27.6231 27.9778 19.5192 18.4309 18.4154 18.023 17.7047 17.7017 17.4281 26.6875 19.2525 17.3094 20.7496 17.2749 17.2445 16.7588 29.6859 17.4321 16.7358 16.5871 16.5931 16.566 16.52 17.2406 16.3826 16.3389 16.325 18.272 16.2313 19.7723 15.8999 29.3191 15.7731 19.6718 25.3529
threshold=1.0000000180025095e-35 0.9745163769503985 60.13690676149912 0.89992830389183431 1.7351094704030638 0.065625341231709933 -0.24824461834103065 0.77430874108053016 0.27952236591518148 33.857835319602273 -0.012799670415071922 0.079561715800676641 7.2499999999999973 -4.1562223835189096 0.0098206615213529084 0.047073071958266391 60.13690676149912 0.97285633772295899 0.30542635166080895 -0.020709817176472904 62.511854305586517 114.77500000000001 0.20518985909722234 0.87043104698187357 19.542464169281285 0.14553110876452616 0.63875368685585765 -0.11203293655663264 0.040034843205574919 0.23047052068022669 36.413913783281359 -0.3670083093364423 148.01394208272686 0.85071428571428653 5.2334211747943584 -0.075675485062606893 0.87239570774053543 0.9852428770189342 -0.0096762460927273999 0.097680401296701899 8.6500000000000004 0.031794769847838862 0.002094740160916206 0.58549704335766717 0.040494404563326161 59.958881918029221 1000.0007100714164 0.31540042159212717 26.414695673580386 0.013888342253278068 18.753194023746634 0.58184592708674254 -0.01691659894687348 0.010403854640933919 26.810714285714294 -0.012799670415071922 0.091564397945071943 36.683531707573792 -0.030739664152166109 0.84204151804111804 0.71245210156314565 26.011707327753985
decision_type=2 2 2 2 2 2 2 2 2 2 2 2 2 2 2 2 2 2 2 2 2 2 2 2 2 2 2 2 2 2 2 2 2 2 2 2 2 2 2 2 2 2 2 2 2 2 2 2 2 2 2 2 2 2 2 2 2 2 2 2 2 2
left_child=1 3 11 4 5 10 7 15 16 38 48 -3 13 42 46 -7 30 19 -19 -14 -16 22 26 32 -25 -23 29 45 -29 33 -8 -17 -24 -6 55 36 -5 -38 -10 -40 -4 -41 44 -44 -12 -28 47 -15 -1 53 -51 -33 -13 -21 -55 -35 -57 -11 -59 60 61 -9
right_child=-2 2 40 35 21 6 8 59 9 57 12 52 17 14 20 31 -18 18 -20 49 -22 25 23 24 -26 -27 27 28 -30 -31 -32 51 -34 34 -36 -37 37 -39 39 41 -42 -43 43 -45 -46 -47 -48 -49 -50 50 -52 -53 -54 54 -56 56 -58 58 -60 -61 -62 -63
leaf_value=0.0067120001763310306 -0.055176005726771921 -0.017933411505376546 0.041157997282947861 0.023681558788406006 -0.020757471891348602 -0.0052709600074169263 -0.00070841491317559133 -0.0084534729042338563 -0.016213574359211672 -0.016725736431936072 -0.01834220805856494 0.070985491702585446 -0.048529371376273174 0.026125248838940591 -0.0084430394370972883 0.068383923756691042 -0.060480741138444753 0.00022894032998759138 0.015561072005963336 0.0074815047681577101 0.047737557984620226 0.037692373001910008 -0.0088822944416237226 0.00025151947279587045 -0.044792402346470528 0.0023533513543416234 0.042624730282621794 0.014865287221356077 -0.00065202109270759662 -0.01882729685653271 0.0042954077059135995 0.0046728980281374255 -0.025263092518584121 0.0039837069611020825 -0.021054610432476365 -0.024287157077826027 -0.035274264145648007 0.0027273223565971185 -0.014771979989689356 -0.044632401062320984 0.0058122964528685567 0.011727042170550426 0.066450243475683207 -0.021885681920776598 -0.068889267885859404 -0.020890965060887397 -0.037382357161465062 0.00033395257984633359 0.039035669338359218 -0.021317333397036054 0.032691966900548285 0.021361013490810474 0.0067212517553375088 0.048387279634415414 0.0050446941461574626 0.000741674911062185 -0.0048491166117197188 -0.03334971942972146 0.03316206483317035 0.027922251307862585 -0.010233044294955173 0.0060045839742930559
leaf_weight=74.745527788996696 30.339358109980822 106.07437345385551 132.8267874494195 63.594418987631798 134.910310767591 127.6404025554657 21273.00347109884 400.68932541459799 121.39228531718254 775.90294460952282 362.4830464720726 9.9356527924537641 15.673429235816 64.483243100345135 19.930895671248436 17.626451313495636 15.337840631604193 2929.3748968988657 230.35958100110292 3101.8381010219455 58.972056567668915 43.845275521278381 449.79175260663033 829.68182731419802 40.151756033301353 1561.1810340285301 59.054767936468124 308.20717083662748 5021.2495051473379 194.22847892343998 2014.3214511051774 205.25348518788815 269.45804180204868 935.81111022830009 126.49638465046883 186.00784977525473 64.414746083319187 68.458284571766853 107.9171494692564 13.917417034506796 47.235093235969543 401.42275154590607 15.748301789164541 23.59034189581871 17.906792744994164 12.397338896989821 28.144233144819736 1828.9767746925354 85.462115213274956 86.4945208132267 17.662927120923996 526.7986411228776 792.95465435832739 52.302333131432533 45.941907986998558 2351.3234474509954 4820.5799828767776 26.453059509396553 43.846687823534012 52.257011771202087 373.45468593388796 1243.3901238068938
leaf_count=381 458 564 1131 256 628 514 85994 1621 491 3152 1592 41 63 286 81 74 72 11885 931 12740 242 177 1824 3341 162 6309 244 1276 20218 787 8128 850 1098 3795 517 755 260 275 434 56 293 1621 65 95 72 50 243 7778 526 347 71 2220 3234 210 184 9572 19658 107 177 210 1505 5035
internal_value=-6.48162e-05 -3.44619e-05 0.00908504 -0.000217329 -0.000124346 0.000647289 -0.000172109 0.00491193 -0.000776648 -0.00798134 0.00315669 0.00455263 0.00278066 -0.00143093 0.00194595 0.014541 -0.000315461 0.00435452 0.00134876 0.00721362 0.0334903 -0.00177961 -0.00230663 -0.00780603 -0.00182688 0.00332413 -0.00168041 0.000659955 0.000244682 -0.00315705 -0.00027536 0.0179211 -0.0150288 -0.00279256 -0.00249737 -0.0133186 -0.00290153 -0.0156703 0.000779515 0.0047337 0.031922 0.0098162 -0.0175343 0.0134296 -0.0207523 0.0315207 0.000646427 0.00121627 0.0239997 0.007481 -0.012088 0.0166901 0.00753148 0.00811986 0.0281956 -0.00220696 -0.00301548 -0.0146607 0.00805153 0.000827533 0.000121914 0.00247758
internal_weight=55460.9 55430.6 1089.03 54341.6 53959.1 36800.7 27740.6 2947.11 24793.5 1490.85 9060.09 908.965 8899.88 2420.24 2000.51 877.319 23302.7 6479.65 3159.73 3319.91 78.903 17158.4 15553.3 1589.08 869.834 1605.03 13964.3 5400.91 5329.46 8563.35 23287.3 749.679 719.25 8369.12 8234.21 382.475 196.467 132.873 644.65 523.257 180.062 415.34 419.728 39.3386 380.39 71.4521 1921.6 1893.46 160.208 3304.24 104.157 732.052 802.89 3200.08 98.2442 8107.71 7171.9 846.203 70.2997 2069.79 2017.53 1644.08
internal_count=226976 226518 5263 221255 219709 150053 112261 12029 100232 6038 37792 3839 36885 10454 8630 3658 94194 26431 12816 13615 323 69656 63170 6425 3503 6486 56745 21788 21494 34957 94122 3144 2922 34170 33542 1546 791 535 2602 2111 1424 1677 1824 160 1664 294 8307 8064 907 13552 418 3070 3275 13134 394 33025 29230 3436 284 8371 8161 6656
is_linear=0
shrinkage=0.05


Tree=42
num_leaves=63
num_cat=0
split_feature=32 17 25 1 21 7 2 9 23 9 4 21 1 19 7 12 19 19 4 2 21 30 28 0 2 22 21 30 6 24 1 25 12 20 3 6 24 6 4 2 22 24 21 20 25 17 22 9 24 30 28 9 25 1 0 25 0 4 7 1 28 2
split_gain=42.509 33.7559 26.6852 25.9855 35.9283 33.6782 33.026 35.4101 40.0327 30.872 26.8279 25.5058 24.89 23.6985 26.9003 27.3704 22.8868 19.9261 18.6787 22.7887 21.2496 28.9795 27.4612 23.1775 21.4939 21.0131 37.7798 27.4408 27.3567 27.1822 26.5682 24.2189 22.7042 21.8594 24.3776 23.1777 22.8544 21.3305 20.8757 20.866 20.6386 21.3604 18.5949 18.8571 18.5393 17.8364 17.8049 17.756 20.3662 17.5943 17.5437 26.8818 19.6564 25.668 17.2891 19.3351 17.163 18.5267 20.5906 23.7089 20.2493 17.4294
threshold=1.0000000180025095e-35 0.9999695381990984 16.783015676523412 187.42124602937054 1.353314727322144 11.017857142857144 75.124656346470161 0.18970710713125563 74.535046284827956 1.0000000180025095e-35 0.029982830087609158 -0.13071431287008742 51.663625707076072 0.53338294353531535 6.6464285714285767 0.30074207866865305 0.19301479106567687 0.92615743508742543 -0.036824706890517318 1691.8318811659174 -0.21614146000034276 0.70748921140668342 0.42413968262546431 8149.4958153101152 2056.6619249049095 0.56552761107261551 -0.11816495120175662 0.5385980660808215 0.96656513202220018 14.225799374569077 205.79248812375178 60.13690676149912 0.15576222473435794 0.055711286059264793 0.00035230472957952674 1.0336078053478099 22.172797427418946 1.0389434777102828 0.00066867843843374582 5699.6616924320515 0.37908706406218201 15.318111787294145 -0.0065379274373349996 0.080221122742967346 7.3210164634282711 0.5823295107397507 0.32809299717861223 0.2952587561907089 19.010073524898477 0.83724983919317464 0.28857800636766712 0.17799838683969746 22.198227683282301 1003.9382041331983 319.08549662158174 15.137121755530059 248.5438786304799 0.002094740160916206 8.1857142857142922 196.34931544866092 0.17543289172670343 231.63690832877305
decision_type=2 2 2 2 2 2 2 2 2 2 2 2 2 2 2 2 2 2 2 2 2 2 2 2 2 2 2 2 2 2 2 2 2 2 2 2 2 2 2 2 2 2 2 2 2 2 2 2 2 2 2 2 2 2 2 2 2 2 2 2 2 2
left_child=1 3 -3 5 9 6 11 8 12 -5 -9 44 -8 14 15 -13 -4 -7 19 54 21 22 24 -23 46 30 27 -27 -28 37 38 32 56 35 45 -32 -37 42 -22 -26 41 -36 43 -30 -1 -35 -20 48 -46 -16 51 -42 53 -52 55 -11 57 58 59 -31 -59 -61
right_child=-2 2 16 4 -6 17 7 10 -10 18 -12 13 -14 -15 49 -17 -18 -19 20 -21 25 23 -24 -25 39 26 28 -29 29 31 33 -33 -34 34 40 36 -38 -39 -40 -41 50 -43 -44 -45 47 -47 -48 -49 -50 -51 52 -53 -54 -55 -56 -57 -58 60 -60 61 -62 -63
leaf_value=0.059621527315088789 -0.055215005942793764 -0.067506303438850418 0.034279333643556904 -0.045253792296039042 -0.037809857519693929 0.010945961509542931 -0.051953091455013881 -0.0039675821089316951 0.04637462742066744 0.014652390016184472 0.069636341073152239 0.0010982291496610837 0.0064066226314260788 -0.0054587877915423235 0.017417274553788567 -0.043235695449436465 0.0067357633512447369 0.0032149274958737208 0.0059872633230238998 0.0021003374474245439 -0.019375011042535095 0.00076118772242862417 0.026436057184788982 -0.051650496271653225 -0.027827140379459377 0.030518847836384085 0.0089367186802340286 0.0023844129705958244 0.020106714402462138 0.022194940747267619 -0.0016662783898048691 0.05186566486777483 -0.010343116544416843 -0.0044230816118776854 0.010470785896442188 0.016449110299996992 -0.0026250189788104418 0.021372730030615045 0.01912777295722546 0.025263899010348659 -0.0095842155328156719 -0.038470809444688642 -1.5564130569336835e-05 -0.031493373544926428 -0.0051858243964242878 0.028226861678146604 0.029349174286950469 -0.012786380556211655 0.010804370302197141 0.077074989825541673 -0.051691924602099149 -0.040430809468662059 0.0016189042464601776 0.0097117294980728977 -0.063590254674090962 -0.036435205048445052 -0.0011323334460338257 0.072961022858887545 0.010438620656802632 -0.033982917662465327 0.013628711563330873 0.0062598149708524139
leaf_weight=15.137080013751982 34.814221698790789 9.1136432960629445 134.0968711450696 38.754724681377411 65.248356521129608 1244.1109941154718 18.276658087968826 1228.2009506672621 62.793819427490234 27.918681189417839 12.400304436683653 1318.5168292075396 2721.6593547612429 3868.6583025828004 111.39624871313572 35.657237112522125 173.63182285428047 2533.9792514592409 602.35990236699581 97.07623502612114 331.90572255849838 2842.1349965780973 207.65756410360336 21.149911984801292 78.527049019932747 176.33744269609451 816.05766323208809 171.19450165331364 219.10086114704609 37.297231882810593 17770.042158581316 21.4589728936553 642.87980695068836 94.374227657914162 27.754736497998238 356.1242068707943 280.11538986861706 205.69791948795319 39.170797646045685 24.025308728218079 443.21507561206818 109.47594480216503 780.12681390345097 19.102050289511681 274.44632542133331 74.693910956382751 94.471752941608429 137.04949077963829 721.76006111502647 13.905940636992453 41.538219556212425 84.161721467971802 499.20186211168766 28.537155658006668 29.801549062132835 54.024894371628761 12695.49506828934 15.167018830776213 209.71114584803581 96.524285450577736 265.21645253896713 36.980852693319321
leaf_count=62 516 64 1065 327 265 5426 75 4973 366 112 51 5578 11028 15989 477 144 738 10507 2458 391 1345 11525 878 86 323 740 3279 698 881 150 72044 144 2595 382 113 1443 1139 826 158 99 1801 464 3132 77 1127 304 403 556 2944 56 170 345 2044 116 120 218 51127 61 845 389 1068 149
internal_value=-6.15135e-05 -2.66684e-05 0.016244 -0.000120367 -0.00076397 0.001712 0.000259634 0.00380774 0.0069213 -0.000704374 -0.0032223 -0.0019479 0.00601363 -0.00340021 0.00197937 -6.85574e-05 0.0187617 0.00576227 -0.000661686 -0.0155745 -0.000584554 0.00293829 0.0102334 0.000370508 0.00601541 -0.000957342 0.000371242 0.0166789 1.79568e-05 -0.000459195 -0.00203784 -0.00108334 -0.00116523 -0.00178921 -0.00780584 -0.0013303 0.00804445 0.00668557 -0.0152931 -0.0153281 -0.0102476 -0.0285356 0.00371211 0.0159363 0.00481092 0.00998019 0.00916545 0.0040692 0.00639411 0.0241341 -0.00795212 -0.0145231 -0.00185452 -0.0266367 -0.0309621 -0.0189718 -0.000723028 0.00713094 -4.27929e-05 -0.0129397 0.0168809 -0.0228019
internal_weight=55441.4 55406.6 316.842 55089.8 40771.8 14317.9 10539.9 4043.33 2802.73 40706.6 1240.6 6496.53 2739.94 5348.13 1479.48 1354.17 307.729 3778.09 40667.8 208.821 40459 3870.33 1007.04 2863.28 799.384 36588.7 16408.3 347.532 16060.8 15244.8 20180.3 14020.7 13999.3 19809.2 1402.95 18406.3 636.24 1224.03 371.077 102.552 1233.88 137.231 1018.33 238.203 1148.39 169.068 696.832 1133.26 996.206 125.302 1096.65 527.377 569.277 70.0754 111.745 81.9436 13356.4 660.897 380.514 170.802 280.383 133.505
internal_count=226976 226460 1867 224593 165234 59359 43426 16493 11469 164969 5024 26933 11103 22244 6255 5722 1803 15933 164642 841 163801 15772 4161 11611 3283 148029 66161 1438 64723 61444 81868 56528 56384 80365 5739 74626 2582 4916 1503 422 5053 577 4090 958 4689 686 2861 4627 4071 533 4476 2146 2330 286 450 330 53789 2662 1533 688 1129 538
is_linear=0
shrinkage=0.05


Tree=43
num_leaves=63
num_cat=0
split_feature=31 17 19 10 19 12 3 8 27 4 13 4 24 28 30 28 7 9 24 26 30 30 30 17 7 27 0 2 4 7 9 20 10 20 21 1 4 19 21 2 1 21 12 21 7 12 4 10 18 24 8 21 27 9 20 10 9 9 10 24 4 27
split_gain=33.2284 31.536 38.7352 36.3037 22.8931 28.5352 25.6925 22.9733 26.6318 28.9295 52.5122 25.1077 24.8245 23.9026 32.5783 30.7512 22.0888 21.9743 21.7842 21.7557 23.9349 21.7288 21.7139 21.1662 20.4064 46.7763 29.8217 31.4308 35.5868 21.5479 20.3983 22.1166 20.8234 19.7275 30.4409 24.9795 23.4843 19.3111 19.2986 19.0629 23.4422 25.731 18.6973 19.6915 19.6712 18.6728 18.3929 18.3705 18.2946 22.6144 17.8587 17.6576 17.1829 27.7841 20.9662 18.9307 70.7775 21.4027 138.473 28.4173 18.8535 17.1232
threshold=1.0000000180025095e-35 0.9745163769503985 0.069132254751051281 0.0050125348267178868 1.7351094704030638 0.065625341231709933 -0.012799670415071922 3.3458865039723844 -0.38232879196580954 -0.00020664992801234603 0.26432182240784241 -0.034213238681905719 15.835987465061939 0.31275705082218924 0.74684680589959784 0.41353764511576296 8.4928571428571509 0.25458572409095842 24.56009132855257 33.596578006625514 0.68014382818153629 0.06381144534115922 0.44794463731604667 0.091043865518966274 7.2499999999999973 -4.1562223835189096 197.19559162509367 75.124656346470161 0.0089746487650903053 4.3321428571428635 0.18361010227978092 -0.16195030461313623 0.9541665393090456 0.012760472633651878 0.14837256453742068 448.63715799089931 0.0087198982222756443 0.97285633772295899 -0.18791459878076558 42.78052954451487 67.312557839565457 0.0032867837320519348 0.31084673824501391 -0.22047272664801795 11.214285714285721 0.3725806685976884 -0.020709817176472904 0.13105122196183464 0.37093894261484683 38.847378058679965 2.6793152609683633 0.085256871962831951 -2.8539702658686745 0.29967925104834242 -0.098328443418736131 0.87588032534841054 0.3548437593428751 0.26930324956856405 0.76248924268502594 27.916422011555159 -0.0062711810084547888 -1.3011893307486948
decision_type=2 2 2 2 2 2 2 2 2 2 2 2 2 2 2 2 2 2 2 2 2 2 2 2 2 2 2 2 2 2 2 2 2 2 2 2 2 2 2 2 2 2 2 2 2 2 2 2 2 2 2 2 2 2 2 2 2 2 2 2 2 2
left_child=1 4 3 -3 5 6 -1 17 9 11 -11 18 21 22 15 19 -5 23 -9 42 -21 -10 30 -7 25 -8 27 -27 29 51 -14 32 -32 34 35 38 -35 46 -12 -13 41 -41 -15 44 -44 -20 -26 -42 -24 -50 -4 -29 53 -6 -54 56 57 -56 -59 -60 -57 -25
right_child=-2 2 50 16 52 7 24 8 12 10 33 39 13 14 -16 -17 -18 -19 45 20 -22 -23 48 61 37 26 -28 28 -30 -31 31 -33 -34 36 -36 -37 -38 -39 -40 40 47 -43 43 -45 -46 -47 -48 -49 49 -51 -52 -53 54 -55 55 60 -58 58 59 -61 -62 -63
leaf_value=0.022943269935806879 -0.054756852829146163 -0.0645349786472868 -0.0059701247081147355 0.044935140712958899 0.002978850798185855 0.0025378762423478927 -0.016509814176065379 -0.052103983048132879 -0.054462601270577393 -0.00042592146780074096 0.0031309984563203902 0.028814926495781858 0.0054783419570531601 0.0040059194928253839 0.00036587240183187658 0.020385995288671514 0.0055722928254127646 -0.021315675758615333 0.031555675871482891 0.020038861272255359 -0.009416216240887865 0.012460640315803139 -0.029810890185307505 -0.00017778271479982754 -0.046768677787493794 0.00086978194478036269 -0.0090482378577391616 0.016095708921984565 0.056538860381035907 0.031656217104349925 0.011479342978273894 -0.0098695509913046178 -0.030586522487412639 0.0020267735041292205 0.007546841574807033 -0.027280858117021974 -0.049166560314965344 0.0012494024036915981 -0.018798699493131253 -0.0060578145591320912 0.02295787350597614 -0.058925284022758033 -0.042354123871351269 -0.040780195334638808 0.01816443323307201 -0.02221762499327572 0.0069727054860175752 0.0035023672887833182 -0.0095723397214509745 0.031599334503646534 0.0090479521813401752 -0.0096757863424712584 0.0076875414437722603 -0.012764271834271122 -0.0030454228665309307 -0.017018997926566293 -0.073027717046805468 -0.079718713333962826 0.016380896326645782 -0.015034019240499916 0.00264328971015517 -0.0045780396024283137
leaf_weight=157.70482140779495 27.651365209370852 9.7168145403265935 295.94476488232613 129.87567127496004 3024.1768942028284 2311.1232457533479 419.54474034905434 36.196750938892365 12.195707589387892 4458.4420148581266 165.79864610731602 75.142319537699223 1045.2573512196541 932.11289663612843 2330.9045074433088 462.2809836640954 49.566519029438496 145.10439087450504 23.823448359966278 378.33467768132687 84.023525148630142 785.79520090669394 100.88296294212341 3694.904300019145 15.876278728246687 1106.6220475062728 477.24112918972969 143.80002851039171 50.037213042378426 97.644105508923531 259.50673121213913 643.26310256123543 33.034262552857399 322.45303574204445 125.31929033994675 430.54506774246693 23.967594102025032 3160.7336968332529 252.49871754646301 138.11186134070158 127.64164900779724 27.6020717471838 18.725969851016998 50.303755387663841 46.699364468455315 49.402759164571762 3302.6048244982958 2467.9067999497056 408.88771720230579 36.17310106754303 595.75618063658476 123.20486956834793 489.064169280231 308.70583783835173 10877.960787057877 129.61694160848856 36.568720489740372 67.848136208951473 134.70943883061409 154.35579037666321 2017.1718039363623 5513.6676720529795
leaf_count=907 458 66 1289 1173 12367 9331 1824 147 49 17978 672 305 4225 3777 9415 1917 308 587 96 1550 340 3180 407 14981 64 4630 2302 598 209 393 1048 2595 133 1305 507 1749 99 12821 1035 563 521 112 77 203 194 199 13556 10034 1648 146 2427 498 1982 1258 44137 530 154 281 546 625 8146 22302
internal_value=-5.84172e-05 -3.0924e-05 0.00842543 0.0289746 -0.000199317 0.000500601 0.00294072 -0.00028784 0.000921155 -0.000965117 -0.00302113 0.00306658 0.00307919 0.00210328 0.00437014 0.00909924 0.0340991 -0.00198319 -0.0204169 0.00563987 0.0146744 0.0114249 -0.00175512 -0.00173905 0.00258536 -0.0013327 0.00185151 0.00527447 0.0170136 0.0115622 0.000675752 -0.00468323 0.00670327 -0.0117784 -0.0154229 -0.0188204 -0.00151385 0.00404838 -0.0100959 0.00397497 0.00329617 -0.014924 0.00164763 -0.0172905 0.000728367 -0.00463563 0.00671269 0.00446191 -0.0105837 -0.00620846 0.00405792 0.004186 -0.0017047 0.00151882 -0.00247757 -0.0028485 -0.00366823 -0.00344138 -0.0154911 -0.000376227 0.00145307 -0.00281302
internal_weight=55421.7 55394.1 1080.86 189.159 54313.2 37073 9055.01 28018 16353.2 8724.85 5779.02 2945.83 7628.38 6830.39 4303.39 1972.48 179.442 11664.8 109.423 1510.2 462.358 797.991 2527.01 11519.7 8897.31 2418.09 1998.55 1521.31 414.686 364.649 1981.06 935.804 292.541 1320.58 974.162 848.842 346.421 6479.21 418.297 2836.4 2761.26 165.714 1047.84 115.729 65.4253 73.2262 3318.48 2595.55 545.944 445.061 891.701 267.005 17240.2 3332.88 13907.3 13418.2 11271.4 11234.9 356.913 289.065 2146.79 9208.57
internal_count=226976 226518 5263 1547 221255 151229 37802 113427 66226 35322 23345 11977 30904 27675 17473 8058 1481 47201 442 6141 1890 3229 10202 46614 36895 10454 8630 6328 1698 1489 8001 3776 1181 5367 3963 3456 1404 26441 1707 11535 11230 675 4251 474 271 295 13620 10555 2201 1794 3716 1096 70026 13625 56401 54419 45743 45589 1452 1171 8676 37283
is_linear=0
shrinkage=0.05


Tree=44
num_leaves=63
num_cat=0
split_feature=32 17 19 10 13 21 12 23 27 22 20 19 22 20 8 17 24 0 7 1 7 17 8 9 27 21 10 9 10 21 22 22 13 2 24 13 24 28 9 7 0 2 28 24 9 17 20 22 10 9 10 6 19 17 20 21 3 24 23 8 24 8
split_gain=38.5302 28.607 36.226 33.7647 21.2039 22.1829 32.1169 40.5959 28.8174 38.2613 36.5248 26.5697 24.6354 48.8979 23.7787 25.2315 23.4749 27.8906 23.9324 22.7679 21.163 20.8864 27.4973 23.8745 20.3592 20.3129 22.4406 19.5592 24.3813 19.5035 19.2728 19.0728 18.682 22.3096 20.6243 18.5632 18.8951 29.2597 20.2058 20.1747 24.3301 24.2335 19.1893 18.523 18.382 30.0979 32.9513 26.6984 26.6915 25.4962 17.9798 28.9473 17.7568 20.2382 17.7091 17.6517 19.9632 19.2977 17.3661 20.6349 18.8551 17.3593
threshold=1.0000000180025095e-35 0.9745163769503985 0.069132254751051281 0.0050125348267178868 0.89992830389183431 -0.26012388787143942 0.27952236591518148 33.857835319602273 -2.6292721377505148 0.29682747493283684 0.011783602049762256 2.8222503088190467 0.07079610813022412 -0.046442005287162184 4.1975186963210351 0.50890598705820012 38.509214123841083 335.26714969937092 13.428571428571431 5308.9543618063381 8.4928571428571509 0.26995232258210045 1.370257489732557 0.11762007013272467 2.0971156498976673 0.18136183604324788 0.73506558483832862 0.060633167163237058 0.080136464374421956 0.44912709983233029 0.72168820882391505 0.50797377001263888 0.62624708671551843 245.91573460964395 31.498541667807281 1.0000000180025095e-35 14.341882326038629 0.48698052404152936 0.078040395910417906 92.658928571428561 1500.1754589937177 109.84678512873059 0.38771323860749285 9.7710125250419875 0.20213060438535574 0.13786820041080847 -0.15373711942432852 0.16903655053199076 0.71189435405030121 0.24018781409405324 0.89521242555636837 0.91991091652159696 0.35949709393236001 0.35514839374691803 -0.094896668140670035 1.0000000180025095e-35 0.011717125821938434 37.554996078360475 18.402379989728249 5.8758392915399096 55.667958495287152 2.4140597626364717
decision_type=2 2 2 2 2 2 2 2 2 2 2 2 2 2 2 2 2 2 2 2 2 2 2 2 2 2 2 2 2 2 2 2 2 2 2 2 2 2 2 2 2 2 2 2 2 2 2 2 2 2 2 2 2 2 2 2 2 2 2 2 2 2
left_child=1 4 3 -3 5 12 8 50 9 10 -7 14 16 44 15 25 32 24 -19 -13 -5 22 -11 27 -18 -10 -27 -23 30 -30 -29 -15 -1 34 -34 -17 37 38 42 40 41 -40 -37 -43 47 46 -46 -14 -47 -50 51 54 53 -16 -8 56 61 -57 -24 60 -60 -25
right_child=-2 2 -4 20 -6 6 7 -9 11 21 -12 19 13 31 52 35 17 18 -20 -21 -22 23 58 55 -26 26 -28 28 29 -31 -32 -33 33 -35 -36 36 -38 -39 39 -41 -42 43 -44 -45 45 48 -48 -49 49 -51 -52 -53 -54 -55 -56 57 -58 -59 59 -61 -62 -63
leaf_value=-0.0042347744649877681 -0.054833231410365002 -0.063657802012560091 0.0038631172901088858 0.044034995181205572 -0.01193937208777697 -0.0036155008258402623 0.020660744144902685 -0.012444524886843639 -0.0018193819186907959 -0.038761921883057333 -0.035924140972323181 -0.0040569957511790997 0.0098540905867050502 -0.0032349127937735637 0.0047054997856413837 0.0085216062697969011 0.0053874508973387964 -0.052416064885446735 0.00085262344845442024 0.0094932607326170051 0.0053075533495423217 -0.00095754573895240238 0.023140255164554389 -0.030188626896390975 0.041404824145781283 -0.0078585679871786517 -0.038869142075688756 0.030551342954994922 0.0064514945795115007 -0.027719844502550207 -0.0063760863302485182 0.031468401059404516 -0.066247318920099663 -0.0023723996233011298 -0.013527940934043654 -0.00095845116515595155 -0.00067093164425169717 0.037977834400310308 -0.004017642606732698 0.033561483032840615 -0.015929304691148879 0.061443906916429682 -0.05749329110603562 0.01506024295764908 0.031682030714743806 -0.029168738671972252 -0.0089271206626159293 0.031487421238433649 0.031685754332104681 -0.0031920179310144002 -0.0082124108098512224 -0.0072035959743187855 0.0014650426541549684 0.022094097490301196 -0.03188539710344742 -0.006953763236881844 0.0080480498569894653 0.0072880929450122971 0.0067683534504426879 0.023249297817250394 -0.013382372966301527 -0.00013018073784892497
leaf_weight=376.89149764180183 31.983660716563463 9.3683977127075178 891.46153788268566 126.00506915152073 380.8104155510664 1212.6775405406952 284.1547918766737 1183.3555137962103 13569.472840085626 31.136346220970154 94.24640129506588 7062.4669010192156 298.06249408423901 860.11503638327122 685.33678895235062 788.27574370056391 82.370700910687447 22.10628841817379 415.1407416164875 323.93683782219887 49.445115946233273 982.02018333226442 183.64804443717003 49.200468212366104 75.522738218307495 489.35605029761791 66.305810168385506 177.19964478909969 2352.7356693297625 42.362494125962257 43.823896020650864 41.388046279549599 43.543630748987198 57.520940169692039 32.855466157197952 661.21179437637329 6588.7177977636456 66.375887796282768 187.89850232005119 78.864216789603233 99.899241968989372 22.850138157606125 15.265614420175551 373.24107426404953 187.50861023366451 70.372243642807007 67.794733792543411 275.20663793385029 68.817072689533234 217.80790035426617 259.84851235151291 190.21514247357845 6087.411818549037 221.84293580055237 16.833812355995178 1377.8890312165022 919.54646348953247 287.06666474044323 1458.9002787768841 175.33024153113365 125.88078893721104 1883.6121043562889
leaf_count=1521 516 66 3715 1173 1541 4992 1160 4815 55304 143 392 28670 1214 3495 2787 3242 331 89 1670 1303 308 4115 864 201 306 1971 267 735 9639 170 176 170 175 231 132 2677 26720 268 762 317 402 92 62 1504 787 290 279 1171 282 885 1045 769 24644 902 68 5539 3773 1153 5923 720 524 7819
internal_value=-5.55627e-05 -2.37323e-05 0.00804778 0.0281922 -0.000183841 -0.000100693 -0.000355258 -0.0066737 -0.000104611 0.00209626 -0.00595177 -0.000775643 0.00394134 0.0071388 -0.000114116 -0.0008904 -0.00208827 0.00465447 -0.00184047 -0.00346194 0.0331586 0.0031392 0.00775138 0.00201613 0.022662 -0.00220356 -0.0115743 0.00505483 0.00731357 0.00584388 0.0232073 -0.00163282 -0.00995332 -0.0259946 -0.043688 0.00119723 0.00048322 0.00553696 0.00403481 0.0096148 0.00684152 0.0107474 -0.00224993 0.0177635 0.0138125 0.00777311 0.0208796 0.0202519 -0.0015891 0.00517263 0.00241258 0.00804395 0.00243862 0.00896521 0.0176957 -0.000403215 0.00198349 -0.00449493 0.00850098 0.00696947 0.00516386 -0.000899439
internal_weight=55402.5 55370.5 1076.28 184.819 54294.2 53913.4 50720.4 1934.41 48786 11397.3 1306.92 37388.7 3193.02 2087.07 30002.3 23007.7 1105.95 595.14 437.247 7386.4 175.45 10090.4 1974.9 8115.46 157.893 14125.1 555.662 3598.14 2616.12 2395.1 221.024 901.503 510.812 133.92 76.3991 8882.6 8094.32 1505.61 1439.23 762.753 683.889 583.99 676.477 396.091 1185.57 612.301 255.303 573.269 356.997 286.625 751.052 491.204 6994.59 907.18 300.989 4517.31 2852.36 1664.96 1943.76 1760.11 1584.78 1932.81
internal_count=226976 226460 5262 1547 221198 219657 206629 7857 198772 46878 5384 151894 13028 8573 121921 93588 4455 2396 1759 29973 1481 41494 8174 33320 637 57542 2238 14835 10720 9809 911 3665 2059 538 307 36046 32804 6084 5816 3077 2760 2358 2739 1596 4908 2523 1066 2385 1457 1167 3042 1997 28333 3689 1228 18485 11793 6692 8031 7167 6447 8020
is_linear=0
shrinkage=0.05


Tree=45
num_leaves=63
num_cat=0
split_feature=31 17 13 8 25 24 30 30 28 28 11 19 2 26 2 0 28 9 18 25 13 4 28 30 2 26 30 11 27 24 10 10 17 30 0 13 21 13 24 9 24 28 13 21 21 8 19 30 30 28 10 25 4 9 21 4 24 20 13 4 13 24
split_gain=31.6966 23.642 23.6528 28.1865 35.0754 29.5624 26.566 26.4661 37.6752 29.9071 25.6145 22.9772 22.6772 30.55 28.1946 23.858 22.4593 22.9278 22.2623 22.1647 21.5404 22.3743 21.4621 58.8351 38.5279 39.8486 25.3967 26.4781 23.4492 21.2592 20.747 27.501 23.4687 23.9986 27.4804 26.2011 23.5823 23.4079 26.7311 21.9923 20.6056 29.3254 20.0738 28.4951 23.3731 26.9079 24.3108 19.193 19.1086 19.0926 19.0915 19.0399 19.0088 17.99 27.6062 23.6928 23.0173 20.2963 19.9587 19.2989 21.4166 36.8232
threshold=1.0000000180025095e-35 1.0000000180025095e-35 0.044001805250672009 4.2897363004132272 39.515070366124171 13.347297498534799 0.98131634482649199 0.11942845499465134 0.16784207243161828 0.14078332149444681 0.0065511729929014348 0.92615743508742543 980.84394855269898 31.957982812310618 1107.4091391866359 1593.4596827757625 0.16927820129259422 0.21623239348675308 0.051089635193002185 60.13690676149912 0.67861358560254936 -0.0015598461235964958 0.23360228185041471 0.31380712082982903 55.402136668864792 21.249269950432694 0.22611679722140116 0.13359179858318015 -1.5037582012036752 23.816395726376697 0.93068448959280692 0.58261610251092522 0.4057859827235219 0.31776539874830118 50.29138949270174 0.32118449091168305 -0.266509828452482 0.27211520838713188 32.448092259952354 0.42589050314279914 12.090734303891415 0.22140576637429327 0.19523420165041103 -0.082889675856261877 0.015769859550055946 1.9126849641150259 0.29759201297391885 0.15483885218715168 0.99660152685862136 0.2580417327347308 0.9541665393090456 25.862346341169033 -0.034213238681905719 0.32044159447998877 0.11129669451233327 0.0082383314966632416 21.06445823922984 -0.19795180532144405 0.19523420165041103 -0.029094132554999628 0.62624708671551843 32.060339133043975
decision_type=2 2 2 2 2 2 2 2 2 2 2 2 2 2 2 2 2 2 2 2 2 2 2 2 2 2 2 2 2 2 2 2 2 2 2 2 2 2 2 2 2 2 2 2 2 2 2 2 2 2 2 2 2 2 2 2 2 2 2 2 2 2
left_child=1 -1 11 7 5 51 -6 8 19 -9 -7 -3 13 30 20 48 -16 -18 -13 -4 21 -14 26 24 28 29 40 42 -24 -26 31 32 36 35 -35 49 -12 38 47 52 41 -11 44 -44 45 -28 -47 -38 53 -34 -17 -5 -33 54 55 57 -56 -15 -58 -55 -61 -62
right_child=-2 2 3 4 6 10 -8 9 -10 22 12 18 14 15 16 50 17 -19 -20 -21 -22 -23 23 -25 25 -27 27 -29 -30 -31 -32 39 33 34 -36 -37 37 -39 -40 -41 -42 -43 43 -45 -46 46 -48 -49 -50 -51 -52 -53 -54 59 56 -57 58 -59 -60 60 61 -63
leaf_value=-0.018658339465526329 -0.055620000474690991 0.0052321547367136616 0.00077731430021075662 0.0091211105879400022 -0.011852173377009244 0.014859576495190013 -0.074097587560269809 -0.021553535356890145 0.014468643030184575 0.005900917507928212 0.030007366154873635 -0.011787903817964712 0.042096226638428963 0.029472436171630242 -0.042785613812973855 -0.0011030762536434295 0.010222330172400561 -0.001020659924399098 0.001102069391494005 -0.058548781960965447 -0.0077465154721444484 0.010665866452667216 -0.04145469642012601 -0.001578062252346715 0.010176111908907099 0.023548105173397088 0.02495276723134994 0.0050515342088385644 -0.00047760109600312811 -0.012104610343644472 0.0051947641701708862 -0.036412466346573739 0.012628011461162172 -0.040829009074960787 -0.0038099951074103927 0.062406328033397886 -0.019449067410799804 -0.0043927753169608133 -0.021836570754418378 -0.06552276673630518 -0.0021683932191955651 0.055455751790624702 -0.0042609586408235379 -0.017256329722989221 -0.01037305783104147 -0.026704998630136118 0.00106453852616896 0.017374388742802435 -0.038742623020158184 -0.044786956278961454 -0.040381428184246587 0.03436523522315927 -0.0042326905314520732 0.033892438184466814 -0.074873547424368567 0.077112171556788123 -0.036470678364266151 0.01010717026868794 0.031101161681669168 0.0048073834824952756 -0.057626094142375829 -0.00086168907035767239
leaf_weight=168.49197293817997 25.492750965058804 3842.1439683288336 3801.2079693898559 462.95882380008698 262.92391858249903 342.35153713077307 18.291211575269699 192.15552832186222 555.41087380796671 295.81960535049438 103.42960433661938 349.21542640030384 119.00635471194983 170.97782315313816 25.854807928204536 98.16715732216835 824.41799584776163 1006.0055058076978 8136.5965562611818 15.707811035215853 54.754182524979115 109.10740497708321 48.32269087433815 16656.706079892814 380.71013779938221 505.58756841719151 104.79626049101353 422.67313864827156 126.05819150805473 148.68424594402313 1025.0356054082513 46.335339710116386 135.76760737597942 52.75838091224432 988.5329701602459 24.268666759133339 37.917693719267845 400.85332747548819 54.989339083433151 14.767455652356146 3436.4834518432617 33.165582120418549 711.65506462752819 1040.2500574588776 854.42870457470417 88.327892914414406 722.70656095445156 492.44632288813591 21.67751070857048 16.083565920591354 45.263666853308678 89.293301090598106 4283.4881055429578 44.25106293708086 14.423705130815504 15.145279109477995 21.409165740013123 656.89080238342285 22.095585063099861 470.09118102490902 40.463923290371895 97.261872045695782
leaf_count=867 456 17173 15350 1872 1070 1385 76 775 2241 1198 432 1490 485 704 104 396 3357 4068 33293 108 222 439 197 67595 1541 2053 423 1701 512 605 4131 188 547 217 4012 99 153 1634 221 62 13887 134 2880 4230 3437 356 2921 1983 87 65 183 361 17316 178 60 61 86 2698 89 1903 163 392
internal_value=1.0959e-05 3.67733e-05 9.39845e-05 -0.000461177 0.00151342 0.00190894 -0.0159435 -0.00129399 0.00230233 -0.00190441 0.00138257 0.00202406 0.000981983 -7.54313e-05 0.0056281 0.00595068 0.00338353 0.0040407 0.000570888 0.000530331 0.0203337 0.0270962 -0.0017565 -0.000804644 0.00984286 0.0135083 -0.00396143 -0.00676522 -0.0118787 0.00390786 -0.00142485 -0.00244576 0.00196455 -0.00280339 -0.00569415 0.0142531 0.00729596 0.0049062 0.0112824 -0.00478885 -0.00102266 0.0109272 -0.0081848 -0.0119808 -0.00442488 0.00111956 -0.00195653 0.0147291 0.00773108 0.00648843 -0.0135528 0.0132174 -0.00457905 0.00838545 0.0129643 0.0152625 -0.0203622 0.0141158 -0.0020444 0.00205027 -0.000264916 -0.0176051
internal_weight=55372.6 55347.1 55178.6 42850.6 12709.8 12428.5 281.215 30140.9 4372.33 25768.5 11876.3 12328 11533.9 9394.79 2139.15 1718.12 1856.28 1830.42 8485.81 3816.92 282.868 228.114 25576.4 17866.1 1209.36 1034.98 7710.31 3944.84 174.381 529.394 7676.67 6651.64 2307.05 1217.41 1041.29 176.12 1089.64 986.207 585.353 4344.59 3765.47 328.985 3522.16 1751.91 1770.26 915.831 811.034 530.364 1574.69 151.851 143.431 552.252 4329.82 1553.01 900.942 843.014 57.9285 827.869 43.5048 652.068 607.817 137.726
internal_count=226922 226466 225599 173643 51499 50353 1146 122144 17699 104445 48120 51956 46735 38060 8675 7000 7529 7425 34783 15458 1146 924 103670 72503 4908 4199 31167 15948 709 2146 31060 26929 9363 4940 4229 711 4423 3991 2357 17566 15219 1332 14247 7110 7137 3700 3277 2136 6421 612 579 2233 17504 6334 3698 3463 235 3402 175 2636 2458 555
is_linear=0
shrinkage=0.05


Tree=46
num_leaves=63
num_cat=0
split_feature=32 17 13 24 26 9 2 22 6 27 2 9 4 17 30 13 28 12 10 3 25 21 3 10 26 12 24 3 10 30 24 6 3 22 22 30 30 13 4 10 18 6 19 22 6 9 24 22 7 28 10 22 2 28 17 28 17 28 30 24 30 28
split_gain=36.2973 21.4299 21.2358 24.462 24.4914 37.3981 35.8085 32.4404 38.4243 31.3657 27.8453 24.6308 26.6914 24.4292 24.7987 24.0528 27.6957 23.6357 24.9952 23.1481 37.24 22.9334 21.1954 32.3079 24.7059 26.5793 24.3849 25.233 23.6337 25.4457 23.7912 22.9112 31.0276 32.9163 23.6281 21.1978 20.8022 24.9407 29.2571 28.026 24.4684 21.6473 20.7484 28.8951 29.1163 28.2777 26.9395 20.6573 20.6051 20.1868 20.054 19.5202 19.3244 19.2815 19.2767 19.1663 19.0599 19.0381 54.1705 38.2881 30.7631 31.5921
threshold=1.0000000180025095e-35 1.0000000180025095e-35 0.044001805250672009 78.012297843130241 33.596578006625514 0.091625998095475669 69.388343184237684 0.25557957275689691 0.95777142902641388 4.8567656987765284 551.54066937494815 0.27261753444515741 -0.029094132554999628 0.34669627159596567 0.95427226344529292 0.21119160359061184 0.41353764511576296 0.053903340309925225 0.30215246538428858 -0.0092077233107686375 17.859239719165021 -0.2541546862069729 -0.041892817946207826 0.80139985180921369 20.85804932482289 0.099915941151740531 22.371409212960845 0.01343579813396297 0.90703717124135652 0.13104686435956173 29.068175344997702 1.0136370455798851 0.013735025864047032 0.41134522106552612 0.21524438902217521 0.58549704335766717 0.4598016469511797 0.096531625898387458 0.0043105986583419605 0.16297553920643906 0.14498829796057336 0.98543230327586107 0.92615743508742543 0.51887977924885775 1.0098936731941348 1.0000000180025095e-35 16.621079304971875 0.07079610813022412 1.0000000180025095e-35 0.38084117995241007 0.92294370606722176 0.77122059466990056 388.05105257903966 0.2376541960047571 0.89107954199758688 0.28857800636766712 0.24243304247744243 0.24330415052764312 0.42007118832663187 33.059985631965574 0.22202160770446661 0.15767800271440671
decision_type=2 2 2 2 2 2 2 2 2 2 2 2 2 2 2 2 2 2 2 2 2 2 2 2 2 2 2 2 2 2 2 2 2 2 2 2 2 2 2 2 2 2 2 2 2 2 2 2 2 2 2 2 2 2 2 2 2 2 2 2 2 2
left_child=1 -1 42 4 6 56 7 21 -9 22 11 -7 -13 -12 49 17 50 -10 19 53 -21 47 23 -8 25 26 27 -24 29 -28 52 57 34 -34 -33 -32 40 38 -38 -40 -31 -41 43 -3 45 -45 -46 -4 -44 -15 -17 -20 -30 -19 -18 -29 -6 59 -59 60 61 -26
right_child=-2 2 3 -5 5 10 9 8 15 -11 13 12 -14 14 -16 16 54 18 51 20 -22 -23 24 -25 31 -27 28 55 30 36 35 32 33 -35 -36 -37 37 -39 39 41 -42 -43 48 44 46 -47 -48 -49 -50 -51 -52 -53 -54 -55 -56 -57 -58 58 -60 -61 -62 -63
leaf_value=-0.017790971377659413 -0.055501151110697602 0.0019657383849924332 -0.011478256582366592 -0.049942828252995196 0.0012498083627001807 0.01215164828205322 -0.037693381920129138 0.0060741542535136086 -0.00872791763869263 -0.0089699484224101574 -0.0030285001999398849 0.043758006923164727 -0.00059545125032073689 0.010156733163520103 -0.0022815296888670242 -0.011071952729714509 -0.0028339840889669591 0.022180697579389883 -0.0045586108520683649 -0.010024276157017654 0.0063551126698515904 -0.010051752987046518 0.0010599231844684051 -0.0030526737698981718 -0.0037956758164917094 -0.0041207708984954674 0.010092987700663867 0.0040964908524108454 0.060532380503486229 -0.042515858754876561 -0.022942348557111053 -0.013653985878116632 -0.022007199871273003 0.0045430895275999214 0.01427498753957137 0.0092608029151696886 -0.05287779750196131 0.0031705064614699105 0.03485484355365389 0.054634182708466983 -0.0090431182635708571 -0.011707165819027063 -0.020740520556411221 -0.052443608866681216 -0.023459782154179688 0.023978352083192028 0.0085092294298771392 0.011449218592328329 0.00082814647130617896 0.052778224355839579 0.029959158913669893 0.0035187039824964984 0.014062117131644652 -0.00081199850686541799 0.017245242560175903 0.017390919066238381 -0.025810011146485647 0.01396478638075473 0.0012519167031021564 0.01921723717269308 -0.0073969401815292789 0.0076889091831616047
leaf_weight=167.89172142744064 29.331779412925243 2595.3259878531098 157.86780965328217 24.834746569395065 109.55709008872509 1410.5805716216564 87.403234750032425 1397.0719403028488 898.57941650599241 873.20058690011501 1360.9814967513084 35.324503168463707 795.03978668153286 56.240383923053741 106.03804458677769 1787.7855306863785 998.88473504781723 285.46168896555901 2843.1231602728367 483.14331565797329 1230.1292772889137 2121.0713960528374 2476.7184981107712 293.48581296205521 1321.9212974011898 4017.4073516577482 297.56169195473194 594.5021820217371 34.800403133034706 58.009214162826538 65.168552935123444 81.019115328788757 145.20681583881378 593.40996676683426 1108.8158478438854 234.87987478077412 37.041622132062912 970.13129019737244 37.149839028716087 12.487575262784956 933.77150990068913 495.47529630362988 112.1029564589262 12.334765404462813 72.145542874932289 417.71582232415676 743.18609520792961 259.38830968737602 8372.7380694895983 55.596001997590065 30.126585304737091 1014.2335036098957 63.671703636646271 133.33503451943398 135.66312469542027 500.35386954247952 158.92341591417789 984.67185179889202 5629.0468927919865 219.4914108812809 1685.1228154599667 1094.1629108190536
leaf_count=867 510 11380 637 162 441 5735 355 5619 3641 3559 5514 143 3224 229 428 7347 4089 1148 11498 1946 4964 8684 9996 1183 5312 16337 1199 2402 140 236 263 327 596 2395 4486 952 149 3926 149 50 3789 1988 534 114 291 2041 3347 1053 34249 232 123 4068 256 537 558 2019 652 3992 22789 883 6781 4408
internal_value=1.02662e-05 3.98856e-05 9.428e-05 -0.000431877 -0.000402921 0.00327733 -0.00079162 -0.00283775 -0.00168398 0.000338109 0.00454627 0.00812957 0.00129041 -0.000536698 0.015 -0.00278598 -0.00656199 -0.00116664 -3.12744e-05 0.00431236 0.00173289 -0.0079434 0.000675986 -0.0110227 0.000864318 -0.000895054 0.0010067 0.00385656 -0.00213314 -0.00373363 0.0092646 0.0023459 0.0073712 -0.000672013 0.012368 0.00224452 -0.00535313 -0.00173512 -0.00991783 -0.00698027 -0.0110101 -0.010056 0.00192323 0.00497246 0.0112337 0.0217631 0.00567175 0.00276201 0.000542348 0.0314176 -0.0103876 -0.00243347 0.0305804 0.01485 -0.000427303 0.0101777 -0.0147529 0.0014591 0.00314559 -0.00112128 -0.00221143 0.00140334
internal_weight=55357.8 55328.5 55160.6 42835.1 42810.2 4088.28 38722 13775.9 11237.5 24946.1 3819.8 2240.94 830.364 1578.86 217.874 9840.47 2952.46 6888.01 5989.43 2132.07 1713.27 2538.33 24072.9 380.889 23692 10829.1 6811.72 3571.57 3240.15 2841.63 398.521 12862.9 1928.45 738.617 1189.83 300.048 2544.07 1552.29 582.154 545.113 991.781 507.963 12325.5 3840.71 1245.38 430.051 815.332 417.256 8484.84 111.836 1817.91 3857.36 98.4721 418.797 1134.55 1094.86 268.481 10934.4 6613.72 4320.7 4101.21 2416.08
internal_count=226922 226412 225545 173589 173427 16598 156829 55912 45538 100917 15505 9102 3367 6403 889 39919 12117 27802 24161 8595 6910 10374 97358 1538 95820 43851 27514 14417 13097 11486 1611 51969 7804 2991 4813 1215 10287 6262 2336 2187 4025 2038 51956 17173 5793 2155 3638 1690 34783 461 7470 15566 396 1685 4647 4421 1093 44165 26781 17384 16501 9720
is_linear=0
shrinkage=0.05


Tree=47
num_leaves=63
num_cat=0
split_feature=32 23 28 22 12 8 26 22 21 7 30 28 20 21 3 6 20 4 22 20 24 22 17 9 23 20 8 10 0 10 30 28 6 21 22 27 30 7 17 10 21 28 1 26 20 20 21 9 22 28 27 4 30 6 4 17 3 4 20 21 30 20
split_gain=34.4015 31.6773 27.6202 19.7003 27.3244 25.044 24.2542 26.5195 26.3017 22.7791 23.0922 30.5925 21.861 20.4754 19.1416 32.4034 34.0479 26.8045 26.5122 51.5743 19.9636 21.8975 36.889 31.9972 23.6649 22.9232 21.7964 41.2619 26.8708 31.6944 26.6826 54.3054 30.3652 26.5578 28.5667 24.9826 24.9537 24.8584 23.6151 33.7175 21.8032 20.7466 22.0222 20.6248 19.6116 19.3904 19.3361 22.3842 24.1211 20.556 18.9303 18.8618 18.5573 18.4703 18.3632 18.2834 26.1745 43.733 26.1678 19.9077 18.2249 19.0163
threshold=1.0000000180025095e-35 96.691685729331212 0.0011153747627356443 0.85957343342412107 0.2756760352581557 2.6522210095535863 17.698740514807113 0.68421067204303043 -0.067297195773375826 1.352142857142858 0.26216253121098632 0.29019487171539532 -0.070438967403989458 0.59863790970933828 0.010344758434387031 1.0226905549693408 0.038178874766514055 -6.5220907038734475e-05 0.35840329695415796 -1.0000000180025095e-35 26.465899702924649 0.23221350620922351 0.11934354416441895 0.17799838683969746 59.592442821174636 -0.10563839077919228 4.2518230955207867 0.82869454798423969 2688.4968978627589 0.32963986085533054 0.43609645053210694 0.26831478238649537 0.96471922799229881 0.059556727582667286 0.51070890071441 -3.1025850555107435 0.25809208712434523 42.171428571428592 0.40977512690215073 0.11917580880153608 -0.14697604372295528 0.35441444511812487 4309.1602306134891 35.812674376554341 0.072246486991552686 0.0063084721054236246 -0.23315180523004189 0.10194943931585275 0.07079610813022412 1.3602745251511628 -0.56494798402222635 -0.00051397470982331302 0.067900811513839365 0.98138210871177611 -0.012609551576219928 0.13786820041080847 -0.045097184978017464 -0.007866307429593029 -0.13982197345730821 -0.34728947555456818 0.88024380017322501 -0.041221967433421207
decision_type=2 2 2 2 2 2 2 2 2 2 2 2 2 2 2 2 2 2 2 2 2 2 2 2 2 2 2 2 2 2 2 2 2 2 2 2 2 2 2 2 2 2 2 2 2 2 2 2 2 2 2 2 2 2 2 2 2 2 2 2 2 2
left_child=1 3 -3 6 5 -5 -1 13 -9 -7 -11 -12 -10 14 15 20 17 -17 19 -16 26 45 24 25 -23 -24 27 28 30 -30 31 33 -33 37 36 -28 -35 40 -39 -40 -8 42 -31 -27 -25 46 47 -22 -49 -48 -21 -34 -42 -20 -13 58 57 -57 59 -50 -43 -62
right_child=-2 2 -4 4 -6 9 7 8 12 10 11 54 -14 -15 18 16 -18 -19 53 50 21 22 23 44 -26 43 35 -29 29 41 -32 32 51 34 -36 -37 -38 38 39 -41 52 60 -44 -45 -46 -47 49 48 55 -51 -52 -53 -54 -55 -56 56 -58 -59 -60 -61 61 -63
leaf_value=-0.0020371820466448822 -0.055297229913827621 -0.082178202900586847 0.03967192133169585 0.013231858883845777 -0.04764123729282943 0.042375962688758984 0.015174075992488599 0.020298295506126499 0.027826670271259814 0.015143318725095979 -0.013024745408975 -0.037724935092693548 0.0026244818967352474 -0.022192928044927077 0.0031476292981613761 0.011292703799539366 0.017659684448247549 -0.0068947695797669769 0.021567192811717328 -0.037434640697011516 -0.017112346513557204 0.011733951496900348 0.019436523922730733 -0.0060738745342172008 -0.056222207029479492 0.0046099166554891546 -0.0074836289496523108 -0.01892658217720028 0.010201215344192964 0.00051875034851902051 -0.0054765801684105182 0.042154190025685649 0.021416194680982614 0.024597623500943501 -0.0051108087004432673 0.0037725258577759576 -0.0012108039346150692 -0.016134249229000645 0.036408468200600036 -0.0081371498944374301 0.0038156474824892136 0.020507098068887793 -0.020054937412396723 -0.0073988845099563424 0.018689593400786846 -0.037573542723212887 -0.004923669513055025 -0.0013528140409978953 0.054481340464414364 0.043986504619828393 -0.0065955658227627445 -0.00046859024119806354 -0.0037263857493764932 -0.0025128681521189855 0.0024727952133879942 -0.033678635754686458 0.0099385689162168871 0.026114526784135596 -0.0017161705722077037 0.019843783260449655 0.016958821365228329 -0.060331617346345047
leaf_weight=14280.612657703459 28.001911256462336 4.8504235148429862 72.898094177246094 569.94263120740652 26.231933295726776 34.579607903957367 189.39019221067429 240.55300636589527 88.115306615829468 294.16816461086273 370.96682731807232 28.547997415065765 3589.2375823184848 104.19559749960899 223.45530581474304 375.32479000091553 541.14595390856266 439.71886380016804 82.129331961274147 194.68927611410618 136.36716078221798 1300.4634137675166 230.78254842758179 1362.8424262702465 12.816846936941145 2917.3590826168656 573.31498315930367 350.02960613369942 975.03528341650963 292.21826492249966 4349.3241375386715 88.484808906912804 183.9943154156208 275.03971573710442 267.16520556807518 3503.9113622903824 141.43652106821537 591.01438987255096 56.125555768609047 173.43815122544765 1036.9407382532954 126.68872311711311 233.63967446982861 407.11005841195583 84.753326833248138 35.965766623616219 1920.8836809098721 1074.3314659446478 51.421600952744484 21.607353284955025 67.462916180491447 210.70001563429832 3811.5263336151838 2493.5397531837225 3255.2677890509367 96.829250678420067 435.50226907432079 44.500157877802849 118.07764214277267 220.33851112425327 15.646682858467104 15.873052671551703
leaf_count=58669 510 40 830 2463 110 145 768 994 355 1182 1491 115 14497 421 911 1517 2211 1793 338 817 551 5379 985 5648 53 12179 2321 1416 3926 1176 17639 359 745 1108 1074 14229 571 2381 227 702 4215 511 941 1822 349 147 7764 4332 215 87 282 855 15428 10144 13110 392 1774 181 479 921 63 64
internal_value=9.65806e-06 3.78485e-05 0.0319101 -6.98381e-06 0.00313334 0.00342798 -0.000291015 0.000394435 0.00428017 0.00202374 0.00166806 0.000581705 0.00323047 -7.45083e-05 -3.04524e-06 0.000390009 0.00793735 0.00147472 -0.00376515 -0.0144816 2.33661e-05 0.00174957 0.00360436 0.00164532 0.0110627 0.00419759 -0.00101162 -0.00198685 -0.0015314 0.00441176 -0.00239874 -0.000492497 0.0156805 -0.00168797 0.00763515 0.00218838 0.0158228 -0.00277688 -0.0108474 0.00274306 -0.00146116 -0.00383322 -0.00861475 0.00313765 -0.00461939 -0.0010682 -0.000747391 0.00248648 0.00379918 -0.00437481 -0.029523 0.0097236 -0.0021123 -0.00174229 0.00212067 0.00952969 0.00386446 -0.0148112 0.0178964 0.0264338 0.0120236 -0.0218735
internal_weight=55338.5 55310.5 77.7485 55232.8 4579.7 4553.47 50653.1 36372.5 3917.91 3983.53 3948.95 3654.78 3677.35 32454.6 32350.4 29289.1 1356.19 815.044 3061.28 485.607 27932.9 10472 6316.13 5002.85 1313.28 3555.25 17460.9 13383.7 13033.7 1659.1 11374.6 7025.26 483.179 6542.08 683.641 4077.23 416.476 5858.44 820.578 229.564 5037.86 684.066 525.858 3324.47 1447.6 4155.82 4119.86 2177.37 2041 1942.49 262.152 394.694 4848.47 2575.67 3283.82 966.669 576.832 141.329 389.838 271.76 158.208 31.5197
internal_count=226922 226412 870 225542 18616 18506 206926 148257 15846 16043 15898 14716 14852 132411 131990 119498 5521 3310 12492 2010 113977 43258 26415 20983 5432 14986 70719 54169 52753 6681 46072 28433 1959 26474 2753 16550 1679 23721 3310 929 20411 2755 2117 14001 5997 16843 16696 8845 8294 7851 1099 1600 19643 10482 13225 3962 2347 573 1615 1136 638 127
is_linear=0
shrinkage=0.05


Tree=48
num_leaves=63
num_cat=0
split_feature=32 23 30 17 26 11 2 9 2 13 2 19 27 12 20 17 21 4 6 17 9 13 9 13 25 30 8 30 0 7 4 2 12 21 9 12 23 4 12 25 18 7 21 2 17 17 9 3 27 13 30 30 13 13 11 1 26 13 1 7 8 21
split_gain=32.6089 29.4064 21.8373 19.1764 17.7677 33.8401 37.3003 30.7123 33.0351 25.184 41.2554 29.4076 26.3903 26.3275 25.095 24.9799 24.5151 23.7466 22.0858 26.7668 21.9821 22.8514 21.5203 28.7243 21.0443 20.5922 23.6741 21.7151 23.654 29.7293 26.8714 26.3286 22.7323 21.7938 22.151 21.3828 22.7807 22.6768 20.5529 19.9036 20.5615 19.6516 19.4243 21.7585 26.3729 19.1649 19.0301 25.6614 24.1239 19.6555 21.9361 19.3505 26.3934 20.3236 20.644 20.9463 19.1926 19.0175 18.6516 17.6351 17.5921 19.4356
threshold=1.0000000180025095e-35 96.691685729331212 0.0051063866773285128 1.0000000180025095e-35 33.596578006625514 0.084355161786183921 197.53327118395268 0.26037373979556849 184.60653363995803 0.13693250706816854 86.384457954155792 0.39046279798742789 4.8567656987765284 0.34336557291984393 -0.085531057159106402 0.31771181950022304 0.010028807370029426 -0.0069143320621082227 1.0649848318031256 0.41861347309411207 0.055089810671293662 0.28623496010515287 0.44525347384775832 0.37425209131515375 18.502868935838645 0.12325166275430362 2.57111993929681 0.81381144534115923 1107.8376838392771 4.6107142857142875 0.0038977453470610463 1157.2967404305098 0.18098069779357609 -0.24824461834103065 0.22347207026355373 0.27952236591518148 49.639140326858637 0.01255791860967471 0.51536502305076126 37.701674538483985 0.55454881463137962 75.694642857142881 0.15508500176381282 1505.7563912954122 0.70103906400348903 0.087677936762242059 0.18970710713125563 -0.018457529522613886 -3.4360073436136616 0.31436886325191887 0.56610485118202203 0.7035131799347617 0.20752764832955178 0.50338808639441757 0.19039381171181932 183.31664003121526 26.523878423622385 0.5664214298562823 1120.8150167190136 59.871428571428574 4.3277948435191869 -0.28060001127366191
decision_type=2 2 2 2 2 2 2 2 2 2 2 2 2 2 2 2 2 2 2 2 2 2 2 2 2 2 2 2 2 2 2 2 2 2 2 2 2 2 2 2 2 2 2 2 2 2 2 2 2 2 2 2 2 2 2 2 2 2 2 2 2 2
left_child=1 3 -3 -1 9 16 7 14 60 13 11 17 20 -5 -7 -8 -6 -11 19 46 21 24 23 -20 -12 -22 -27 33 29 -29 32 -32 -30 34 -28 37 -37 39 -21 40 42 -41 -35 -44 -45 -36 47 49 -49 -13 -51 52 -48 54 55 -54 -52 -53 -31 -26 61 -9
right_child=-2 2 -4 4 5 6 15 8 -10 10 12 18 -14 -15 -16 -17 -18 -19 22 38 25 -23 -24 -25 59 26 27 28 30 58 31 -33 -34 35 45 36 -38 -39 -40 41 -42 -43 43 44 -46 -47 51 48 -50 50 56 57 53 -55 -56 -57 -58 -59 -60 -61 -62 -63
leaf_value=-0.016909389494351158 -0.055100258967390264 -0.069175462166483834 0.03831020967175261 0.001106493619632713 -0.0097269894637493394 0.020727185624566467 -0.0014972939682614808 0.020266220793064262 0.068965090830427164 -0.021671510607863126 0.01019646232459365 0.011282556624817806 -0.010136261487856277 -0.042908835125522182 0.0037858961948330121 0.015693430899157715 0.021346877469522973 0.0040027320712286507 0.0025201579807175968 -0.0099125990196113605 0.0065966244489406179 -0.016202986747018113 -0.022297908397966814 0.036245490656184869 -0.012187999343572731 -0.0038317338649823049 0.020437773286371374 0.01797426262804671 0.028675646739918959 -0.0063373278366137022 0.024577433676965285 -0.014966559981582059 0.0045771455123371366 -0.0016000371300525593 0.030993951137648058 -0.0066007784590683544 -0.054603508202178547 0.039496372479806981 0.025537943912603667 -0.025232403523009074 0.0042686760356616194 0.029471193969123833 0.015641013702730071 -0.038969260607949405 0.024468272755271605 -0.0096319718427828865 0.0017040825478809422 0.01192013250649245 -0.0059270583009284452 -0.025058609609737853 -0.013553616832292248 0.0016225969719279713 -0.005045448140115363 -0.080261688733573144 -0.0037719024623691748 -0.034144109332274304 0.016549447358886311 -0.028467656329284691 -0.045014644924800902 0.024640661745175051 0.0039295107269913176 -0.029274459275854044
leaf_weight=167.19330743700266 26.729411195963621 4.9415261819958678 70.797123275697231 22074.089770883322 668.974854208529 738.72976313531399 1876.0585420578718 25.544155493378639 17.900785312056541 95.999694406986237 256.60187195241451 589.93114864826202 608.79933448135853 33.920664638280869 311.61849005520344 238.02503935992718 69.944537915289402 1424.7290303036571 241.97990836203098 2999.2826274186373 1434.0127711743116 390.45816653966904 55.4086082726717 85.515087112784386 326.2582665681839 2803.5496538430452 316.84889575839043 127.06663523614407 149.30807806551456 1898.3932266533375 52.115949809551239 215.87263071537018 285.64378947019577 3575.9338574409485 36.193431422114372 338.00799255073071 26.621365457773209 40.493091374635696 41.280590415000916 112.56525982916355 5560.8573246151209 19.052439108490944 321.0838245600462 43.545926406979561 26.047198101878166 144.72287191450596 185.48834742605686 209.97855664789677 1905.3802965134382 89.937909200787544 89.25268180668354 489.58402809500694 85.908213302493095 13.765266358852385 155.53923141956329 225.03772607445717 129.58766286075115 58.695414677262306 31.64226858317852 35.92930880188942 560.85739363729954 85.599211767315865
leaf_count=867 510 39 831 90280 2903 3052 7613 103 73 391 1051 2383 2492 137 1303 978 323 5816 991 12326 5780 1596 226 350 1343 11372 1344 516 604 7687 210 868 1160 14478 152 1371 108 163 168 460 22520 77 1295 175 105 594 750 855 7802 365 363 1979 351 56 629 917 524 237 128 145 2291 346
internal_value=9.19315e-06 3.60233e-05 0.0311495 -6.6183e-06 4.46561e-05 0.00302189 0.00490175 0.010323 0.00211829 -0.000226272 -0.00121278 -0.00397077 0.000106062 0.00103854 0.0157066 0.000436499 -0.00677635 0.00237738 -0.00523312 -0.00585005 0.00044219 -0.00673269 0.00646342 0.0113501 -0.000747173 0.000854891 0.000343943 0.00122309 -0.00272496 -0.0054319 0.00518922 -0.00725146 0.0128657 0.00225528 0.0124686 0.00174953 -0.0101331 0.00219684 -0.00942883 0.00203954 0.00230685 -0.0172594 -0.000442235 0.0101402 -0.0151532 -0.00146425 -0.00327507 -0.00114416 -0.00415264 0.00593123 -0.00427682 -0.00856089 -0.0142898 -0.0204767 -0.018685 -0.026125 0.00424868 -0.00159417 -0.00697632 -0.00851497 0.00032019 -0.0178356
internal_weight=55320.8 55294.1 75.7386 55218.4 55051.2 4593.25 3854.33 1740.25 689.902 50457.9 28349.9 9172.28 19177.6 22108 1050.35 2114.08 738.919 1520.73 7651.55 7268.65 18568.8 1009.25 382.904 327.495 618.789 17559.6 16125.6 13322 2760.04 2057.1 702.94 267.989 434.952 10562 497.765 10064.2 364.629 9699.58 3040.56 9659.09 9527.47 131.618 3966.61 390.677 69.5931 180.916 4228.09 3014.07 2115.36 898.709 308.778 1214.02 665.739 480.25 466.485 310.946 218.84 548.279 1930.04 362.188 672.001 111.143
internal_count=226922 226412 870 225542 224675 18985 15759 7168 2813 205690 115273 37479 77794 90417 4355 8591 3226 6207 31272 29705 75302 4135 1567 1341 2539 71167 65387 54015 11173 8331 2842 1078 1764 42842 2090 40752 1479 39273 12494 39110 38573 537 16053 1575 280 746 17211 12292 8657 3635 1252 4919 2703 1953 1897 1268 887 2216 7815 1488 2740 449
is_linear=0
shrinkage=0.05


Tree=49
num_leaves=63
num_cat=0
split_feature=32 22 8 12 7 19 17 24 7 4 13 26 17 8 9 20 7 13 24 4 24 11 6 1 22 7 28 25 9 17 1 3 9 25 2 2 4 5 13 0 7 22 26 11 6 0 3 6 11 22 17 28 25 21 28 17 8 9 4 25 11 26
split_gain=30.9132 17.7648 24.9598 23.4528 20.7299 19.9535 32.8064 37.7766 34.1801 30.5572 32.2092 29.3187 25.7143 23.3535 23.1101 21.5817 20.8787 20.4914 20.0081 19.632 19.4966 21.6499 19.422 19.4102 24.126 23.2144 22.0132 18.7611 18.5984 18.3502 18.2852 18.042 20.199 17.6779 17.4933 27.3235 17.3732 17.2991 17.2416 25.6771 19.5451 17.0567 18.0251 21.0623 17.879 24.6267 17.1541 18.7145 29.2783 17.0241 29.5071 23.8992 22.2094 21.0615 19.2091 17.3793 17.346 20.2055 16.9269 16.9012 16.4136 16.3857
threshold=1.0000000180025095e-35 0.85957343342412107 2.6522210095535863 0.2756760352581557 1.352142857142858 0.97285633772295899 0.32568280499524022 33.059985631965574 1.0442857142857147 -0.0051249134612699589 0.21662175155391267 21.867643520913052 0.15672713868714969 4.2897363004132272 0.10265011239273561 -0.13669687446346332 1.0000000180025095e-35 0.2968610529418873 11.195214912071693 -1.0000000180025095e-35 27.106356260350402 0.023057385133681118 1.0567070240067131 673.41355674522367 0.091139883909352321 40.48571428571433 0.28382704063275715 13.492546315279748 0.055089810671293662 0.087677936762242059 275.90001608117768 -0.055332297087492766 1.3460173724728799 10.598591473526758 86.384457954155792 102.7380708478991 -0.002938235396394625 1.0000000180025095e-35 0.35005520466520679 42.631762829934509 1.9246428571428569 0.16903655053199076 6.6859595290318099 0.069528423716335511 0.85798845027480519 356.00204838366653 -0.059929505847650326 0.91745557908519315 0.20566178331411863 0.35840329695415796 0.79836873035538669 0.45227139224808449 10.819031188415712 -0.086314479265988217 0.31088966277563063 0.63008021748805609 3.3310335300359024 0.17349717417370095 -0.0098518303184800607 20.549130866834012 0.027624070179333094 28.475977162382843
decision_type=2 2 2 2 2 2 2 2 2 2 2 2 2 2 2 2 2 2 2 2 2 2 2 2 2 2 2 2 2 2 2 2 2 2 2 2 2 2 2 2 2 2 2 2 2 2 2 2 2 2 2 2 2 2 2 2 2 2 2 2 2 2
left_child=1 5 -3 4 -4 6 7 13 -9 11 12 20 -11 17 16 -8 -14 58 -15 29 21 -7 -21 27 26 -26 -25 -20 -19 -12 34 32 -13 -34 -18 -36 -37 -22 39 -30 -40 44 -43 -44 45 -10 -46 -48 -49 50 54 52 -51 -54 -16 -56 -53 60 -1 -41 -58 -31
right_child=-2 2 3 -5 -6 9 15 8 41 10 19 31 14 18 49 -17 30 28 23 22 37 -23 -24 24 25 -27 -28 -29 38 61 -32 -33 33 -35 35 36 -38 -39 40 59 -42 42 43 -45 46 -47 47 48 -50 51 -52 56 53 -55 55 -57 57 -59 -60 -61 -62 -63
leaf_value=0.061550146670929076 -0.054909556082762837 0.012669901539301002 0.040579060851449016 -0.045612555245458541 0.0015765237084571207 0.010806033273600338 -0.016132646481341134 -0.027143101845813512 0.031938721002074996 0.0089926542443093237 0.016501333750735685 -0.019276236614767576 -0.020348038512279679 0.039993480738483043 -0.010925013948916824 0.0033115899576178034 0.0031701642553959839 -0.028954500578554594 0.0077563817083402282 -0.008614725851842614 -0.0023954927751717865 -0.0036369188813794072 0.00308085996506439 -0.059466458251973636 0.025926790990520705 0.005469566616396606 -0.0048238716659507637 -0.0049557619588726275 0.055106219773159652 -0.0035989142250693017 -8.4955133943800633e-05 0.0075322540071897639 -0.019276223201074898 0.042732405663921044 0.042589035494756088 0.081751656483667015 0.0073938011146317791 -0.025221180749862394 -0.021228449883872791 -0.010190727524169385 -0.0017634083676775275 -0.050592810219786226 0.024913195901598139 0.0064998190097882635 -0.019778467045483521 0.0020876030882283794 0.0094041852772371957 -0.0016481492644812115 -0.036744383119695904 -0.034882060371547445 -0.038369267922175487 -0.022441605538747234 0.013161283708769348 -0.0012444303820213734 0.01602357725279737 -0.0314251808832538 -0.020852251233817936 -0.01241256835525543 -0.0018977627445325451 -0.029842763976056286 0.0062252392468611327 0.012518450285868517
leaf_weight=10.428957462310789 25.512223083525896 583.86763090640306 34.277649477124214 26.020350843667984 3952.8526876792312 360.77876995503902 144.65592694282532 86.262481860816479 94.454541057348251 659.85123013705015 129.86812326312065 129.7010812908411 108.47912605106831 33.49553856253624 529.42477641999722 9707.5467935353518 1327.8852175101638 94.497301787137985 369.43130058050156 3197.38552069664 177.25466476380825 922.98767574131489 398.56935104727745 21.806102678179741 164.47898192703724 890.2092063575983 118.15565736591816 1349.6675687730312 13.88724611699581 2798.5062933564186 4008.9524670690298 2241.1031749099493 18.613640889525414 29.428381741046906 73.204609215259552 7.9526889473199835 353.19514820724726 156.94725020229816 140.72844721376896 736.36453039944172 1543.8049865216017 13.026785746216772 170.77164264023304 1736.1928221434355 131.92541222274303 258.1925834864378 310.6478718072176 492.6517728716135 67.538999706506729 47.828493237495422 80.680842563509941 191.00780913233757 262.91133473813534 7156.2916372716427 132.19129514694214 22.444152563810349 65.895289167761803 538.2733446508646 5191.5072152093053 128.92595732212067 366.97402662038803 166.89736096560955
leaf_count=42 510 2638 145 110 15936 1472 593 570 383 2716 525 523 522 135 2190 40453 5520 388 1506 13088 722 3766 1632 88 667 3603 477 5474 57 11387 16191 9120 75 118 299 32 1445 648 577 2984 6252 60 751 7277 533 1042 1275 1989 273 200 335 769 1072 29050 538 93 265 2172 20965 524 1478 682
internal_value=8.67945e-06 3.42146e-05 0.00301044 0.00160357 0.00191409 -0.000235641 0.000809419 -0.000731102 0.00389737 -0.0011774 -0.00189254 0.0028294 -0.000669617 -0.00217128 -0.00108743 0.00302543 0.00137037 -0.00359471 0.00162322 -0.00480383 -0.00237833 0.000418636 -0.00731697 0.00117905 0.00607531 0.00866677 -0.0134093 -0.00222074 -0.00716656 -0.00188241 0.00177982 0.00631487 -0.00900224 0.0186135 0.00602462 0.0147369 0.00906722 -0.0131341 -0.00636042 -0.0120381 -0.00339368 0.00471719 0.00774881 0.00815261 0.000418847 0.010104 -0.00298287 -0.000430744 -0.00589423 -0.0026263 -0.00977751 -0.00199186 -0.000952964 -0.000733096 -0.00639286 0.00908858 -0.00866198 -0.00594457 -0.00176842 -0.0131277 0.00208785 -0.00268973
internal_weight=55305.3 55279.8 4597.02 4013.15 3987.13 50682.7 24021.3 14169.1 3361.66 26661.5 22624.7 4036.81 15933.4 10807.4 15273.6 9852.2 5879.67 7860.14 2947.24 6691.23 1617.97 1283.77 3595.95 2913.75 1194.65 1054.69 139.962 1719.1 2658.21 3095.27 5771.19 2418.85 177.743 48.042 1762.24 434.352 361.148 334.202 2563.71 879.178 1684.53 3275.4 1919.99 1906.96 1355.41 352.647 1002.76 870.839 560.191 9393.92 764.741 8629.18 7467.03 7419.2 684.06 154.635 1162.15 971.143 5201.94 865.29 432.869 2965.4
internal_count=226922 226412 18829 16191 16081 207583 98938 57892 14153 108645 92201 16444 64887 43739 62171 41046 24009 31789 11950 27314 6608 5238 14720 11815 4835 4270 565 6980 10782 12594 23487 9836 716 193 7296 1776 1477 1370 10394 3565 6829 13583 8088 8028 5495 1425 4070 3537 2262 38162 3156 35006 30322 30122 2821 631 4684 3915 21007 3508 1743 12069
is_linear=0
shrinkage=0.05


Tree=50
num_leaves=63
num_cat=0
split_feature=31 23 28 8 23 19 18 25 20 10 23 4 22 26 26 23 27 22 30 0 21 13 8 6 18 10 0 20 3 23 26 2 22 17 27 20 4 10 20 26 0 28 4 12 8 2 13 3 20 8 17 21 13 8 12 12 4 22 3 21 3 4
split_gain=24.2868 20.8356 23.9558 19.6617 30.9851 26.762 29.4861 21.4437 25.8279 23.4878 23.1689 22.8061 21.68 26.9811 21.3722 28.8897 21.1294 19.2379 31.2804 29.4513 22.6792 19.0264 18.9658 18.8281 18.5864 18.2603 18.975 17.9102 19.8994 30.2586 22.4091 20.4488 19.9185 17.8329 24.7946 17.8067 32.4482 19.7316 32.7162 20.1067 19.345 19.0726 18.9237 18.3973 17.8689 17.7039 38.5124 30.6837 37.6498 26.9449 25.8412 25.6205 25.7094 45.5241 31.5697 30.4647 26.7593 25.6703 54.8039 55.6741 39.62 24.4476
threshold=1.0000000180025095e-35 96.691685729331212 0.0011153747627356443 0.0089999550004483085 1.0000000180025095e-35 0.17352955853842464 0.30687107172291533 14.083790510561064 -0.10194857760444563 0.85619281903866895 35.138955939121999 4.5188110563740016e-05 0.45176645580273184 15.806741261605191 31.957982812310618 59.418881040462132 6.9259581861537898 0.61039312839651838 0.047908010288723511 34.712815011546084 -0.11614125215386094 0.017028780718166311 1.1280654950090816 0.91745557908519315 0.71352419977711989 0.42868700878409621 367.49318069621717 0.064911810307902953 0.00013276314529736162 50.433680088510577 22.341826597453466 116.07201175603306 0.30930097782986027 0.90548001112692622 -6.1687819530062287 -0.0080331207157230949 0.0011899371132255835 0.87588032534841054 0.21273269254907837 9.3851862306931206 653.66037027318919 1.709531670972019 0.0082383314966632416 0.24514958463592737 3.9243251002363073 1.0000000180025095e-35 0.14029054467715482 -0.010604513682487675 -0.065343121764315379 3.2209121034169002 0.44048809523809512 -0.053908310072903247 0.28623496010515287 2.8812298664546083 0.029321236961247728 0.092353782195565795 -0.016500209224870926 0.39669225056125562 -0.016631491273446444 -0.20145866241932051 0.0009336473102846489 -0.0057780739513090913
decision_type=2 2 2 2 2 2 2 2 2 2 2 2 2 2 2 2 2 2 2 2 2 2 2 2 2 2 2 2 2 2 2 2 2 2 2 2 2 2 2 2 2 2 2 2 2 2 2 2 2 2 2 2 2 2 2 2 2 2 2 2 2 2
left_child=1 3 -3 21 5 -5 -7 8 9 23 12 16 -9 -14 17 -16 -10 27 19 -19 -20 -1 -21 -6 -15 26 -25 45 29 31 -31 -29 -30 34 -34 36 -22 38 43 40 -39 44 -40 -37 -41 46 49 48 -48 50 -12 57 54 61 -53 56 -55 60 -59 -60 -47 -54
right_child=-2 2 -4 4 7 6 -8 10 11 -11 14 -13 13 24 15 -17 -18 18 20 22 35 -23 -24 25 -26 -27 -28 28 32 30 -32 -33 33 -35 -36 37 -38 39 42 41 -42 -43 -44 -45 -46 51 47 -49 -50 -51 -52 52 53 55 -56 -57 -58 58 59 -61 -62 -63
leaf_value=-0.0061444314331790661 -0.054684541682213719 -0.071676940266751824 0.035067770044635231 0.032090943971834603 0.015898384420244216 -0.0027784676186101026 0.015991845343712542 -0.0068928058529766582 -0.0013354761499406427 0.0004257002845934637 -0.0022640051148627399 0.0103051494333712 -0.056079131830384911 -0.0034289635809881635 0.0064675317162508341 -0.035476408864257111 -0.041155980318204201 -0.083140349217385279 0.015148566805289391 0.034438693949934721 -4.4651034010897197e-05 -0.048822172728685817 0.0076030184523295978 0.036074792597831112 0.020158282732083976 0.0032332499034946911 0.0081255167872097602 0.008930020917950093 -0.035926780931872453 0.0024338204089228012 0.041155856417552886 -0.028633997951920259 -0.041114082243282953 0.0019681334402993586 -0.0070612505574885083 -0.00061468798609308137 0.014843039947698023 0.0033153736849230887 -0.007708971303259717 0.016540683291094687 -0.013657302711285664 -0.029446850681213846 -0.028488755057946787 -0.046040490920621166 0.0041901437020050768 0.0031841858458622669 -0.0073331005888777117 -0.010118502395901015 0.0066830185889865616 -0.0031304323463335311 0.0084221701591245014 -0.012539551473053965 -0.00086035723311783793 -0.032912184110251812 0.0017653857298130919 -0.0044752331162265131 0.01851781717783069 -0.011674472039117706 0.039014479838039288 0.0083219923466877708 -0.0087410675752019121 -0.018997730686638691
leaf_weight=795.61898285895586 20.097890071570873 5.5777130499482146 67.669546186923981 112.38852124661207 663.0950493812561 441.66598859429359 396.78752420842648 2146.5989733114839 3236.3386708199978 1327.1081195101142 909.78839392960072 445.93178802728653 16.317168951034546 151.4426372051239 1664.4426462948322 41.960331797599792 33.570849031209946 8.6121883243322355 256.02438820898533 69.62349047511816 1050.7478957027197 26.949061304330826 1227.5380899012089 91.520931571722031 185.19024932384491 1251.8469556868076 182.32699619233608 75.737736701965332 55.72530460357666 70.669473901391029 79.905717208981514 69.05718782544136 55.04307359457016 578.56221035867929 1830.2476050108671 10815.43948039785 560.97081659734249 373.87641732394695 468.78650256991386 347.89597690105438 304.07293754816055 38.172095850110054 143.42974446713924 22.238433972001076 1865.6112380698323 3373.3923407867551 1143.2924027591944 2133.3645226731896 824.38677306473255 2381.2127439528704 1493.0100960582495 424.60589438676834 252.67555098235607 27.622621014714241 4195.7137925177813 821.53288238495588 282.57349580526352 300.69382238388062 165.92074087262154 1354.0244252681732 877.53080093860626 708.11508192121983
leaf_count=3691 457 42 823 759 2749 1802 1889 8734 13199 5383 3692 1793 66 616 6865 174 141 35 1067 323 4232 264 5030 377 755 5075 746 308 247 287 330 279 226 2372 7494 43546 2255 1568 1895 1419 1227 160 580 92 7514 13697 4659 8853 3359 9787 6084 1716 1027 112 16914 3329 1144 1221 687 5492 3587 2886
internal_value=0.000132706 0.00015281 0.0267844 0.000117363 0.000233418 0.00917973 0.00609923 7.42326e-05 0.00260619 0.00567807 -0.000321623 -0.000299122 -0.00500348 0.00647171 -5.39739e-05 0.00543118 -0.00174707 -0.000276761 0.00098636 0.0084316 0.000387639 -0.00755449 0.00904979 0.00886025 0.00953426 0.00579723 0.0174943 -0.00118251 -0.00493473 0.00733384 0.0230293 -0.00895831 -0.00637519 -0.00570336 -0.00806024 0.000150906 0.00513462 -0.000407374 -0.00134457 0.00325368 -0.00429071 0.00552749 -0.0125893 -0.000708785 0.00613419 -0.000694826 -0.00240922 -0.00596468 -0.00145827 0.000637673 0.00437398 0.000496285 -0.00163196 -0.00622993 0.000449442 0.000561114 0.0139128 0.00285013 0.00781804 0.0116781 0.000721096 -0.0142336
internal_weight=55341.9 55321.8 73.2473 55248.5 54426 950.842 838.454 53475.1 7231.74 3515.9 46243.4 3715.84 2499.55 352.95 43743.8 1706.4 3269.91 42037.4 17553 1305.77 16247.3 822.568 1297.16 2188.79 336.633 1525.69 273.848 24484.4 2814.95 295.37 150.575 144.795 2519.58 2463.85 1885.29 15991.2 1611.72 14379.5 11449.9 2929.63 677.949 2251.68 612.216 10837.7 2213.51 21669.5 8885.05 4101.04 1967.68 4784.01 2402.8 12784.4 6712.84 2092.52 4620.32 1131.73 310.196 6071.56 1820.64 1519.95 4250.92 960.791
internal_count=227132 226675 865 225810 221855 4450 3691 217405 29463 14330 187942 15133 10171 1437 177771 7039 13340 170732 70943 5388 65555 3955 5353 8947 1371 6198 1123 99789 11543 1204 617 587 10339 10092 7720 64488 6487 58001 46113 11888 2795 9093 2475 43638 8933 88246 36434 16871 8018 19563 9776 51812 27128 8498 18630 4585 1256 24684 7400 6179 17284 3913
is_linear=0
shrinkage=0.05


Tree=51
num_leaves=63
num_cat=0
split_feature=32 23 3 8 23 0 18 9 25 20 7 20 23 27 12 23 7 28 21 9 6 26 23 2 1 13 1 4 6 18 4 2 28 1 2 0 20 12 13 25 21 4 6 3 3 3 8 30 28 30 3 28 12 13 4 21 13 6 7 30 28 21
split_gain=28.4863 19.2693 42.9665 17.8267 28.0684 25.9654 21.7557 23.843 19.309 23.3325 21.8523 21.8073 20.8329 20.1477 26.3199 22.364 21.6066 20.7216 19.5467 24.4237 22.1359 19.4401 26.0766 19.1005 21.9918 18.0779 18.0494 28.7374 20.0203 17.9526 17.7592 17.5407 20.5792 17.2785 22.4396 31.3452 46.7411 33.835 31.0961 28.4574 25.0233 25.0167 24.6645 22.4322 30.1549 21.2193 20.8023 38.3563 61.1514 25.023 32.8887 26.7147 23.6935 34.5073 26.8406 20.2269 34.5003 20.4255 19.8066 19.546 25.6099 19.0709
threshold=1.0000000180025095e-35 96.691685729331212 0.00075441223659540872 0.0089999550004483085 1.0000000180025095e-35 1.0000000180025095e-35 0.30687107172291533 0.20501820578001453 14.083790510561064 -0.10194857760444563 3.2535714285714286 -0.60995248274370195 35.138955939121999 2.0016923754985307 0.29165242968428823 22.096763126460271 5.5321428571428628 0.40037686167448333 -0.26012388787143942 0.22954997917472489 0.91745557908519315 31.957982812310618 59.418881040462132 33.650121040587017 1686.5111053795472 0.017028780718166311 156.00734026320814 -0.0009537208830726774 1.0136370455798851 0.49251890041060581 -0.006474751090734321 6633.1708679583853 0.95424211957123495 35.864087739585948 75.124656346470161 257.4959800662578 -0.010772537723480411 0.12931542586738029 0.21662175155391267 45.413520087713749 1.353314727322144 -0.020709817176472904 1.0077006357869494 0.0012370020366773784 -6.4572071706722038e-06 -0.0035435987162721703 3.3748913143418915 0.2661447273949375 0.26096204413673507 0.42007118832663187 0.0039769001302316729 0.28857800636766712 0.082086852658624213 0.15234091092626997 -0.012609551576219928 -0.11402632247812143 0.18106699432352658 0.97077542443719012 57.20000000000001 0.036237853066876782 0.089326510212315621 -0.15410274917865688
decision_type=2 2 2 2 2 2 2 2 2 2 2 2 2 2 2 2 2 2 2 2 2 2 2 2 2 2 2 2 2 2 2 2 2 2 2 2 2 2 2 2 2 2 2 2 2 2 2 2 2 2 2 2 2 2 2 2 2 2 2 2 2 2
left_child=1 3 -3 25 5 6 -5 -8 9 11 30 31 29 14 -12 -16 -15 -18 -13 -20 23 33 26 24 -21 -1 28 -28 -23 -10 -11 32 -6 43 38 37 42 41 -35 61 46 -36 55 44 -14 -44 -38 -48 -49 50 -50 -51 53 -53 -55 -37 -57 -58 -46 60 -43 -40
right_child=-2 2 -4 4 8 -7 7 -9 12 10 13 18 21 16 15 -17 17 -19 19 20 -22 22 -24 -25 -26 -27 27 -29 -30 -31 -32 -33 -34 34 35 36 40 -39 39 -41 -42 59 45 -45 58 -47 47 48 49 51 -52 52 -54 54 -56 56 57 -59 -60 -61 -62 -63
leaf_value=-0.0058473753788212367 -0.054546049950346426 -0.12960977200267351 0.035678468867609447 9.5688563071881069e-05 -0.050826483460923499 0.051065191904680944 0.02140615035966997 -0.0092795113444499901 -0.011911484466483843 -0.036598420187615603 0.0067990757151678198 0.01248218918411749 0.0057869952010461845 0.016600472397772029 0.019113952262214448 -0.020160435141639125 -0.0072438160957985793 0.010853588088987707 0.0077642032490807152 0.024130165934874669 -0.011928195132875127 0.018748207984800324 -0.033637928431209163 -0.0045424994001499039 -0.010207583688880223 -0.048211354174548721 0.011646631283227189 -0.0034766963437904497 -0.024107777304387068 -0.0022319055880040315 -0.0069523547087767595 0.034993743044847932 -0.0073106707814009813 -0.00078016823539368179 -0.02250638917227038 0.0065837303720406963 -0.0039528896008140862 -0.0012943508268481645 -0.0012112166191485679 0.058134337179808176 -0.051520790479357183 -0.011841548656318202 -0.00062332475807375554 0.0063587713924206889 -0.011730239786403994 0.016295085984265174 0.011204611733306995 -0.01944338602532936 0.03779719823421749 -0.022408313618884915 0.0043942071018042523 -0.0016431077201960764 -0.0037681818754445409 -0.025557471043579555 0.015341205292223875 0.0059369260268880009 0.0033856514099294722 -0.006389617417762946 0.005773456454878814 0.0075262133183179696 0.058642142597309981 -0.0089450496161559596
leaf_weight=794.27619933336973 23.714843384921551 4.0664686858654013 67.533891998231411 499.10906912386417 35.779106661677361 34.870054505765438 335.26588636636734 77.720894187688828 647.05557955801487 61.032580986618996 1585.7538593560457 921.24500150978565 786.29233482480049 126.39471055567265 45.843407899141312 170.13662438094616 1249.6236654371023 180.8046148866415 1529.158768042922 168.95769459009171 373.3562435656786 363.76305331289768 42.044140547513962 290.2940362393856 64.086262717843056 25.95257043838501 566.99963271617889 703.35154882073402 29.27400153875351 1851.5390443950891 295.94685888290405 17.444924890995026 113.71533611416817 10650.885520540178 68.012891918420792 1549.6494864821434 7252.8046583086252 1825.1638586223125 1183.1023704260588 17.033001899719238 25.679813116788864 18.610158085823059 272.35255882143974 2130.4108476340771 687.80573044717312 576.20396652817726 684.35164548456669 429.65259316563606 94.732087999582291 139.45535500347614 332.85447628796101 1018.1910241097212 2039.7834770679474 42.576561495661736 650.30642178654671 1495.0148279964924 748.38133111596107 1863.7207607030869 210.75706218183041 2735.4077399671078 40.834567874670029 2453.5325607359409
leaf_count=3691 516 27 838 2050 148 401 1637 362 2623 249 6482 3786 3421 510 185 692 5045 733 6221 697 1512 1546 174 1177 258 264 2332 2854 124 7540 1236 70 460 43063 277 6314 29331 7427 4861 72 112 76 1102 8779 2781 2329 2761 1734 384 563 1351 4090 8276 173 2626 6004 3014 7545 849 11085 170 10122
internal_value=0.000126082 0.000149719 0.0260537 0.000115996 0.000226395 0.00875892 0.00713062 0.0156184 7.5136e-05 0.00247813 -0.000283008 0.00539893 -0.000300566 0.000965869 0.00456671 -0.011796 -0.00319825 -0.00495223 0.00627967 0.00392172 -0.00262554 -4.67242e-05 0.00518613 0.00400255 0.0146656 -0.00719961 0.00617242 0.00326979 0.0155382 -0.00474098 -0.0120438 -0.0122229 -0.0177859 -0.000259219 -0.000579707 0.000357468 -0.00053662 0.00402323 -0.00214612 -0.00612654 -0.00230103 0.00741503 0.00290997 0.00294896 -0.00135973 0.0108596 -0.00220059 0.000138241 -0.00145611 0.000332968 0.0118135 -0.000927845 -0.000127301 0.00421006 0.0128175 0.00171641 -0.000118966 -0.00358701 -0.00761901 0.00814574 0.0365093 -0.00643049
internal_weight=55319.7 55296 71.6004 55224.4 54404.1 946.966 912.096 412.987 53457.2 7229.57 3715.54 3514.04 46227.6 3358.56 1801.73 215.98 1556.82 1430.43 3347.1 2425.85 896.694 43729 1705.43 523.338 233.044 820.229 1663.39 1270.35 393.037 2498.59 356.979 166.939 149.494 42023.6 38208.3 23903.7 19215.7 4688.03 14304.6 3653.67 12710.4 2862.87 6505.32 3815.27 1684.86 848.557 12684.7 5431.9 4747.55 4317.9 427.587 3890.31 3750.86 1711.07 692.883 5656.77 4107.12 2612.1 898.563 2794.85 59.4447 3636.63
internal_count=227132 226616 865 225751 221796 4450 4049 1999 217346 29461 15132 14329 187885 13647 7359 877 6288 5778 13651 9865 3644 177722 7030 2132 955 3955 6856 5186 1670 10163 1485 678 608 170692 154862 96744 77709 19035 58118 15055 51401 11608 26308 15830 7051 3431 51289 21958 19197 17463 1735 15728 15165 6889 2799 22877 16563 10559 3630 11331 246 14983
is_linear=0
shrinkage=0.05


Tree=52
num_leaves=63
num_cat=0
split_feature=17 19 11 7 2 22 27 26 17 12 7 22 21 30 12 6 1 22 11 17 24 26 0 9 2 13 20 2 26 6 13 13 9 0 30 23 12 0 19 12 23 12 13 22 26 19 30 0 0 0 6 22 20 0 9 24 4 7 21 22 20 6
split_gain=18.8301 19.3428 31.2412 35.1956 19.1804 20.732 26.7317 19.4164 24.333 20.1711 18.8488 26.4826 18.1775 33.5617 27.0362 40.1748 19.5976 23.3501 19.3462 19.6026 36.4676 27.1778 29.0394 26.3759 24.8378 37.8286 26.5567 28.5374 26.0606 24.5836 23.4919 27.7933 27.5967 31.9385 22.6393 22.0711 26.4654 23.3837 21.3803 21.1469 20.9452 20.4508 21.3144 25.4742 21.3266 20.3886 20.2802 22.5001 27.125 20.139 20.9869 20.011 19.2894 18.9924 32.7164 18.9624 18.3886 18.2746 18.1955 17.9412 17.8963 21.8682
threshold=1.0000000180025095e-35 1.4960666393876263 -1.0000000180025095e-35 5.66785714285714 395.48261708183924 0.85428795532151025 3.5497430377173411 27.514654305257839 0.74894799882626095 0.22892170654284902 138.42321428571424 0.68421067204303043 -0.26012388787143942 0.8996447321924379 0.30074207866865305 0.91745557908519315 373.90215472053848 0.085060449602096189 0.22726455000950441 0.32568280499524022 27.495670388143612 6.6859595290318099 149.18604204065394 0.2574524879690005 75.124656346470161 0.11305810706948789 0.030751630306936287 211.21607863458544 29.852309870421262 0.98587662858919056 0.29038555916924164 0.35005520466520679 0.057359283281881966 206.00996082310897 0.38849547539668622 44.40287823178739 0.17531311274509806 2356.3137174812068 0.15180965640709421 0.10183180992493908 68.610079741708049 0.18098069779357609 0.16106418905519579 0.93637807733202483 21.249269950432694 0.39046279798742789 0.73897383027285002 1517.0835170850116 3878.4570534604304 367.49318069621717 0.98232908643549066 0.17880888587965141 -0.016274070136660598 1517.0835170850116 0.14425528868896012 50.944203717573508 -0.0062711810084547888 15.596428571428564 -0.07761299241891427 0.51887977924885775 -0.08261526523120398 0.94604943281113141
decision_type=2 2 2 2 2 2 2 2 2 2 2 2 2 2 2 2 2 2 2 2 2 2 2 2 2 2 2 2 2 2 2 2 2 2 2 2 2 2 2 2 2 2 2 2 2 2 2 2 2 2 2 2 2 2 2 2 2 2 2 2 2 2
left_child=-1 2 3 -2 7 6 60 9 -9 -3 -8 -12 13 16 18 -16 -4 -18 19 20 30 -22 59 29 25 39 38 40 41 51 34 35 58 -34 -14 36 37 56 -26 46 -28 42 -29 44 53 -27 49 -48 -49 -21 -51 -24 57 54 -44 -25 -32 -19 -33 -23 61 -6
right_child=1 4 12 -5 5 -7 10 8 -10 -11 11 -13 14 -15 15 -17 17 52 -20 24 21 22 23 55 26 45 27 28 -30 -31 31 32 33 -35 -36 -37 -38 -39 -40 -41 -42 -43 43 -45 -46 -47 47 48 -50 50 -52 -53 -54 -55 -56 -57 -58 -59 -60 -61 -62 -63
leaf_value=-0.016618264483639476 0.033910441160231591 8.9291435758097855e-05 0.017245335454274157 0.0050858181414189258 -0.011385197252929198 0.0031110433144746017 -0.015262933896581355 0.0099466216687072867 -0.011876356443161221 -0.0092622094838290016 0.051643735800240356 -0.015860531895194395 -0.0035952318456296422 -0.0017014220405399624 0.0030607530770064722 -0.017057356380355659 -0.0042808542562758727 -0.033023369974901011 0.010939260364438274 -0.0011863228849862024 -0.045223484268154798 0.0091768069692735755 -0.0040334545093856878 -0.0090902800014045718 -0.010515170242918993 0.0065829386064744089 0.0077734631968349776 -0.0057906929160647085 0.029864089452765759 -0.010778170097508992 -0.038855088240600799 -0.0032170293713718913 -0.012074909857653734 0.0025076526418883194 0.0024489670834695523 -0.029389714635108168 -0.017243067473445079 0.033117147570367871 0.006621197286991805 0.011187351771329396 0.043556760446946542 -0.018864690435139431 -0.016431532342146265 0.046967501009415852 0.012332069625895815 -0.0067823378028118693 -0.0006472940801520357 -0.033667910559030671 0.0067687109223386159 0.031291796275784753 0.0049074142668334422 0.0064739573615799108 -0.01433510966092089 0.010223994369730606 0.0060696939566308615 -0.064379057546680232 -0.0013089549533317993 0.017972667700130923 -0.047058095029803321 0.032807678876668654 -0.0036354187166968603 0.013823493027344591
leaf_weight=167.41213303804398 144.89584137871861 11156.047838300467 551.66715447604656 395.08069597557187 118.22520242631435 1211.5332362577319 685.21577447280288 878.42382669821382 149.18455149233341 607.92468737065792 26.125354290008545 32.342415623366833 3405.5565247237682 1119.0771586745977 462.4455863982439 534.46367681398988 372.22806042432785 18.172087326645851 449.79310575500131 1994.1516697928309 28.945514358580112 709.0468454323709 572.48399397730827 336.51380543410778 189.08295239135623 324.25221241265535 494.05525329336524 1343.3221685886383 63.453856024891138 300.90028487890959 35.597330629825592 41.300226762890816 508.55687189102173 1433.1306747794151 2841.3421128056943 163.1840842962265 521.07464659959078 45.655149176716805 4676.6820559240878 578.01713308691978 44.59439180791378 178.89177463203669 363.92722846567631 32.353995144367218 360.68771712109447 2353.8561272099614 384.93426466733217 137.10851038992405 59.126707077026367 78.612004891037941 1826.6906358152628 2163.3101697266102 59.853190883994102 231.02637722715735 289.94323037564754 16.203924834728241 381.56067489087582 423.42617478966713 56.203618735074997 90.783549964427948 5763.098947763443 313.75191505253315
leaf_count=875 1193 45612 2296 1774 480 4889 2837 3627 623 2494 106 134 13752 4526 1878 2184 1510 75 1852 8407 160 3078 2310 1366 943 1366 2007 5418 264 1248 144 171 2073 5807 11474 666 2115 184 18989 2340 186 736 1477 130 1472 9648 1545 550 237 375 7550 8848 249 933 1186 72 1551 1792 231 369 23479 1269
internal_value=0.000119834 0.000170784 0.00090388 0.0128346 -0.00102574 -0.00292145 -0.00397549 0.00018175 0.00677273 -0.000393614 -0.012934 0.0142539 0.000712227 0.00477551 0.000379648 -0.0077206 0.00986398 0.00519602 0.000648066 0.000491775 -0.000899878 0.00296409 0.00329931 0.00127527 0.0016791 -0.000356524 0.00358451 0.000194152 -0.0017905 0.00277994 -0.00262826 -0.00612219 -0.00261643 -0.00130959 -0.00084529 -0.0123494 -0.00951533 -0.000802136 0.00595405 0.00218666 0.0107528 -0.00251065 -0.00139196 0.00322801 0.00208419 -0.00516208 0.0010242 -0.00768639 -0.0214614 0.00232386 0.00600023 0.00427331 0.0122401 -0.00208816 -0.00644685 -0.011662 -0.00453341 0.0158558 -0.0285616 0.011869 -0.00289907 0.00691167
internal_weight=55296.5 55129.1 34187.2 539.977 20941.9 8150.29 6938.76 12791.6 1027.61 11764 743.684 58.4678 33647.2 2544.42 31102.8 996.909 1425.35 873.68 30105.9 29656.1 13651.4 4218.19 4189.24 3389.41 16004.8 7736.75 8268.02 3402.26 2863.61 3036.69 9433.16 3186.26 2039.19 1941.69 6246.9 1147.07 983.888 462.813 4865.77 5058.64 538.65 2800.15 2621.26 1277.94 1245.58 2678.11 4480.62 581.169 196.235 3899.45 1905.3 2735.79 501.451 884.897 653.87 352.718 417.158 441.598 97.5038 799.83 6195.08 431.977
internal_count=227132 226257 140707 2967 85550 33194 28305 52356 4250 48106 3077 240 137740 10448 127292 4062 5922 3626 123230 121378 55619 17451 17291 13844 65759 32018 33741 13809 11616 12406 38168 12942 8282 7880 25226 4660 3994 1879 19932 21004 2193 11352 10616 5198 5068 11014 18664 2332 787 16332 7925 11158 2116 3596 2663 1438 1695 1867 402 3447 25228 1749
is_linear=0
shrinkage=0.05


Tree=53
num_leaves=63
num_cat=0
split_feature=32 17 21 30 12 6 22 10 26 3 6 3 19 11 3 3 8 8 1 20 23 25 28 6 23 3 28 22 22 23 22 18 22 30 28 3 22 21 28 30 24 30 28 30 23 24 22 21 21 27 7 25 30 28 22 3 28 21 28 0 21 24
split_gain=27.0274 17.0673 17.245 37.5058 26.5025 28.3112 19.401 25.0998 21.1178 22.6349 22.0814 17.9899 17.8409 17.6652 20.8704 17.5623 35.0029 17.9423 17.2719 27.5946 21.4481 19.0324 25.2122 17.7858 17.0643 37.3896 17.0521 16.2399 15.9992 19.339 15.5659 15.0915 14.9876 14.4129 22.29 33.172 27.7609 25.1376 20.6454 40.062 37.671 34.5802 33.4823 40.4625 35.2096 24.9999 31.6907 28.6571 28.2428 27.8441 24.6291 24.0554 29.4783 25.7301 22.4301 22.5074 22.2893 39.0239 23.7651 22.9645 22.0095 21.9097
threshold=1.0000000180025095e-35 1.0000000180025095e-35 -0.26012388787143942 0.8996447321924379 0.30074207866865305 0.91991091652159696 0.15401041643615662 0.24653975095785444 28.107209062640369 -0.022440386208050573 0.9364911907332073 -0.055332297087492766 1.0000000180025095e-35 0.22726455000950441 -0.00082270543089433125 -0.028188642487784073 5.4995279266033812 2.6522210095535863 373.90215472053848 -0.1250809376094382 31.4142650379416 14.407754459665535 0.58944509167411274 0.94710216668349878 96.691685729331212 0.00075441223659540872 0.24779648465034318 0.13269825584343001 0.28732222666093704 36.479722935891083 0.35246475059125132 0.26646238906616643 0.055483276589833978 0.1349752342994123 0.16784207243161828 0.018456825527235741 0.78462801966997187 0.092084669304077008 0.2870223995086571 0.52294329974432252 47.495781543648441 0.39239458462570215 0.21153255373243821 0.28972736275298633 67.239795797360003 26.965157526773517 0.32809299717861223 1.0000000180025095e-35 1.0000000180025095e-35 -2.5606273372927766 1.8000000000000009 21.963409909544794 0.22991677467767244 0.22437713136328954 0.48478728947192562 0.00035230472957952674 0.24926129976546596 -0.12029729543614219 0.23895024123567329 2187.016159797739 -0.15918782037188164 15.108945690600843
decision_type=2 2 2 2 2 2 2 2 2 2 2 2 2 2 2 2 2 2 2 2 2 2 2 2 2 2 2 2 2 2 2 2 2 2 2 2 2 2 2 2 2 2 2 2 2 2 2 2 2 2 2 2 2 2 2 2 2 2 2 2 2 2
left_child=1 -1 3 6 13 11 7 -3 -8 10 -10 -6 -5 24 30 27 17 -17 19 -9 -21 26 23 -23 33 -26 -20 -7 29 -13 31 -15 -24 34 -4 37 -37 -36 40 61 41 42 45 44 51 46 -35 49 -47 -48 -51 52 54 -54 -44 60 57 -45 -59 -60 -56 -40
right_child=-2 2 4 12 5 15 8 18 9 -11 -12 28 -14 14 -16 16 -18 -19 21 20 -22 22 32 -25 25 -27 -28 -29 -30 -31 -32 -33 -34 38 35 36 -38 -39 39 -41 -42 -43 43 56 -46 48 47 -49 -50 50 -52 -53 53 -55 55 -57 -58 58 59 -61 -62 -63
leaf_value=-0.015829931838247227 -0.054431032452429765 -0.047378277469446631 0.00085087693860099248 0.043735185577867736 -0.010441385930301649 -0.003818152506105683 0.0067758242819248946 0.02142635706961547 0.028702482850435973 0.04436364728346804 -0.0031164751659937102 0.0055992444456037412 -0.002331892647537272 -0.026596283352421132 -0.017279430506626399 0.039534334792066445 0.016885107674002982 -0.019375130318813438 -0.046009228600778988 -0.069938649035850217 -9.7248250267730288e-05 -0.033624503372174749 0.054021360314890944 0.00083663240356212992 -0.11473957820402031 0.034563946048030036 0.009377248712736817 -0.031015699300874545 0.025277363188048237 -0.049216749201953305 0.02677121851628593 0.010697659943364621 0.00051198838240849387 -0.012427495343301023 0.015633134058471203 -0.024897564274194397 0.015564614637097851 -0.0087939751375964506 0.014059822904822328 -0.00039018895657774824 0.021459830302975408 -0.0058676574579242871 0.024171529999448008 0.011686774712120202 -0.012540810963267996 0.0084209104871406822 0.015059076010811313 -0.0071715251025581536 -0.0059614046280726061 -0.03010382855899605 0.00016966443652311028 0.013522483429928256 -0.015913697485639963 0.0037959597052056059 0.044187145222888663 0.025898802771578175 0.002861094486902914 -0.004981801731743494 -0.024215352333123309 0.012511745892027732 -0.01570783318988039 0.0036213976667669638
leaf_weight=166.76477914303541 22.601204313337803 22.611562177538872 10260.897736504674 21.186225011944771 195.90748612582684 75.530979201197624 338.63896709680557 297.84977431595325 134.00301709771156 100.65642692148685 91.411248236894608 195.9444218724966 1614.0506107360125 30.306243821978569 62.646258935332298 13.431745141744612 107.93824289739132 269.79259306192398 14.310860976576803 12.626197561621664 81.766258358955383 105.64063595235348 17.87395404279232 57.527691453695297 4.3741850405931464 64.615507207810879 372.74367621541023 205.37780366837978 100.6978604644537 17.424559876322746 146.6891001611948 247.63603703677654 48.84235280752182 1082.8610184192657 781.3552448451519 121.64601095020771 64.797609716653824 121.38636435568333 605.02112650871277 18435.589740760624 172.39496275782585 4321.1353971213102 237.60123211145401 277.89476096630096 217.80809050798416 851.32671196758747 317.08195598423481 1860.0355518013239 569.3162013143301 70.088441073894501 1562.541310608387 1182.0704441219568 243.96505899727345 514.24568417668343 17.202461570501328 67.617089837789536 1468.8596379160881 1093.6842665374279 331.46854162216187 48.577108860015869 133.27799186110497 2988.0968266129494
leaf_count=874 516 92 43118 91 790 306 1392 1233 590 450 386 798 6528 125 256 55 441 1110 58 51 332 429 72 233 27 838 1523 833 412 70 598 1028 198 4402 3157 493 260 491 2453 74878 700 17503 960 1127 883 3433 1283 7496 2300 285 6321 4794 991 2090 73 274 5966 4428 1346 196 542 12154
internal_value=0.00011387 0.000136369 0.00018482 0.00367152 -3.95328e-05 -0.00744011 0.00888008 0.00458082 0.0155444 0.0246307 0.0157813 0.00143413 -0.00172935 0.000133346 0.00960653 -0.0141806 -0.00730966 -0.0165508 0.00575454 0.0139571 -0.00955647 0.00052993 -0.0108539 -0.021451 4.10697e-05 0.0248728 0.00730513 -0.0237246 0.00885868 0.00107837 0.0135879 0.00660512 0.0149819 6.67099e-06 0.00157337 0.00837446 -0.0108075 0.0123424 -0.000453049 0.000550912 -0.00178235 -0.00202608 -0.000659097 0.00207102 0.00669327 -0.00318287 -0.00487866 -0.00273144 0.00265373 0.00150202 -0.00112867 0.00844429 0.00349447 -0.00254057 0.0135451 0.0019398 -0.00167899 -0.00548897 -0.00873169 -0.0195057 -0.00880282 0.00538079
internal_weight=55279.3 55256.7 55089.9 3331.74 51758.2 1182.05 1696.5 1031.79 664.71 326.071 225.414 509.974 1635.24 50576.1 487.278 672.071 391.163 283.224 1009.18 392.242 94.3925 616.939 229.885 163.168 50088.8 68.9897 387.055 280.909 314.067 213.369 424.631 277.942 66.7163 50019.8 11350.1 1089.19 186.444 902.742 38669.8 22028.7 16641.1 16468.7 12147.5 5834.27 2613.79 6313.25 4892.61 3809.75 1420.64 1949.71 1632.63 2395.98 1213.91 758.211 455.699 218.098 3220.48 1751.62 1473.73 380.046 150.48 3593.12
internal_count=227132 226616 225742 13658 212084 4815 7039 4221 2818 1426 976 2070 6619 207269 2007 2745 1606 1165 4129 1616 383 2513 932 662 205262 865 1581 1139 1280 868 1751 1153 270 204397 47519 4401 753 3648 156878 89485 67393 66693 49190 23670 10607 25520 19787 15385 5733 7889 6606 9724 4930 3081 1849 889 13063 7097 5970 1542 615 14607
is_linear=0
shrinkage=0.05


Tree=54
num_leaves=63
num_cat=0
split_feature=32 8 7 21 23 18 13 17 24 8 23 25 23 22 3 10 2 7 10 17 8 22 12 4 22 26 22 10 21 12 10 26 30 17 24 28 22 3 23 13 3 25 4 23 8 7 10 13 12 21 2 0 23 13 23 10 13 22 22 26 12 4
split_gain=25.6265 16.1207 31.9694 34.2381 21.0265 22.4314 18.7849 17.9505 21.1439 25.1888 18.8632 17.0086 24.1865 21.6034 20.8599 30.6275 24.7086 40.4087 28.6851 26.0973 22.6582 19.4903 20.798 18.0076 18.9651 17.8027 19.7958 17.586 17.2926 32.1973 29.3121 25.5501 21.9626 20.0893 22.8743 18.1335 17.9698 26.1781 24.0068 18.5814 17.6262 20.5056 17.3311 20.01 16.9835 23.2552 16.7934 21.5734 23.6612 23.9133 21.4465 20.7751 18.4384 16.5622 28.8787 16.2108 15.9535 19.5658 15.9484 21.1844 45.7384 31.0444
threshold=1.0000000180025095e-35 0.0089999550004483085 0.66071428571428592 0.0032867837320519348 1.0000000180025095e-35 0.30687107172291533 0.017028780718166311 0.73705708887211241 13.619962527815986 0.93780727377094208 48.028595624735019 15.137121755530059 35.138955939121999 0.52454120211061916 -0.031322547553437802 0.71582758252530854 33.650121040587017 34.946428571428591 0.86789144242275484 0.5823295107397507 3.127570357857564 0.42568504613322827 0.17263440014678516 -0.039335064287554199 0.0091902442320684584 33.86418077513455 0.07079610813022412 0.82468113282066779 -0.17844484309993783 0.23541616155528891 0.91496912998101287 29.70185610581057 0.42007118832663187 0.11247256179317014 26.965157526773517 1.709531670972019 0.49003356977654416 -0.016040507446717162 52.842777307496554 0.27211520838713188 -0.0035435987162721703 20.69831743741743 0.0040988756201177827 46.847355426896563 5.3829842766595046 17.380357142857147 0.056208202514536738 0.2434283067551665 0.073747380587114622 0.11393686954735595 1118.8086485766387 1313.1523944636181 40.450088611732447 0.0047795167453054599 50.846750786211636 0.16697081203483247 0.38003066599207153 0.1217375310862381 0.77122059466990056 23.492405182256928 0.0005235816498849363 -1.0000000180025095e-35
decision_type=2 2 2 2 2 2 2 2 2 2 2 2 2 2 2 2 2 2 2 2 2 2 2 2 2 2 2 2 2 2 2 2 2 2 2 2 2 2 2 2 2 2 2 2 2 2 2 2 2 2 2 2 2 2 2 2 2 2 2 2 2 2
left_child=1 6 3 7 5 -4 53 8 -3 -10 -9 13 21 14 16 -16 17 19 -19 25 27 23 -23 -13 -25 26 -6 -17 31 46 56 32 -14 -33 -35 42 40 -38 -39 -40 -34 -42 -32 -44 -7 -46 47 50 49 -49 -30 -52 -50 -1 -55 -43 -31 -58 59 -48 -61 -62
right_child=-2 2 4 -5 11 44 -8 10 9 -11 -12 12 28 -15 15 20 -18 18 -20 -21 -22 22 -24 24 -26 -27 -28 -29 29 30 35 33 36 34 -36 -37 37 38 39 -41 41 55 43 -45 45 -47 58 48 52 -51 51 -53 -54 54 -56 -57 57 -59 -60 60 61 -63
leaf_value=-0.0068404366245776276 -0.054259496813662933 -0.047434213641087297 0.00047488651116875765 0.036139982188454538 -0.014242536904616738 0.021459125987352053 -0.049230960380605711 0.035125897643978131 -0.010617259902033216 0.046035437203939128 -0.03267729970643906 -0.048392795673603599 0.025753804786479401 0.0087546136519371515 0.00075724113968790791 -0.0044375554731816876 0.00084715951186660205 0.01279591811719274 -0.012203179788732622 -0.04416997683053376 -0.015803739352107327 -0.007809261134311316 0.017542511065876839 0.032759155103952879 -0.0084492800956834455 0.027746926549330843 0.017186626488230931 0.029202542338508043 0.0096802718183666755 -0.00872695574015106 0.0025561665694658424 -0.018990864738543004 0.0019724558634847378 0.025212210920768224 0.0066893495657756362 -0.039039330098925198 -0.041425672567924059 0.032786883754000129 -0.050491899581265799 0.0085243125107249389 -0.022618037752755588 -0.031877402538292424 0.059259496628550082 0.0014235645471748883 -0.034082566492512498 0.017826611338697739 -0.0018786735241129067 -0.044637149167472689 -0.038707804617243102 0.026026181499397252 -0.050517162744030245 -0.00091746185393905624 0.0069650887453793541 0.066686675574489748 -0.045617982565649647 -0.0010274535585507395 0.028317631739583751 -0.028038783359756819 0.0015310447514682057 0.022876366558996674 0.0044898075234669696 -0.0020488146485552541
leaf_weight=765.05963698029518 21.565497245639563 11.646242156624792 497.39768722653389 127.82528349384665 61.411301985383034 328.43829325586557 25.254117041826248 12.670809723436831 31.72378696501255 50.67829667031765 51.17110825330019 27.59099417924881 85.771450936794281 1037.6911406964064 4628.8526446223259 166.21392017602921 1814.9511733055115 206.04968312382698 258.61863160133362 16.315700560808182 524.84681065380573 158.30463251471519 164.9262120872736 28.32413524389267 1453.0885864645243 332.37823703885078 267.06958255171776 50.541861832141876 1258.6898453012109 744.68929576873779 138.72559234499931 51.031647861003876 1368.8318944424391 261.90399430692196 461.35681748390198 18.611588224768639 21.168515041470528 119.10471467673779 14.770850792527197 128.6289296746254 172.37813800573349 45.750706613063812 34.960366681218147 26.40314120054245 36.058606162667274 53.331292763352394 19764.034181475639 64.849770113825798 25.409054532647133 14.513411208987234 22.352020516991615 358.18184301257133 164.91746692359447 18.920115254819397 8.0530117154121381 604.32633444666862 16.453420802950859 209.86750520765781 7985.3897263780236 235.77546909451485 2989.4409972429276 4620.8146878480911
leaf_count=3515 516 48 2104 1024 249 1751 266 70 148 209 278 112 355 4206 18877 670 7392 844 1053 66 2131 647 670 114 5917 1367 1099 204 5172 3051 562 211 5578 1100 1897 77 87 492 61 529 706 187 141 108 158 235 80318 264 104 59 90 1439 679 114 62 2482 67 854 32348 1178 12087 18733
internal_value=0.000108232 0.000129644 0.000234402 0.0169128 0.000146264 0.00766014 -0.00683981 0.00130217 0.0152158 0.0241778 -0.0191082 1.69545e-05 -0.000395955 0.00195136 0.00110289 -0.000753189 0.0044757 0.0102383 -0.00110661 0.0180294 -0.0101864 -0.00601928 0.00511226 -0.00840717 -0.00765586 0.019579 0.011293 0.00339324 -0.000150676 -0.000448543 -0.00854628 0.00330369 0.000894902 0.0112624 0.0134062 0.00797421 3.03734e-05 0.0118713 0.0162024 0.00237957 -0.00150068 -0.00728673 0.0123895 0.0344983 0.0161996 -0.00307162 -0.000191512 0.00437693 -0.00871745 -0.0316353 0.00653471 -0.00385652 0.000824264 -0.0054758 0.032928 -0.00321085 -0.0122728 -0.0239089 -0.000436661 -0.00100595 0.0011918 0.000519038
internal_weight=55266.1 55244.5 54427.2 285.716 54141.5 915.226 817.287 157.89 94.0483 82.4021 63.8419 53226.3 43861.3 9364.94 8327.25 5370.46 2956.79 1141.84 464.668 677.175 741.603 1832.23 323.231 1509 1481.41 660.859 328.481 216.756 42029.1 38694.1 1189.71 3335.02 2560.73 774.292 723.261 218.701 2474.96 283.673 262.504 143.4 2191.29 822.455 200.089 61.3635 417.828 89.3899 37504.4 1908.91 269.69 79.3632 1639.22 380.534 190.327 792.033 26.9731 650.077 971.01 226.321 35595.5 27610.1 7846.03 7610.26
internal_count=227132 226616 222659 1777 220882 4248 3957 753 405 357 348 216634 178476 38158 33952 21882 12070 4678 1897 2781 3005 7460 1317 6143 6031 2715 1348 874 171016 157331 4860 13685 10477 3208 2997 888 10122 1169 1082 590 8953 3375 811 249 2144 393 152471 7807 1106 323 6701 1529 783 3691 176 2669 3972 921 144664 112316 31998 30820
is_linear=0
shrinkage=0.05


Tree=55
num_leaves=63
num_cat=0
split_feature=32 9 9 7 0 21 24 7 6 9 20 9 2 8 7 20 25 8 18 17 7 6 20 26 3 18 10 6 2 20 0 3 29 20 29 21 4 26 21 10 28 3 21 8 8 24 30 9 10 24 7 26 28 6 9 0 10 9 3 21 21 8
split_gain=24.7006 21.2992 55.2246 19.7072 17.1128 29.7904 19.0177 15.1309 16.4087 28.8035 33.9347 36.2232 29.0458 29.9785 26.4489 23.6725 22.5599 22.223 21.852 19.6311 20.7289 19.4244 24.8728 18.9305 18.6117 18.1727 18.1464 18.135 17.6681 42.8714 34.4352 33.5192 31.7234 31.4988 34.1329 34.305 49.0777 26.8089 26.1547 25.1628 37.6254 25.7262 24.8581 30.4116 25.9522 25.7723 24.6696 23.4077 29.0618 26.9242 35.0939 24.1029 26.6145 23.9566 23.2326 33.3291 23.1443 76.0728 22.2087 31.6839 21.5325 24.8651
threshold=1.0000000180025095e-35 0.0044435854687915185 0.015624302006966961 4.7428571428571447 997.36254244929182 -1.0000000180025095e-35 81.835650256632519 0.66071428571428592 0.96000415889405566 0.2493664831034251 -0.11147379667116512 0.17349717417370095 546.14954271914178 4.448684962079632 2.5296428571428575 -0.16660721949564197 25.483410502137357 3.2622681702857692 0.1678740304804231 0.57797152203081659 34.946428571428591 0.9082309515909871 -0.078336178455696168 20.618187262165147 -0.10797543595222488 1.2378094651423679 0.66897149345604501 0.58913433694768336 1.0000000180025095e-35 -0.0284642921033697 112.18946510859031 -0.0039549289224086832 1.0000000180025095e-35 0.013702937873563805 1.0000000180025095e-35 -0.091466503512573502 -0.002938235396394625 11.633273205709646 -0.022677746321871636 0.30995707999494354 0.21153255373243821 -0.022050945937005312 -0.0032472557813969512 2.1098418735644082 2.57111993929681 71.418789811017291 0.42426763475016394 0.063356398890216312 0.15888657530708764 14.573113665485479 92.658928571428561 27.984250187143271 1.709531670972019 1.0284458029709251 0.2007893951916252 2997.1615108092519 0.90703717124135652 0.39585138187143482 -0.01691659894687348 -0.17558151635892291 1.353314727322144 2.57111993929681
decision_type=2 2 2 2 2 2 2 2 2 2 2 2 2 2 2 2 2 2 2 2 2 2 2 2 2 2 2 2 2 2 2 2 2 2 2 2 2 2 2 2 2 2 2 2 2 2 2 2 2 2 2 2 2 2 2 2 2 2 2 2 2 2
left_child=1 4 3 -3 6 -6 -1 -4 9 10 11 26 14 17 -12 -13 19 -14 24 -16 -21 25 -23 -17 -11 -20 -9 -27 29 39 31 -31 -32 34 35 46 -37 -33 -36 -10 41 -41 43 -34 -44 54 58 48 -35 50 53 52 56 -49 -46 -56 57 -51 -30 -60 61 -58
right_child=-2 2 7 -5 5 -7 -8 8 28 18 12 15 13 -15 16 23 -18 -19 21 20 -22 22 -24 -25 -26 27 -28 -29 33 30 32 37 42 47 38 36 -38 -39 -40 40 -42 -43 44 -45 45 -47 -48 49 -50 51 -52 -53 -54 -55 55 -57 60 -59 59 -61 -62 -63
leaf_value=0.0089660489365999043 -0.054084462393448884 0.050536573841989701 0.015109034156531465 -0.021378949360042906 0.028827324480024247 -0.031440635647735436 -0.0074185900336751938 0.018265127460216912 -0.0009874029870193706 0.0323151154523421 -0.011227022485824748 0.012061301821967857 -0.002497500629320215 0.0093302155390580909 0.0039747007765746937 -0.041204009407644945 0.015211011051712457 -0.016284924089173671 -0.0017997595323554366 -0.026885773633250638 0.0081847985296960666 -0.0092627450399774946 0.010041954568009513 0.00074801552182983269 -0.027848862344275749 -0.0067310297034041885 0.0013473339696853 0.013916634075692259 -0.00096512888527765554 0.0089284728969231935 0.0038409689859781777 0.010016490221065164 -0.037350239065341788 -0.0054199878674994727 0.016128433875160542 -0.0085795654207839727 0.0016769632462158798 -0.016579786414952183 0.0045069030916424042 0.0032965750902452465 -0.0054512051168484794 -0.023302503190989279 0.0062296730003097416 -0.0062261460561054242 -0.0047964153741903541 0.05038250727461549 0.001618984286133669 -0.0021323523604423189 -0.031550424609199636 -0.0022766582122335003 0.032114687946038743 0.010869646267404429 -0.03120023195249599 0.013169423792737465 0.0048121912953744649 -0.019138437653687633 0.052984056655666301 -0.076282478200960346 0.053734417431082343 0.012345717175523964 -0.046583607703383129 0.0040706137304592129
leaf_weight=220.152223944664 20.989409307017922 71.711763869971037 167.87533958256245 10.821055755019186 24.167006812989712 130.19668520987034 900.0094912275672 848.79884231090546 1559.1080859676003 14.163303360342978 289.7685609832406 568.82065472006798 667.66293580830097 291.79237696528435 2799.3619596660137 27.351500257849693 429.85036291927099 521.18895062804222 1067.7561273500323 107.82859686017036 68.765184253454208 1041.7645214945078 198.3519774377346 1313.7618946284056 125.38032384216785 138.24044641107321 195.71459522843361 456.09095801413059 302.77589745819569 213.63548882305622 4596.269983664155 108.23011250048876 86.651789247989655 861.87399812042713 577.45507691800594 1855.5316631793976 3138.317607998848 745.51798777282238 3012.1667633205652 107.54798832535744 1936.6376651078463 575.41125163435936 1201.4299559369683 835.0102127045393 3112.6720209270716 23.272100262343884 2722.883913397789 680.25802077353001 121.47145435214043 9225.2109201028943 119.88576489686966 385.69177222251892 76.598873540759087 409.40974615514278 1511.7668652161956 160.54101100564003 26.39706613868475 34.760671705007553 49.348830729722977 736.97730629146099 20.418874964118004 1397.0965179353952
leaf_count=894 526 826 722 48 128 1050 3846 3508 6408 58 1200 2346 2694 1201 11567 114 1865 2111 4369 451 297 4220 816 5346 514 568 788 1875 1228 885 18971 513 352 3490 2344 7524 12652 3062 12150 462 7938 2382 5040 3427 12513 112 11091 2749 493 37384 483 1585 326 1654 6093 646 132 147 207 2998 96 5650
internal_value=1.67624e-05 3.75129e-05 0.000188531 0.0410326 -0.00635074 -0.0219602 -0.00419344 0.000125785 7.88238e-05 0.00178412 0.00333717 0.0076129 0.000895632 -0.00502009 0.00326721 0.00351491 0.00450215 -0.00854693 -0.00236556 0.00295321 -0.0132042 -0.00143407 -0.00617044 -0.000106861 -0.0216878 0.00209699 0.0151004 0.00910529 -0.000369053 -0.00163192 -0.000175502 -0.00876713 0.000619664 0.000453253 0.00226868 0.000592839 -0.00213308 -0.0132015 0.00637822 -0.00602041 -0.00901384 -0.0191067 -0.00151573 -0.0091615 -0.00034219 -0.00198543 0.00416518 -0.00123085 -0.00865581 -0.000640415 0.00644445 -0.00140837 -0.0018482 0.00361292 -0.00224221 0.00250894 -0.00163739 -0.00255583 0.0105256 0.0149561 0.00424894 0.00498483
internal_weight=55246.6 55225.6 53951.1 82.5328 1274.53 154.364 1120.16 53868.5 53700.6 11172.4 8130.67 2954.45 5176.22 1480.64 3695.57 1909.93 3405.81 1188.85 3041.75 2975.96 176.594 2902.2 1240.12 1341.11 139.544 1662.09 1044.51 594.331 42528.2 16773.7 12595 1067.38 11527.6 25754.5 12395.5 8805.84 4993.85 853.748 3589.62 4178.7 2619.6 682.959 6931.34 921.662 6009.68 4808.25 3811.99 13359.1 983.345 12375.7 1209.55 11166.2 10780.5 1089.67 4784.98 1672.31 10703.9 9259.97 1089.1 786.326 1443.91 1423.49
internal_count=227135 226609 220691 874 5918 1178 4740 219817 219095 45908 33488 12102 21386 6006 15380 7806 14180 4805 12420 12315 748 11848 5036 5460 572 6812 4296 2443 173187 68804 51614 4460 47154 104383 50194 35700 20176 3575 14494 17190 10782 2844 28183 3779 24404 19364 15524 54189 3983 50206 4886 45320 43735 4403 19252 6739 43409 37531 4433 3205 5878 5782
is_linear=0
shrinkage=0.05


Tree=56
num_leaves=63
num_cat=0
split_feature=32 9 9 23 18 23 8 7 24 19 7 22 21 20 17 22 4 7 4 19 22 20 4 24 23 21 8 28 7 11 9 19 9 11 12 1 2 1 28 2 26 28 22 30 2 21 19 1 4 30 26 1 7 28 9 24 26 12 4 20 28 30
split_gain=23.4271 19.2845 51.5496 33.0202 25.3315 21.1767 23.2567 18.6865 17.7522 17.1165 16.6189 16.3594 39.4106 30.4799 33.3049 27.8359 21.8169 31.1594 20.3004 37.7108 20.1154 24.7153 18.7087 26.0322 18.9843 19.4268 20.1554 18.622 18.5171 17.5661 16.7186 16.6875 16.677 16.609 17.3009 19.5189 21.1907 18.7367 25.9338 26.9969 27.7952 21.7063 30.3345 22.1486 21.2241 23.3198 20.1299 18.7142 20.8701 18.997 18.0415 22.1406 20.8383 20.4328 27.3588 20.3571 19.4625 22.1122 17.7269 18.8433 18.9835 25.2162
threshold=1.0000000180025095e-35 0.0044435854687915185 0.015624302006966961 46.166210098898013 0.70796288615096437 1.0000000180025095e-35 4.9797943052274141 4.7428571428571447 81.835650256632519 1.6806155812609356 17.380357142857147 0.21953044859608969 -0.15410274917865688 -0.11147379667116512 0.037339352112836295 0.50261675801231787 -0.0068000876214585173 18.582142857142866 -0.0002839570760644567 0.37527859943230618 0.33732535718673456 -0.09659289714244744 -0.0056832437754338466 37.245436418276483 23.389147261995088 -0.12653699574933117 3.2622681702857692 0.099417879970678816 15.383928571428575 0.081614185319253116 0.11144057493082539 0.62062685006316409 0.088235020565716679 0.1872080288834522 0.14732194305671795 1430.1960656120625 1488.0500514195935 2256.6286594012863 0.42746152459955628 1770.1831286410566 10.558791898535732 0.35441444511812487 0.63875368685585765 0.73505868095420346 1446.3186627142843 0.71069453588718334 0.31386461748477018 1822.6929345417543 0.0066074979694125315 0.047908010288723511 20.542862709200836 113.99584235691724 2.1678571428571414 0.24926129976546596 0.10332388433935187 55.667958495287152 27.065132616546681 0.1145167053846379 -1.0000000180025095e-35 -0.0035419974926111371 0.61136508287943969 0.88792348571773672
decision_type=2 2 2 2 2 2 2 2 2 2 2 2 2 2 2 2 2 2 2 2 2 2 2 2 2 2 2 2 2 2 2 2 2 2 2 2 2 2 2 2 2 2 2 2 2 2 2 2 2 2 2 2 2 2 2 2 2 2 2 2 2 2
left_child=1 3 7 4 8 6 -4 -3 -1 11 -8 18 13 14 -13 31 17 29 22 -20 -19 -22 -7 24 -24 26 28 -23 -26 32 -17 -15 -14 34 35 36 50 38 39 40 -37 42 -39 -43 45 -40 -42 -41 49 -49 52 55 -18 -53 -55 56 -52 -58 -45 -60 -61 -62
right_child=-2 2 5 -5 -6 9 10 -9 -10 -11 -12 12 16 15 -16 30 33 20 19 -21 21 27 23 -25 25 -27 -28 -29 -30 -31 -32 -33 -34 -35 -36 37 -38 41 44 47 46 43 -44 58 -46 -47 -48 48 -50 -51 51 53 -54 54 -56 -57 57 -59 59 60 61 -63
leaf_value=0.0086932654425346013 -0.053919701913758715 0.049853374708436593 0.016619065199625162 -0.028841645440798137 0.060544967286501244 -0.0013816526034231003 -0.026872156936931499 -0.020277542051197694 -0.0071963130234433447 -0.0012207361239819177 0.0066449258354904228 0.046415617550976007 -0.017057245966698924 -0.0034733683122857985 0.012108995946259849 0.046481857504174107 -0.01121226144867833 0.01885933241599385 0.0034969860727738773 -0.0091721421681073591 -0.033015460261008926 -0.048034541826608768 -0.03294133711885739 0.033153369523336938 0.045285633940744897 -0.00073976124680714397 0.0038052331251915423 0.0047061402028465323 0.01220669763474923 -0.01829587768294751 0.013510022915034534 0.0058511852142583776 0.0045941786566309926 0.0068470480203561852 -0.0018455039685877968 0.040330835492875222 0.039408888687502065 0.0030923790527941008 -0.020813526264117862 -0.037857539573562742 0.013301864829239056 0.02147516932846829 -0.0098548377559778671 0.047740137890570022 0.001125316420335677 -0.083873831959933531 -0.0029136379071486255 -0.0398985325680088 -0.0590756573895026 -0.001989128146051657 0.0078015725360888527 -0.00037866049488905515 0.0012125894976708464 -0.0023605345724640749 0.010732596866050794 -0.004275146959635971 0.028466358005895722 0.0026276486239845027 0.015972724269001794 -0.017636535668753749 0.05794883777239912 -0.0017145471824964822
leaf_weight=218.32036393880844 20.025517832487822 69.126949362456799 382.52246867865324 141.22217657417059 15.26557321846485 2884.8805132955313 60.118500038981438 10.843216791748999 896.24808166921139 18272.722986102104 95.398724406957626 82.960185676813126 143.82701323926449 796.60190233588219 484.88205343484879 46.526295304298401 355.94392216950655 153.39997561275959 878.69204214215279 1768.4726790040731 56.43487885594368 17.410152778029442 33.282911032438278 83.699993208050728 75.249296322464943 539.32808513939381 220.63436618447304 374.74049018323421 97.99008883535862 455.90339908003807 226.04344399273396 1204.7104779928923 232.16230961680412 1127.6842705607414 5395.9697631746531 43.77545639872551 38.534993261098862 1394.1007509231567 242.99821226298809 64.847351685166359 231.24968834221363 238.00282020866871 669.47411611676216 20.724248751997948 114.79871410131454 15.58905518054962 1107.8624426573515 36.83324259519577 19.439063400030136 317.96165391802788 874.23419418931007 2522.8339867442846 6451.0129777342081 585.21427972614765 1249.645321726799 225.04638729989529 289.57957774400711 116.58893083035946 135.95167414844036 168.01008714735508 20.86073987185955 113.25680048763752
leaf_count=879 526 826 2039 1149 64 11726 264 48 3826 74260 421 352 586 3267 2023 198 1490 620 3576 7234 227 70 134 337 306 2180 895 1516 396 1847 951 4953 948 4629 21899 176 156 5607 976 262 930 957 2688 84 461 65 4456 148 78 1280 3692 10165 26319 2361 5038 985 1356 474 546 674 84 455
internal_value=1.59235e-05 3.56758e-05 0.000179226 -0.0060514 -0.00319603 0.000119531 0.0099885 0.0402684 -0.00407889 1.98307e-05 -0.00628863 0.0006668 0.00118639 0.00677302 0.0171372 0.00418201 0.000566558 -0.00542518 -0.0015793 -0.00496493 0.00323267 -0.00210295 0.000697055 0.00641166 0.0040874 0.00541678 0.0138576 0.00234024 0.0266217 -0.0116959 0.0191715 0.00213716 -0.00367717 0.000921978 0.000631989 0.00138908 0.00242711 -0.00127185 -0.0047197 -0.00225599 0.00117045 0.00146852 -0.00110587 0.00909876 -0.0167244 -0.0246654 -0.000108884 -0.0130567 -0.00873693 -0.00594894 0.00231393 0.00434698 0.000561989 0.00253936 0.00655402 0.0095755 0.012014 0.0210642 0.00266436 0.000510137 -0.00643417 0.00756455
internal_weight=55227.7 55207.6 53936.6 1271.06 1129.83 53856.6 538.04 79.9702 1114.57 53318.6 155.517 35045.9 28463.6 2841.72 567.842 2273.88 25621.9 1433.88 6582.23 2647.16 601.985 448.586 3935.07 1050.18 966.485 933.202 393.874 392.151 173.239 831.893 272.57 2001.31 375.989 24188 23060.3 17664.4 12708.6 4955.74 2195.35 1821.97 1382.89 2760.38 2063.57 696.806 373.386 258.587 1339.11 439.081 374.234 354.795 12670.1 5863.14 6806.96 4357.69 1834.86 1505.45 1280.4 406.169 458.804 438.079 302.128 134.118
internal_count=227135 226609 220691 5918 4769 219817 2724 874 4705 217093 685 142833 116049 11744 2375 9369 104305 5814 26784 10810 2433 1813 15974 4248 3911 3777 1597 1586 702 3381 1149 8220 1534 98491 93862 71963 52036 19927 8832 7330 5562 11095 8295 2800 1502 1041 5386 1768 1506 1428 51880 24071 27809 17564 7399 6507 5522 1830 1843 1759 1213 539
is_linear=0
shrinkage=0.05


Tree=57
num_leaves=63
num_cat=0
split_feature=32 23 7 19 26 7 13 0 7 13 30 21 11 20 30 5 27 7 0 17 28 8 20 20 25 6 13 23 17 17 6 24 27 20 17 26 23 1 27 26 11 1 2 6 7 21 13 2 28 2 7 13 1 30 28 11 18 19 23 0 7 20
split_gain=22.2208 18.1234 24.594 18.0299 19.6823 20.9219 21.4056 26.8757 29.1236 23.4082 21.2352 22.4933 23.0697 19.4323 19.0645 18.985 26.8499 20.8706 18.0475 17.573 16.9976 16.685 16.053 15.871 15.6923 15.6649 25.8941 15.6575 15.4972 19.7137 15.4098 15.2562 14.9691 14.3831 13.9483 13.6 16.0919 14.9166 20.4513 13.3469 32.0355 28.5335 19.8318 25.9388 22.7735 17.5933 17.4966 19.3402 20.9973 18.5095 19.9514 18.5695 18.54 17.3949 28.9589 24.6059 16.6939 16.2367 16.0863 15.7847 19.9115 15.4435
threshold=1.0000000180025095e-35 85.065615332681702 17.606785714285728 1.6806155812609356 8.4698623344602257 32.785714285714299 0.15057531443702238 280.45636531580868 12.525000000000009 0.15758617908673575 0.17427399042091749 0.092084669304077008 0.12304277811254537 0.13014553308945423 0.14297328687572594 1.0000000180025095e-35 1.645309714535774 5.7939285714285695 1553.2420730184556 0.66330305745628337 2.5769771764677185 2.3226722278129861 0.19198758096719673 0.12452113238492736 21.883637188251523 1.0440528769478554 0.22009030473722921 81.847975912606145 0.90167496547069736 0.31340600220973763 1.0107910611652031 18.569555884798337 4.4382926617265186 0.31928487591358351 1.0000000180025095e-35 39.088722383581931 37.285898077170252 228.29711957198074 -0.25779524006078697 33.596578006625514 0.073201687680843175 466.88551110149564 33.650121040587017 0.77947242718138698 14.382142857142851 0.012987553907716 0.17765438409447729 426.99582017834797 0.080497551111827312 471.54848823352967 13.996428571428575 0.42933481255143979 454.73354519214365 0.4598016469511797 0.39284713156180062 0.16854953846473339 0.40795737907186524 0.93550369040110437 38.5912399318402 361.93404818708922 19.550000000000004 0.0063084721054236246
decision_type=2 2 2 2 2 2 2 2 2 2 2 2 2 2 2 2 2 2 2 2 2 2 2 2 2 2 2 2 2 2 2 2 2 2 2 2 2 2 2 2 2 2 2 2 2 2 2 2 2 2 2 2 2 2 2 2 2 2 2 2 2 2
left_child=1 3 32 25 -5 6 10 8 9 -8 11 12 22 -10 23 -12 17 21 -9 -20 28 -17 -6 -7 -18 34 31 -26 29 -16 -13 -27 -3 -4 -1 36 -11 -38 -39 46 45 42 43 -42 -44 -41 -36 -48 -49 -50 61 52 -52 57 55 56 -55 58 -53 -43 -61 -51
right_child=-2 2 33 4 5 14 7 18 13 35 15 30 -14 -15 20 16 24 -19 19 -21 -22 -23 -24 -25 27 26 -28 -29 -30 -31 -32 -33 -34 -35 39 -37 37 38 -40 40 41 59 44 -45 -46 -47 47 48 49 50 51 53 -54 54 -56 -57 -58 -59 -60 60 -62 -63
leaf_value=-0.014631592619212711 -0.05375801402905446 0.033511215972664279 0.011738832363605511 -0.0078526481066691425 -0.00016459225319333319 0.0039288884415171537 -0.034587466719321024 -0.0079960517249274294 0.032851128076444712 0.024049377587466891 0.012394214699989373 0.0224890110742548 -0.033757802136438246 -0.0031331623703883256 0.0078599894214438672 0.001785779503137643 0.063259367866756969 -0.00022849215178901702 0.055505151141888989 -0.013762855706181519 -0.047202553884717599 -0.022161367978534796 -0.02528896474621304 0.017705445841594024 0.0055195633293963599 0.015243840489192348 0.014397322819121367 0.051760479477099108 0.0053063749006643651 -0.0025402589019059684 -0.024859795867971546 -0.00030895563852726733 -0.0043433989086311521 -0.0257946692160692 0.0013656149527798162 -0.028751036987931196 0.00027197587631242593 -0.022323854487474648 0.0055983613665636046 -0.012683854689645807 -0.0091528735815145125 0.041736777231360919 0.0018182577383145792 0.021248411645303805 0.02360737512082535 0.022904441565813463 -0.002648761311367221 -0.055183381376299571 0.011669453835297397 -0.0040411631844559934 -0.029278290629560194 0.026128714112923203 0.00010874337305602597 -0.042671841172662005 0.0077190463913563824 0.024863430471095911 -0.010362876560773188 0.028294502359262716 -0.0013584029227600861 -0.011585862729017132 0.0024455526313106285 -0.023173659802766429
leaf_weight=154.24579741805792 19.105009710416198 124.66847105696797 54.140507251024246 1079.2322103306651 1555.0130767151713 1175.1161856949329 53.672918781638145 3026.9394833594561 104.16377460956573 63.96760082244873 424.48118890821934 18.853813216090202 56.205076485872269 58.206597834825516 517.47830665111542 107.50650426745415 12.143113955855368 1273.6624592393637 21.998486787080765 15.415102913975714 18.984179481863976 222.34311440587044 66.208664089441299 254.72049264609814 1105.2552120238543 178.74064341187477 528.87815660238266 18.547357067465782 1120.7429938614368 3799.0563976317644 175.96897269785404 1327.9077730923891 32.716268129646778 47.971988961100578 13950.653049450368 43.78545069694519 1815.3800642043352 178.65698435902596 103.13651233911514 403.46695793420076 81.026836812496185 23.409593984484673 756.94860911369324 510.78277227282524 142.55611179769039 37.81502527743578 8726.547708272934 16.598126068711281 381.543367177248 497.71769490838051 54.150490462779999 77.558230251073837 5002.1312081664801 54.373645201325417 740.67896169424057 37.888059958815575 153.25101214647293 148.24169713258743 168.19424183666706 292.41129016876221 1862.5335595160723 134.11368717253208
leaf_count=827 526 1149 219 4460 6400 4795 219 12394 424 259 1710 76 235 238 2092 434 49 5124 89 63 77 898 269 1042 4463 720 2155 76 4529 15374 710 5535 169 212 57344 177 7446 731 423 1816 350 94 3101 2168 589 196 35623 67 1551 2022 222 314 20278 220 3023 154 621 601 682 1182 7581 548
internal_value=1.51929e-05 3.39952e-05 0.013214 -2.82008e-05 -0.00130015 -0.000893577 -0.00229606 -0.00445699 -0.000517193 -0.00198993 5.66351e-05 -0.00416288 -0.00229121 0.0199267 0.0012486 0.00255515 0.00102836 -0.00313575 -0.00756785 0.0268715 -9.72974e-05 -0.014343 -0.00119522 0.0063877 0.00691061 0.000616874 0.00487899 0.00629171 6.71155e-05 -0.00129214 -0.0202428 0.00153372 0.0256127 -0.0058533 0.000364581 -0.00119263 -0.000630673 -0.00138695 -0.0120882 0.000432296 0.00310484 0.00463641 0.00996514 0.0170768 0.00527926 -0.00961834 6.76425e-05 -0.00105029 0.000817306 0.000943485 0.000363638 0.00119665 -0.000205562 0.00633689 0.00278211 -0.0120887 -0.0188646 0.0152191 0.00730315 0.000985739 0.000538816 -0.0081132
internal_weight=55209.8 55190.7 259.497 54931.2 18486.8 17407.6 10521.5 5485.32 2420.97 2258.6 5036.19 1872.25 1677.43 162.37 6886.1 3163.94 2739.46 1603.51 3064.35 37.4136 5456.26 329.85 1621.22 1429.84 1135.95 36444.4 2035.53 1123.8 5437.28 4316.53 194.823 1506.65 157.385 102.112 34408.8 2204.93 2161.14 2097.17 281.793 34254.6 4110.95 3669.67 1491.31 591.81 899.505 441.282 30143.6 16193 7466.44 7449.84 7068.3 6436.47 5056.28 1380.19 986.192 245.513 207.625 393.994 245.752 2178.35 2154.94 631.831
internal_count=227135 226609 1749 224860 75276 70816 42907 22463 9917 9255 20444 7690 6904 662 27909 12754 11044 6456 12546 152 22072 1332 6669 5837 4588 149584 8410 4539 21995 17466 786 6255 1318 431 141174 9036 8859 8600 1154 140347 17077 15065 6208 2518 3690 2012 123270 65926 30303 30236 28685 26115 20500 5615 4018 995 841 1597 996 8857 8763 2570
is_linear=0
shrinkage=0.05


Tree=58
num_leaves=63
num_cat=0
split_feature=32 9 9 23 23 23 26 7 18 7 7 24 0 1 21 24 26 12 18 9 17 24 30 1 17 7 9 7 21 17 24 21 12 9 21 26 7 0 9 26 1 23 7 13 26 19 28 30 30 24 17 19 28 30 21 13 11 12 26 30 2 24
split_gain=21.0778 16.9407 46.5931 30.2366 23.4828 19.4339 18.5846 32.2995 17.8995 17.5555 16.3625 17.5829 15.6879 22.292 20.2994 22.4176 19.585 26.3509 21.8738 21.4147 21.184 16.5557 19.9751 16.5629 16.3735 15.7615 15.5689 34.7824 21.5742 17.8409 15.2121 14.6736 14.6194 14.4698 14.4601 14.4142 18.4897 22.2078 18.2334 17.6546 14.3458 25.2249 24.5009 14.558 14.1164 16.3486 14.0847 46.546 40.6956 43.9293 44.5292 24.3763 23.1644 23.4715 22.7447 21.4825 20.6583 20.1558 19.2587 18.7223 35.1851 22.88
threshold=1.0000000180025095e-35 0.0044435854687915185 0.015624302006966961 46.166210098898013 38.045703995734776 1.0000000180025095e-35 39.970789379430784 15.171428571428573 0.30687107172291533 4.7428571428571447 0.66071428571428592 13.07035252740585 73.58621224067241 187.42124602937054 1.353314727322144 63.10530178626172 27.514654305257839 0.0005235816498849363 0.75961615128036974 0.22954997917472489 0.84319731506689954 34.151639847214405 0.89179430074757116 107.78940600741255 0.98214799736820502 36.364285714285735 0.16735629762602308 6.6464285714285767 -0.28060001127366191 0.93983546144028518 81.835650256632519 0.37880201203300706 0.31621043369709201 0.18720990944001661 -0.22896667804570478 11.126701490689573 102.86607142857147 1535.1798492826449 0.19935877363958221 17.118353462755511 200.9014219669634 45.377624414872507 6.3571428571428585 0.14201965331286923 14.838992694331923 2.0621286374563286 0.28544791832160221 0.42007118832663187 0.39632567273173586 32.8416189920219 0.4057859827235219 0.49774537483501108 0.38084117995241007 0.56610485118202203 -0.095133472134135741 0.15758617908673575 0.079689648345268302 0.088634205089541854 23.57692210850556 0.63699227808458259 420.79495588642084 17.385175709842098
decision_type=2 2 2 2 2 2 2 2 2 2 2 2 2 2 2 2 2 2 2 2 2 2 2 2 2 2 2 2 2 2 2 2 2 2 2 2 2 2 2 2 2 2 2 2 2 2 2 2 2 2 2 2 2 2 2 2 2 2 2 2 2 2
left_child=1 3 9 4 30 6 8 -8 -4 -3 11 -7 -12 16 15 40 24 18 -18 20 -19 22 34 -24 26 -17 28 29 -14 32 -1 -31 -28 -10 -21 -29 37 -37 39 -38 41 42 43 -15 -43 -46 48 -48 54 50 -50 52 58 -54 -42 57 -56 -52 -49 60 61 -53
right_child=-2 2 5 -5 -6 10 7 -9 33 -11 12 -13 13 14 -16 25 17 19 -20 21 -22 -23 23 -25 -26 -27 27 35 -30 31 -32 -33 -34 -35 -36 36 38 -39 -40 -41 46 44 -44 -45 45 -47 47 51 49 -51 55 59 53 -55 56 -57 -58 -59 -60 -61 -62 -63
leaf_value=0.0080417299783219851 -0.053599063023404225 0.048973201810870788 -0.0056174734819871902 -0.027771722789378291 0.053753817474217869 -0.023978608111093064 -0.076022455901914837 0.013200179428857506 0.023116341118037127 -0.019181916860958756 -0.0034542092747168619 0.022597764315291261 0.042345392666923248 0.015016310467480752 -0.024165670532842572 0.02462882540883379 0.0044614539983151491 0.0091662300688257915 0.037131370016210134 0.016060512172295233 -0.028743749728410498 0.0071171387639323404 0.0052179564540666299 -0.05678715074227475 0.018337847526929796 -0.014458824546005215 -0.010733231363586726 -0.0066223290549353268 0.0024537499133592666 0.0020948910052911783 -0.0067645396800456881 0.056907938639403438 -0.039903995267244599 0.00099593041340380675 -0.013627452086875838 0.003492013716314571 -0.045554620125790084 -0.026636731665739363 0.029720198453709924 0.023814601261825982 0.0045467081319626032 -0.015223994221098575 -0.0041063962937159578 -0.04095859454418737 -0.0019090959311691585 0.025999437669023504 0.011740193242490121 0.0072986920516672233 -0.0026693729565738264 0.0066988744911186289 -0.013489823568407978 -0.011307379082663145 0.047540625319449574 0.0058656199615938747 0.00023525339081173475 -0.02153320700782474 -0.0042479524760257771 0.0079101849160572689 -0.0050677903979423188 -0.0018607932585723728 0.0062864523191857383 0.00027540417455093933
leaf_weight=214.76915581524372 18.226077375933528 65.430606108158827 108.19350983202457 137.99820945411921 17.840581551194191 23.521972239017487 16.713628798723221 25.330972105264664 284.81651861965656 10.87013443559408 3151.2439031377435 139.40343669056892 34.077117815613747 12.722907587885855 88.984595410525799 143.29293030500412 88.385281980037689 1255.1362718343735 123.15161684155464 55.843721807003021 37.810203447937965 175.9020468890667 14.625384926795958 39.146627932786942 136.90916004776955 31.205108031630516 775.25150685012341 407.12568254768848 4353.7611695826054 74.761969745159149 895.78937487304211 14.547964036464689 45.552671447396278 100.49436429142952 152.76039198040962 1352.7274456322193 18.108240962028503 63.933272212743759 119.45409144461155 18.301907539367676 2205.5989873409271 95.154265642166138 123.44427610933781 115.54226034879684 152.94636784493923 79.544038951396942 906.19559890031815 448.71434213221073 1418.9180103093386 544.43256060779095 503.47134180366993 545.60926605761051 34.171783566474915 2592.8531373143196 9839.1175900548697 690.01647186279297 3476.8370639979839 140.40625305473804 1053.4944806098938 11111.007084712386 2330.4050195962191 1945.7996892184019
leaf_count=864 526 826 516 1149 73 102 79 123 1433 48 12911 595 139 51 449 600 447 5135 688 233 155 718 59 159 670 126 3159 1644 17935 305 3832 63 185 573 617 5540 74 263 499 78 8960 385 502 471 617 322 3700 1814 5742 2197 2024 2225 145 10542 39732 2821 14033 568 4272 45041 9464 7917
internal_value=1.44279e-05 3.23244e-05 0.000166691 -0.00568356 -0.00297562 0.000111226 0.00958754 -0.0222453 0.0123137 0.0391857 1.58999e-05 0.0158322 -3.25292e-05 0.000183084 -0.000323528 -0.000271013 0.00238334 0.00685254 0.0235133 0.00481265 0.00805161 -0.00473073 -0.0126925 -0.0398513 0.00121156 0.017606 0.00088844 -0.00196021 0.00276566 -0.0100508 -0.00389621 0.0111331 -0.0123629 0.0173618 -0.00565208 0.00175709 0.00392998 0.002127 0.0202735 -0.0105789 -0.00034846 -0.00815931 -0.0200601 -0.03536 0.000971395 0.00762508 -0.000234577 0.000656491 -0.00122769 -0.00627238 -0.00883972 0.000155539 0.00357926 0.00641141 -0.000155685 -0.0153989 -0.000934973 -0.00881499 -0.00137032 -0.000731473 0.00186979 -0.00225953
internal_weight=55197.8 55179.6 53913.2 1266.4 1128.4 53836.9 535.549 42.0446 493.504 76.3007 53301.3 162.925 53138.4 49987.2 40629.9 40540.9 9357.27 1942.76 211.537 1731.22 1292.95 438.278 262.376 53.772 7414.51 174.498 7277.6 2889.76 4387.84 910.114 1110.56 89.3099 820.804 385.311 208.604 1979.65 1572.52 1416.66 155.864 36.4101 40366.4 579.354 251.709 128.265 327.645 232.49 39787 20968.3 18818.8 3297.24 2752.81 20062.1 4129.23 2627.02 15521.6 1333.89 13316 643.878 1502.21 15932.8 4821.81 2491.41
internal_count=227135 226609 220691 5918 4769 219817 2724 202 2522 874 217093 697 216396 203485 164720 164271 38765 8211 1135 7076 5290 1786 1068 218 30554 726 29884 11810 18074 3712 4696 368 3344 2006 850 8098 6454 5803 651 152 163545 2348 1024 522 1324 939 161197 85120 76077 13352 11155 81420 16773 10687 62725 5413 53765 2592 6086 64647 19606 10142
is_linear=0
shrinkage=0.05


Tree=59
num_leaves=63
num_cat=0
split_feature=9 9 23 18 23 25 18 7 7 24 0 19 0 0 27 13 7 0 7 9 21 20 28 4 27 12 9 21 0 9 0 26 20 20 24 2 25 24 26 0 24 0 10 20 25 2 12 30 30 4 2 10 30 28 30 30 3 3 9 24 10 9
split_gain=15.3407 41.0135 27.9197 20.9947 17.6369 17.1199 17.5945 15.8731 14.8024 16.0869 14.2176 16.4071 15.6135 18.8693 19.5056 18.4259 21.1461 26.1215 25.7284 26.3268 19.043 17.2005 17.1669 19.8817 21.0359 19.8189 16.8888 17.3685 27.3072 17.8626 21.3754 16.3897 16.362 16.7468 16.378 16.9871 20.4253 15.9221 17.3662 15.7923 15.6517 22.3578 16.5062 16.4597 21.5864 16.2135 17.6872 17.5232 17.2432 15.4586 15.4553 21.333 15.9802 15.558 16.8876 15.3864 16.6557 15.2969 15.005 22.2366 23.0323 16.0744
threshold=0.0044435854687915185 0.015624302006966961 46.166210098898013 0.70796288615096437 1.0000000180025095e-35 27.892887679742 0.30687107172291533 4.7428571428571447 0.66071428571428592 14.110902017187064 73.58621224067241 1.6806155812609356 112.18946510859031 122.7482094287756 -2.8148950626631595 0.14550282865176653 31.980357142857152 280.45636531580868 12.525000000000009 0.093669147652195195 -0.072567567077044356 0.13014553308945423 2.5769771764677185 -0.0051249134612699589 1.0184111555274369 0.20887871360561625 0.33961713074501992 0.076498841352963601 1398.533897188863 0.094366865283347007 859.3228881647143 8.4698623344602257 0.12452113238492736 0.37982089103703248 17.934495617672308 1446.3186627142843 37.701674538483985 28.054854273134122 6.6859595290318099 4455.5590496065424 33.263832604805749 290.67935156169 0.10762739146431201 0.22057639100285811 31.728431154325182 1072.1798969586309 0.14273661590643663 0.75082511845760047 0.67631565165690632 -1.0000000180025095e-35 5300.2367254239844 0.3614553756426982 0.18624919596587258 0.25958028791755422 0.61296134137640279 0.040034843205574919 0.05263189142345609 0.014049197755076249 0.13346157687725466 47.495781543648441 0.60584569770217478 0.19658998057969831
decision_type=2 2 2 2 2 2 2 2 2 2 2 2 2 2 2 2 2 2 2 2 2 2 2 2 2 2 2 2 2 2 2 2 2 2 2 2 2 2 2 2 2 2 2 2 2 2 2 2 2 2 2 2 2 2 2 2 2 2 2 2 2 2
left_child=2 7 3 -1 5 6 -3 -2 9 -6 -10 -12 37 14 -14 20 17 18 19 -17 39 -20 23 24 -18 32 27 28 29 -19 58 -22 34 -34 57 36 -36 55 -39 -15 43 42 -42 45 -45 46 -33 48 49 -47 52 -52 -51 -54 -55 -13 -57 -25 -31 60 61 -60
right_child=1 4 -4 -5 8 -7 -8 -9 10 -11 11 12 13 15 -16 16 22 26 21 -21 31 -23 -24 25 -26 -27 -28 -29 -30 30 -32 40 33 -35 35 -37 -38 38 -40 -41 41 -43 -44 44 -46 47 -48 -49 -50 50 51 -53 53 54 -56 56 -58 -59 59 -61 -62 -63
leaf_value=-0.0036592108698539801 0.046663020944966792 -0.020215586809670713 -0.026856191444117147 0.05475865522659288 -0.018457407853803894 0.020581583589200543 0.0080707382957470788 -0.018203572576422977 -0.0033035243209904985 0.02242673143567037 0.00081520491079295249 0.030012478403304205 0.048394637483475028 0.013879424580708625 0.007311299316838462 0.012860406081152423 0.013550172845500459 -0.012670710516631718 0.031375283340749363 -0.0052212193777791786 -0.0067960033938140804 -0.0019692096053800629 -0.045410022097168851 0.00079018922770156545 -0.008810362401955962 -0.013076947052757672 -0.023444011666783227 -0.014443923145961147 0.031401954630116767 0.0059188289674942281 -0.021845530796765211 0.002175389760037554 0.011504146120534166 -0.021844222456113897 0.0027588426538276648 -0.011906232248050701 -0.059313449816112689 0.033230844671619873 -0.020978505622082332 0.070749013364684074 0.049839296839157832 0.0069042425874828789 -0.0080085886105909117 -0.033425609244118658 -0.003497633136739401 0.019524485759957001 -0.022780123685847857 -0.024351866542973468 0.022992834571238657 -0.00024831494851323038 -0.0096605284156104382 0.028929401689539409 -0.02289804679896696 0.0011191515702523754 -0.037088422414886461 -0.0069031032986273458 0.044682371628132184 0.021597386371168849 -0.013185709493971329 0.046146989852662391 -0.00015256754538554954 -0.057117484372548905
leaf_weight=1112.3071639128029 63.837232120335102 69.489802449941635 135.6838288847357 15.487318795174358 29.135957583785057 202.5976004190743 261.07826343178749 10.886562846601008 3152.0808400772512 133.40593390911818 32777.472476296127 33.294500783085823 34.564220238476992 99.728940591216087 176.86659934557974 248.50420180335641 489.94049778953195 638.03534295037389 105.01357948035002 1056.597052147612 734.31029411591589 60.741360366344452 20.12240506708622 442.56499267183244 133.56769178807735 309.56214744411409 157.9637236315757 575.42704495601356 50.96613784134388 503.97695133648813 135.76782350242138 4039.1236284021288 434.99862198717892 41.027216151356697 473.29590475745499 531.66725883819163 13.531911641359327 15.527646020054815 254.56087732501328 13.90977008640766 12.619461685419081 1827.2628420311958 386.33106302283704 83.093332063406706 220.31525889597833 62.35852768085897 72.143392905592918 105.58869989961386 60.064155677333474 324.4522540140897 73.798758698627353 69.182861875742674 260.44325887970626 185.73000029660761 34.107355654239655 451.04791468568146 16.090296657755971 110.43889369815588 329.95925972796977 21.025640964508057 661.17167976871133 22.233134090900421
leaf_count=4713 829 301 1150 65 126 1121 1304 48 12950 572 133757 138 143 404 728 1020 1996 2623 428 4341 2985 253 82 1795 548 1269 662 2354 207 2070 557 16329 1788 166 1938 2166 56 65 1047 56 53 7437 1581 337 901 252 291 426 242 1309 299 280 1050 759 137 1845 66 448 1366 85 2714 107
internal_value=1.38016e-05 0.000141523 -0.0054319 -0.00284778 9.00198e-05 0.00913792 0.00210514 0.037134 -3.99135e-07 0.0150606 -4.65856e-05 0.000158676 -0.00109109 -0.000764778 0.0140708 -0.000958406 -0.00276099 -0.0049033 0.000579938 -0.00177375 0.000615503 0.0191321 0.000498214 0.000811337 0.00875144 -0.00128718 -0.0075094 -0.00665036 -0.00474997 -0.00555033 -0.00283308 0.000344564 0.000493406 0.00861547 -0.00196407 -0.00572737 0.00101138 -0.00804771 -0.0178323 0.0209405 0.00101608 0.00456167 -0.0061542 -0.000395007 -0.0117187 0.000254097 0.00173572 -0.00492228 -0.00299842 -0.00455107 -0.00614238 0.00898376 -0.00883693 -0.0146273 -0.00480012 -0.00275436 -0.00510639 0.00495773 -0.00115058 -0.00460003 -0.00566233 -0.0159886
internal_weight=55178.1 53914.6 1263.48 1127.79 53839.9 533.166 330.568 74.7238 53306.7 162.542 53144.2 49992.1 17214.6 16444.1 211.431 16232.7 7568.1 4567.38 1470.86 1305.1 8664.56 165.755 3000.72 2980.6 623.508 2357.09 3096.53 2938.56 2363.14 2312.17 1674.13 8550.93 2047.52 476.026 1571.5 1018.5 486.828 770.521 270.089 113.639 7816.61 2226.21 398.951 5590.4 303.409 5286.99 4111.27 1175.73 1070.14 1010.07 947.714 142.982 804.733 480.281 219.837 500.433 467.138 553.004 1538.37 1034.39 1013.36 352.192
internal_count=227135 221207 5928 4778 220330 2726 1605 877 217604 698 216906 203956 70199 67038 871 66167 31039 18787 6042 5361 35128 681 12252 12170 2544 9626 12745 12083 9729 9522 6899 34668 8357 1954 6403 4160 1994 3161 1112 460 31683 9071 1634 22612 1238 21374 16620 4754 4328 4086 3834 579 3255 1946 896 2049 1911 2243 6342 4272 4187 1473
is_linear=0
shrinkage=0.05


Tree=60
num_leaves=63
num_cat=0
split_feature=18 23 26 13 12 18 12 4 26 13 3 13 2 9 3 26 10 10 9 30 10 12 17 20 1 0 20 30 3 10 4 9 27 21 12 4 20 20 9 21 3 29 21 30 17 25 17 30 4 1 25 23 10 9 4 2 13 4 9 23 13 1
split_gain=16.816 28.4613 23.0984 18.2642 18.0907 16.4371 17.3946 17.1406 23.9261 39.794 32.3685 25.5978 25.0367 21.0981 27.3525 27.6656 25.7513 22.7886 37.6575 21.0255 20.5383 20.1303 19.4519 20.6903 18.7717 18.5857 23.579 22.0361 21.3631 18.4162 19.2618 18.2856 24.9167 18.2583 18.1876 22.1938 18.1209 17.9729 20.0675 17.9014 20.1027 17.3358 21.9118 25.1431 16.9919 16.7823 16.7099 16.6202 16.4587 19.074 16.2876 16.4621 17.3115 38.9636 18.6787 16.1974 23.074 16.0722 16.0832 16.0282 17.3508 15.8495
threshold=0.41649707940289155 1.0000000180025095e-35 14.942778788140282 0.22009030473722921 0.1056418255618962 3.1148953922773246 0.012872001654259736 -2.5972053786314715e-07 35.08516045295876 0.23264344492482594 -0.031322547553437802 0.3550842231016203 225.66297548050522 0.060633167163237058 -0.021634379410384322 25.517767404794071 0.64513309271373798 0.1829376597495993 0.11007134930274633 0.34152482177725257 0.13105122196183464 0.32244448828162858 0.63434793846945381 0.032742013759768381 129.10249686135271 134.72826753025984 -0.23293486823317747 0.91120641692774129 -0.041892817946207826 0.85619281903866895 0.0078143301551985653 0.16941220757891359 -1.0994453741524033 -0.22479894803269054 0.47513141084364907 -0.013603429459989255 -0.022726273081813627 -0.087034459571910736 0.20501820578001453 -0.23783170383104321 -0.066785985636748882 1.0000000180025095e-35 -0.11614125215386094 0.50336135403249516 0.094526299213938542 30.318200488032808 0.094526299213938542 0.39239458462570215 -0.0073689895557060613 2256.6286594012863 29.015124460793675 96.691685729331212 0.89135909248701173 0.36340060726735629 0.014468229872576193 1118.8086485766387 0.20582626663917145 -0.02695668301899401 0.081786112652511497 56.327918158616548 0.30988222593179759 5034.4584749004107
decision_type=2 2 2 2 2 2 2 2 2 2 2 2 2 2 2 2 2 2 2 2 2 2 2 2 2 2 2 2 2 2 2 2 2 2 2 2 2 2 2 2 2 2 2 2 2 2 2 2 2 2 2 2 2 2 2 2 2 2 2 2 2 2
left_child=3 -2 4 -1 50 7 -7 13 9 21 11 29 61 20 16 17 33 18 -16 -12 24 55 57 -24 -4 26 -18 47 34 -11 -31 -13 -33 37 35 44 -22 38 -15 48 -41 42 43 -17 -27 -8 -40 -28 49 -37 -3 52 53 -52 -54 -9 -57 -19 -59 -21 -61 -10
right_child=1 2 5 -5 -6 6 45 8 12 10 19 31 -14 14 15 41 25 22 -20 59 36 -23 23 -25 -26 28 27 -29 -30 30 -32 32 -34 -35 -36 39 -38 -39 46 40 -42 -43 -44 -45 -46 -47 -48 -49 -50 -51 51 -53 54 -55 -56 56 -58 58 -60 60 -62 -63
leaf_value=-7.2749033037901412e-05 0.014467429988842992 0.0017402395955675256 -0.02856453551497385 -0.0036775669445540541 -0.0095581378693028549 0.010890630921824676 -0.0032100718047629422 0.0020722080619048886 0.011789883908732708 0.022925783472568712 -0.014657740860345457 0.039788211844943307 -0.0078609797586106575 0.01793406007223532 0.014595622799492275 0.024111482160446923 0.017924312703528743 -0.030395975332660405 -0.03096756764504079 -0.0058353544935831614 -0.00045835487965523365 -0.038907464401759573 0.01285783366431606 0.0015958215752805212 0.0011973529520980155 -0.0033300431455197559 -0.040484471493511955 -0.042261596122962319 0.0094079878878104532 -0.0028464673994060882 0.057138915201176123 -0.050378983810182326 -0.0036565585804491409 -0.011543647816311389 0.010310338930439424 0.012823123808779903 -0.036519024402771834 -0.011673001359651469 0.027138147632384781 -0.060738425148898267 -0.0043688408503118501 0.022141453583755324 0.0029560389662163511 0.007933573724864789 -0.035084551803242894 -0.017486894715915104 -0.038421031847670151 -0.0027243857305001731 0.043796995175573838 -0.041931568612379864 -0.0051720919370813068 0.030531289684325891 -0.0019746160605498293 -0.062488311830412195 0.012917916720642884 -0.0043076808808848021 0.015275520348379723 -0.01019771694240938 0.0010012743691552911 -0.004753110736250659 0.017191769118795032 -0.019865196914556071
leaf_weight=9606.4120216015726 364.66517918556929 2687.5770843662322 57.633310467004776 5542.8284633457661 729.85817912407219 179.75743141025305 1256.3300144299865 11270.909179635346 962.65376063622534 229.60487908124924 611.80327006056905 20.40299129486084 227.74171948432922 187.96662955731153 640.10949216037989 347.3095330260694 77.616981390863657 46.657366320490837 48.649382662028074 2640.7263846416026 58.896529167890549 31.052877888083458 623.59874260053039 1182.0112803950906 641.50637904554605 75.377431213855743 32.892753586173058 52.796631991863251 1069.6869732700288 172.84739743173122 14.399496883153914 32.242469057440758 245.62197372317314 695.20003030449152 235.85965570807457 108.38656026124954 86.211462363600731 145.96115582436323 13.695785418152807 16.966075375676155 221.35142037272453 242.08668849803507 1085.8756410181522 783.78982909023762 96.55893474817276 246.48049376159906 32.39104051887989 253.49168223142624 34.366111218929291 18.516761094331741 2706.7032347265631 35.507875394076109 929.05559309571981 29.898814670741558 272.03226978518069 1894.293741106987 163.20731744542718 381.55253015458584 2001.312884375453 194.50109099783003 167.22302736155689 41.03483572602272
leaf_count=39736 1978 11037 237 22687 3020 775 5105 46154 4077 931 2504 83 999 801 2599 1441 319 191 205 10834 240 126 2532 4861 2609 309 133 213 4339 700 58 131 999 2821 950 451 353 603 61 68 891 988 4391 3265 392 1004 136 1033 143 76 11077 534 3803 140 1118 7630 658 1556 8119 798 685 166
internal_value=2.63653e-05 0.000564296 0.000436071 -0.00139203 -0.00208456 0.00101479 -0.0037954 0.00128018 0.000352166 -0.000116708 -0.00428283 0.00543227 0.00709081 0.00279386 0.00339176 0.00509537 -0.000340057 0.00293079 0.0113661 -0.00620655 -0.00481431 0.00123305 0.00155755 0.00548862 -0.00125264 0.00265117 -0.00689389 -0.0125915 0.00477354 0.0134365 0.00176782 -0.00573823 -0.00911224 -0.00672586 -0.00136076 -0.00618696 -0.0219275 0.00207537 0.0106719 0.000265123 -0.00842662 0.00942726 0.00803572 0.0129072 -0.0212024 -0.00555599 -0.0188137 -0.0070914 0.0131377 0.00476764 -0.00126476 -0.00329867 -0.00360577 -0.00580239 0.001395 0.00132723 -0.00275118 -0.00136205 -0.000790201 -0.00448237 0.00538001 0.0104889
internal_weight=55103.7 39954.4 39589.8 15149.2 7390.63 32199.1 1682.57 30516.6 18920.3 17688.8 4329.37 715.119 1231.43 11596.3 10752 7382.95 3369.08 4923.89 688.759 3614.25 844.248 13359.5 4235.13 1805.61 699.14 2293.87 416.798 339.181 1877.07 416.852 187.247 298.267 277.864 1075.21 807.383 571.523 145.108 380.015 234.053 399.587 238.317 2459.06 2216.98 1131.1 171.936 1502.81 46.0868 286.384 161.269 126.903 6660.77 3973.2 3937.69 2736.6 1201.09 13328.4 2057.5 2429.52 2382.87 3002.45 361.724 1003.69
internal_count=226873 164450 162472 62423 30729 131743 6884 124859 77533 72291 17723 2902 5242 47326 43887 30148 13739 20063 2804 14821 3439 54568 17259 7393 2846 9317 1698 1379 7619 1689 758 1213 1130 4422 3280 2330 593 1601 998 1629 959 10085 9097 4706 701 6109 197 1166 670 527 27709 16672 16138 11217 4921 54442 8288 9866 9675 12317 1483 4243
is_linear=0
shrinkage=0.05


Tree=61
num_leaves=63
num_cat=0
split_feature=18 27 22 4 27 25 22 13 30 2 22 3 24 9 17 18 10 22 20 10 3 10 1 30 24 9 3 2 3 2 17 10 26 10 3 24 10 17 19 26 17 9 10 1 6 18 1 11 26 1 12 24 24 17 28 1 12 17 28 9 4 26
split_gain=15.1786 21.7026 26.3351 18.9238 23.803 22.055 31.5101 21.1009 23.5436 21.0909 20.5658 26.6143 22.6682 19.6953 23.0114 25.9514 19.3247 19.2814 35.0843 28.1025 25.8963 32.8198 19.1767 21.0326 19.0278 22.3198 18.1771 18.0926 17.9264 17.6906 17.4931 17.3192 20.014 20.2799 17.3112 17.2553 17.1509 17.021 16.9269 16.8029 16.7878 16.7539 23.6892 25.9768 22.305 16.8301 16.5853 16.5502 18.851 16.6501 17.3693 21.5298 16.5436 16.4561 16.0136 16.728 15.5528 16.2894 15.5082 15.1215 14.9935 15.8439
threshold=0.41649707940289155 -2.89362823623653 0.29055361683904884 -0.0002839570760644567 2.239112093966106 15.89629214153585 0.77122059466990056 0.21662175155391267 0.88792348571773672 1131.5052627810026 0.72168820882391505 0.011428404795861409 26.713088575056528 0.060633167163237058 0.65077602094896314 2.0906465912923102 0.63351267439954506 0.2239802442046773 -0.090057075552406093 0.66897149345604501 -0.032015207354612503 0.87588032534841054 1513.7239100015504 0.036237853066876782 13.347297498534799 0.22347207026355373 -0.036208782075628131 3944.7478287170902 0.078197973593824896 62.511854305586517 1.0000000180025095e-35 0.15888657530708764 20.238809084103497 0.7780600614291886 -0.0059027271913247381 57.165555102433522 0.13105122196183464 0.62115893186720295 2.6899083941682256 25.709117449712448 0.15672713868714969 0.0044435854687915185 0.028045094229049074 214.68690484578948 1.0141036632372735 1.620586695538728 129.10249686135271 0.078379653612011116 37.774782134363967 448.63715799089931 0.13698194534808072 65.5343272286852 81.835650256632519 0.65077602094896314 0.099417879970678816 526.38954435290395 0.11973703919916494 0.11247256179317014 0.1364049341317323 0.15898230299937338 0.0027560608602073358 25.610571042646377
decision_type=2 2 2 2 2 2 2 2 2 2 2 2 2 2 2 2 2 2 2 2 2 2 2 2 2 2 2 2 2 2 2 2 2 2 2 2 2 2 2 2 2 2 2 2 2 2 2 2 2 2 2 2 2 2 2 2 2 2 2 2 2 2
left_child=30 2 -2 4 10 17 7 8 9 38 11 13 16 36 -15 -16 -13 20 19 -19 21 -5 23 -8 29 39 -21 35 54 -9 -1 -4 33 52 37 -24 46 -12 41 58 -27 -7 43 -43 45 -45 -3 48 -34 50 51 -49 -33 -29 55 -6 57 -32 -26 -22 61 -11
right_child=1 3 31 5 28 6 22 24 -10 60 34 12 -14 14 15 -17 -18 18 -20 26 59 -23 27 -25 25 40 -28 53 -30 -31 56 32 47 -35 -36 -37 -38 -39 -40 -41 -42 42 -44 44 -46 -47 -48 49 -50 -51 -52 -53 -54 -55 -56 -57 -58 -59 -60 -61 -62 -63
leaf_value=-0.030850636115304225 -0.0041425225897967688 -0.028205807476038881 0.010022483311312037 0.014722874945520388 0.0053071217128408303 -0.03426613407748523 0.036419418737912823 0.014576136062815326 -0.015643479278809349 0.0029286023110206803 0.00090287578050773768 -0.008533983619058709 -0.024200765185777056 0.0032255239039126931 0.017077219607934024 -0.0055080117078651382 0.0080093926383603253 0.019160718787633996 0.00049368243466166013 0.013243236961932464 -0.0037807079744777831 -0.0062327501233475947 -0.0058033254314689454 0.0031311827039102861 0.031541091153124881 -0.014071023414749237 -0.0059958080181219953 -0.02275204678003934 -0.04537719613399973 -0.0082918880890725851 0.011512548642463304 0.00071979722647278995 0.0028127325352938909 -0.010541879416683525 0.016190432928172866 -0.058197747063921071 -0.021156438975063585 -0.063677644939954814 -0.004432786575425101 -0.0048031786656952324 0.0048041305456706781 0.042099125355194646 0.00056965750757556795 0.0038506001290536081 -0.040632760371396785 0.0451922140032631 0.0017314764402526239 0.02496972755831757 -0.032964497509313649 0.0036500169194413445 0.0051741446153938421 -0.0014274357605684525 0.025938758335019397 0.013496814096711801 -0.0013102976833076077 -0.050366634404198335 -0.0031786712074132564 -0.00030207587723345624 -0.014906003945176469 -0.018937353793416538 -0.011159513505894546 -0.018281370828438847
leaf_weight=49.906154118478298 1100.4774268064648 50.399284064769745 1074.2513821776956 366.58527031540871 22.115993306040764 33.287880875170231 48.031438503414392 189.82370726764202 300.05725599825382 493.60164192505181 56.231090173125267 465.93130813539028 139.78273813426495 5175.5733616091311 619.6491347104311 159.59496192261577 283.84880548529327 585.86169691383839 1927.0326174013317 229.37340178340673 456.56375227123499 380.48711168766022 980.61573427170515 3535.8680998161435 18.076892782002687 156.88237279653549 263.57418847084045 36.381667196750641 23.738539833575487 152.10105910897255 301.74293810874224 1619.4723109882325 1496.4077143371105 419.89130983687937 454.66306948103011 15.896753698587416 124.71319302916527 12.32535409927368 1886.2311993520707 758.42905317246914 471.84795609116554 70.777511401101947 5343.2421726863831 110.31539080291986 22.18187946639955 31.725631851702929 550.22755920514464 405.67166624218225 37.631099529564381 713.34709470532835 331.61044685915112 94.956232979893684 67.680877104401588 217.90278408676386 2860.8849978875369 33.837537050247192 6080.6936685275286 8715.4390447884798 1243.0288387238979 258.24832130968571 856.0461235884577 107.03235671110451
leaf_count=254 4563 209 4582 1507 89 277 255 788 1233 1998 228 1920 585 21134 2532 649 1160 2399 8127 948 1871 1545 3947 14484 74 634 1068 146 106 616 1256 6658 6183 1728 1846 64 512 50 7726 3095 1952 497 21715 499 90 167 2244 1817 160 2885 1351 437 320 877 11691 136 24822 36091 5134 1050 3461 431
internal_value=2.50098e-05 0.000536204 0.00298813 -1.76489e-05 0.00166614 -0.000880096 -0.00169842 -0.00304805 -0.00186743 -0.00140508 0.00306628 0.0024027 -0.00571915 0.00348507 0.00443302 0.0124451 -0.00226416 0.00224706 0.0045383 0.0117577 -0.00246062 0.00404399 0.00171871 0.00357971 -0.00670015 -0.00813397 0.00294704 -0.00360947 -0.00218551 0.00438951 -0.00132258 0.00424233 0.00304402 -0.000708818 0.0126547 -0.00664991 -0.00428994 -0.0107107 -0.000334757 -0.0106951 8.49147e-05 0.0010419 0.0012541 0.0167883 0.00583036 0.0131449 -0.000776549 0.00561324 0.00192974 0.00926562 0.014072 0.0199536 0.00173591 0.00828396 -0.00183074 -0.0283018 -0.00122444 9.2847e-05 -0.0142338 -0.0092654 -0.00691034 -0.000845084
internal_weight=55089.8 39942 7361.4 32580.6 11033.5 21547.1 17079.4 12244.7 9254.5 8954.44 8092.94 7569.72 889.563 6680.16 5954.82 779.244 749.78 4467.73 3005.84 1078.81 1461.88 747.072 4834.7 3583.9 2990.19 2648.27 492.948 1250.8 2940.58 341.925 15147.8 6260.92 5186.67 2107.04 523.22 996.512 725.34 68.5564 7497.76 2019.53 628.73 5611.53 5578.24 235 164.223 142.041 600.627 3079.62 1534.04 1545.59 832.238 500.628 1687.15 254.284 2916.84 55.9535 15097.9 9017.18 1261.11 714.812 1456.68 600.634
internal_count=226873 164450 30684 133766 45091 88675 70160 50387 38094 36861 33069 30945 3665 27280 24315 3181 3080 18515 12542 4415 5973 3052 19773 14739 12293 10889 2016 5034 12022 1404 62423 26121 21539 8706 2124 4011 2965 278 30971 8303 2586 23245 22968 1253 756 666 2453 12833 6343 6490 3605 2254 6978 1023 11916 225 62169 37347 5208 2921 5890 2429
is_linear=0
shrinkage=0.05


Tree=62
num_leaves=63
num_cat=0
split_feature=18 23 19 13 22 21 6 0 10 9 21 22 20 18 6 21 13 20 27 23 13 7 11 2 0 30 24 24 10 10 22 21 12 19 9 2 2 30 21 23 22 8 6 6 12 23 22 10 19 0 22 8 4 22 25 10 9 9 9 13 2 12
split_gain=13.7013 25.4022 15.7811 15.7234 15.0268 30.1321 24.4654 23.925 21.1214 34.6834 21.0638 42.5863 24.0693 23.4295 20.6982 20.4067 27.4599 20.6236 20.2786 19.7423 20.9306 19.686 19.2443 18.7623 17.8379 17.9993 16.6764 15.8285 15.7221 15.4596 15.3617 18.2742 17.6817 15.3046 15.7774 15.0858 23.5911 28.531 17.5911 25.8578 22.2636 20.881 19.7755 24.396 23.1655 18.2189 16.2871 16.017 15.7179 14.8612 14.7353 14.5864 15.0635 14.3874 15.6534 14.2785 39.4177 18.7006 22.164 22.1668 24.2284 22.8673
threshold=0.41649707940289155 1.0000000180025095e-35 4.8591078105269938 0.22009030473722921 0.61039312839651838 0.043498436106389378 1.0343562030673066 1749.4891131047152 0.86011612215317468 0.32044159447998877 -0.11402632247812143 0.43143969422341349 -0.10382842466523427 1.5945119144396172 1.1410347121476567 -0.095133472134135741 0.064764133554349762 0.13014553308945423 -5.9736033408233018 53.831702100255399 0.81221893859039451 215.61964285714285 0.0010333247237012892 4090.1892117132011 8149.4958153101152 0.71140322739834205 13.619962527815986 57.165555102433522 0.79767811564865354 0.052346234770269617 0.97663650653776224 0.64711206821309308 0.24514958463592737 2.2796386829876885 0.0044435854687915185 1371.2788690765108 1157.2967404305098 0.60497933884297528 -0.28060001127366191 50.170150920009547 0.15881254279036497 7.1860961758085944 1.0141036632372735 0.9145741416116836 0.272140576126086 54.677150495545398 0.13269825584343001 0.45671409855953377 0.47670174655323272 13855.027156701364 0.24835318187038338 5.8758392915399096 -0.0043913628752671506 0.26505843604063778 14.931404839427996 0.060209823499255431 0.047271212485577835 0.083207549668024031 0.045773759413260263 0.2434283067551665 700.66453877205561 0.032224520452176594
decision_type=2 2 2 2 2 2 2 2 2 2 2 2 2 2 2 2 2 2 2 2 2 2 2 2 2 2 2 2 2 2 2 2 2 2 2 2 2 2 2 2 2 2 2 2 2 2 2 2 2 2 2 2 2 2 2 2 2 2 2 2 2 2
left_child=3 -2 4 -1 10 6 7 15 9 27 11 21 -13 22 30 -6 -17 29 -8 -20 26 35 -14 -23 28 -26 -21 -7 50 -18 32 -32 -10 34 -12 36 38 -38 39 46 41 -40 43 53 45 -44 48 -47 -3 55 -25 52 -9 54 -42 57 -57 58 59 60 61 -36
right_child=1 2 -4 -5 5 8 18 51 14 -11 33 12 13 -15 -16 16 17 -19 19 20 -22 23 -24 24 25 -27 -28 -29 -30 -31 31 -33 -34 -35 49 -37 37 -39 40 -41 42 -43 44 -45 -46 47 -48 -49 -50 -51 -52 -53 -54 -55 -56 56 -58 -59 -60 -61 -62 -63
leaf_value=-3.2600139061789617e-05 0.013700554949656722 0.010455089293142442 -0.0030830532272143481 -0.003377804785400547 0.028029607714545803 -0.00083749641767529156 0.026092121627284495 0.028269985775815978 0.0056718879600730042 -0.055215857126571115 -0.021612029132033209 0.037353152211034309 0.044475842358885548 -0.0067875275659782493 -0.0076405897033711579 0.023035822066786966 -0.0077220647250874144 -0.022373366773435169 -0.058455928310620131 0.029496863277721844 0.059989906402728159 -0.029881724559175968 0.010579599233247101 -0.04093020057446857 0.0011292564907793379 -0.066324031692803306 -0.0017054102168266281 0.025199474714449201 0.033325962543028248 0.010160760782973469 0.04595824181490471 0.0088960676068813686 0.055339190327555771 -0.0050027468396238303 -0.0050962420700446862 0.0061363811633908449 0.0070457388882012991 -0.026963708951338636 -0.0046792010020344976 -0.024788870632255631 0.014472610178450349 -0.039259598875241608 0.030031724951362845 -0.0013542619241412146 -0.017193155844225358 -0.018255322821971461 0.014352939904518662 0.018541892513533675 -0.0028100896510198379 -0.026992963168720508 0.025883013304767923 0.035786346847758353 -0.0052918548417719563 0.029147697108892003 -0.016314456691771059 -0.031072389662671521 -0.00044369922577162338 -0.049795489924186961 0.015150587222561129 -0.021804302950955007 -0.010563582767250114 0.023097314855491307
leaf_weight=9605.6321403793991 361.58317293971777 396.66450830549002 3022.3884071651846 5540.5352106615901 176.23411031067371 6147.1627343483269 74.82637931406498 36.139878019690514 1014.4590929299593 29.097007110714912 87.687928568571806 79.421894460916519 44.036214172840118 196.58421677164733 233.36877521313727 325.03928386792541 135.92458708584309 57.909430712461472 14.501017436385153 44.205192416906357 14.284082859754561 101.73971232771873 864.64163110218942 19.071679964661598 23.017232425510883 17.05061861872673 1273.374785233289 58.822147622704506 43.583889305591583 1065.1107402890921 57.191597148776054 80.452209264039993 18.170944482088089 2160.8725338708609 113.0308776050806 1212.6705505885184 96.850032299757004 168.54314598441124 1518.159733267501 67.105288617312908 150.20247834920883 44.900318562984467 158.22703459113836 2541.9523324035108 52.987934812903404 47.735335545614362 484.73674070462584 77.145073441788554 509.84496001526713 52.035014972090721 14.315152972936628 25.95023201406002 427.72884736955166 99.957999140024185 56.710038095712662 105.82629597187042 12732.653540199623 14.953540952876208 414.37355418503284 96.892224460840225 173.17927964031696 196.28603029251099
leaf_count=39736 1978 1625 12398 22687 748 24791 318 149 4093 150 688 330 181 808 1067 1551 574 234 60 179 58 415 3559 78 95 69 5185 239 177 4300 234 326 74 8861 627 4957 394 687 6198 277 620 182 654 10414 218 201 2029 322 2075 209 61 111 1730 420 231 431 52095 61 1708 402 740 804
internal_value=2.37269e-05 0.000509524 0.00038882 -0.00125664 0.000676094 0.00219056 0.00591331 0.00915733 0.000400677 -0.000846109 -2.45912e-06 0.00192289 0.0107632 0.00884472 0.00594222 0.0118771 0.0100752 0.00672343 0.000773549 -0.00063169 0 0.000596982 0.0122325 -0.0141874 -0.000488126 -0.0275442 -0.000652611 -0.000589503 0.0135488 0.00813227 0.00865551 0.024354 0.00655599 -0.00108634 -0.000480902 0.00101873 5.89347e-05 -0.0145358 0.000684061 0.0054874 -0.000790326 -0.0056782 0.00160703 0.000251779 0.013076 0.0187631 0.00695301 0.00443286 0.0029894 -0.000347075 -0.0121419 -0.000606763 -0.00266076 0.0135678 0.00600661 -0.000246389 -0.000696798 0.00548075 0.00632248 0 0.00439083 0.0127803
internal_weight=55075.7 39929.6 39568 15146.2 36545.6 11310 3671.23 2250.04 7638.72 6235.08 25235.6 9087.86 1184.68 1105.26 1403.64 1760.22 1583.98 1258.94 1421.19 1346.37 1331.86 7903.17 908.678 218.778 117.039 40.0679 1317.58 6205.98 76.9707 1201.04 1170.27 137.644 1032.63 16147.8 13986.9 7684.39 6471.72 265.393 6206.33 1458.35 4747.98 1563.06 3184.92 2848.82 336.095 283.107 1391.25 124.88 906.509 13899.2 33.3868 489.819 463.869 306.871 206.913 13847.2 12838.5 1008.72 993.762 579.388 482.496 309.317
internal_count=226873 164450 162472 62423 150074 46171 15197 9397 30974 25180 103903 37277 4878 4548 5794 7407 6659 5108 5800 5482 5422 32399 3740 895 480 164 5364 25030 316 4874 4727 560 4167 66626 57765 31504 26547 1081 25466 6006 19460 6380 13080 11685 1395 1177 5729 523 3700 57077 139 1990 1879 1271 851 56868 52526 4342 4281 2573 2171 1431
is_linear=0
shrinkage=0.05


Tree=63
num_leaves=63
num_cat=0
split_feature=26 22 3 6 9 10 24 20 19 20 22 9 10 20 10 9 28 0 0 3 18 19 3 4 26 13 13 28 2 20 0 7 20 8 7 18 24 2 8 13 2 19 28 8 24 10 10 4 11 3 8 7 24 2 7 28 2 18 29 22 25 19
split_gain=13.691 20.9839 19.1218 25.8808 21.3737 62.9847 32.1796 20.2374 18.0773 17.6803 28.8045 26.1438 21.7677 16.0733 16.5317 39.8783 29.5625 23.1358 18.0256 28.3593 16.9938 15.8548 15.7541 32.4988 47.8337 34.8829 22.5697 21.8762 20.3443 17.9327 17.7825 23.721 24.5602 20.2539 20.2141 17.8226 17.4143 20.7884 17.2254 19.5603 21.033 24.8285 17.0287 17.0255 18.7576 17.5116 16.9711 16.7961 15.7719 16.2792 16.9525 15.6681 15.3884 17.2348 22.0015 17.9803 20.5605 20.4911 19.6879 15.3802 25.1483 17.9191
threshold=13.529572167708448 0.56552761107261551 0.0055572229154511156 1.0329398088391535 0.23381281491730319 0.65712007290954666 21.610430579043069 0.10687891946296148 0.18309374523280189 0.0025876062846131869 0.32809299717861223 0.12902986698201771 0.42070657136219486 -0.10744032891359538 0.85619281903866895 0.33274174653969396 0.81175244801889812 637.25276124474919 1228.7755077669192 0.019279061875186455 0.12742650636956052 0.05105798945765043 -0.010373900600535963 -6.5220907038734475e-05 23.748968878706854 0.23264344492482594 0.20752764832955178 0.18863733899715571 1726.7910089627344 -0.060757458184739536 1485.4332460755606 32.365476190476222 -0.013545544655690299 2.5290511768522372 133.72142857142856 2.250374491638286 19.865738383262698 1285.4379922015955 2.1098418735644082 0.091564397945071943 4508.8001255009049 2.7337710584295265 0.42413968262546431 4.1797930032254653 12.456155066992135 0.75859256342464987 0.048288199370797612 0.00024951946454603399 0.099201820555497019 0.035903033853754193 2.2429893249408877 71.266071428571436 9.0971305040593524 465.92279243699699 8.9642857142857171 0.17233423253030919 236.95038794943369 1.3201379122481589 1.0000000180025095e-35 0.8281534059170107 21.014570691749665 0.85536122068211606
decision_type=2 2 2 2 2 2 2 2 2 2 2 2 2 2 2 2 2 2 2 2 2 2 2 2 2 2 2 2 2 2 2 2 2 2 2 2 2 2 2 2 2 2 2 2 2 2 2 2 2 2 2 2 2 2 2 2 2 2 2 2 2 2
left_child=59 2 -2 9 -5 -6 7 -7 -8 -4 11 -11 -13 -3 15 16 21 -18 19 -19 -16 -15 26 24 43 30 28 -28 -23 -29 31 32 35 -33 38 47 37 51 39 40 42 -42 -32 45 -45 -24 -26 -25 49 50 -27 -35 -12 54 -54 57 58 -56 -57 61 -61 -1
right_child=1 13 3 4 5 6 8 -9 -10 10 52 12 -14 14 20 -17 17 18 -20 -21 -22 22 23 25 46 48 27 29 -30 -31 34 33 -34 36 -36 -37 -38 -39 -40 -41 41 -43 -44 44 -46 -47 -48 -49 -50 -51 -52 -53 53 -55 55 56 -58 -59 -60 60 -62 -63
leaf_value=0.001635860692935948 0.00013012278249319878 0.018903392013827028 -0.000480498413416875 0.0054277777439228547 -0.07206413241203645 0.043911163698268821 0.042872211084976387 -0.0060761066766516075 -0.013981783704905921 -0.0081716327418294293 0.05326093770389171 -0.067905438754033057 -0.023917389114961801 -0.020707365076910306 -0.01284897463426022 -0.068421721428960094 -0.022170787339639543 0.028328181839229163 -0.012183114449347618 -0.029706779344127871 0.0070394509291433777 0.0049168950512951766 0.0028390487417551988 0.0044640806779621071 -0.0057860738675161094 0.019055522632820548 0.01289086493890735 -0.00028833875421777733 -0.018626183206206345 -0.022790168573768282 0.0015579090692649481 0.061888646368727297 0.00076555040411933591 0.016141031684182999 0.0056205141878254662 -0.024613235391141533 0.0044299879670892488 0.057674594573704357 -0.0062464429963197329 0.024592659499634503 -0.045773082065702929 0.033599075164406737 0.050668217168599289 0.055010515050605106 0.010451437182496338 -0.022380728253561966 0.026306064710568306 0.023813819569461693 0.0065007770178525095 0.016034119156905249 -0.015452181738532437 -0.03626798356114861 -0.01199890463128014 -0.013410520795348067 0.016028420785900856 0.0096621769891123283 0.015560465574758174 -0.019064848643094986 -0.016275493763094902 0.036678234505762568 0.00055794120724543203 -0.0049977204261978233
leaf_weight=1345.8422471787781 26584.241188704967 137.04407668113708 1034.3552406448871 1149.0363771300763 35.026384266093373 52.806495333090425 14.715796157717703 32.505193542689085 239.19296075217426 117.80830978602171 10.6259698420763 47.122575215995312 71.324236262589693 78.75813951715827 113.55366045609117 20.512372087687254 235.15227487683296 86.997749879956245 146.08229568600655 27.595894351601601 1908.3345115017146 691.65628035366535 1219.7807907611132 204.1359776109457 45.834930822253227 37.493570625782013 76.217121586203575 126.18003562092781 105.65201686322689 300.37020719051361 291.85057735443115 18.512558430433273 3982.6194013506174 383.54979509115219 796.79301410913467 29.864197105169296 708.95988895185292 29.54484491981566 1585.2883457671851 97.472877889871597 44.843361988663673 12.466142535209654 18.709400787949562 25.272981390357018 358.11440426297486 72.822197452187538 383.67039611935616 250.93465262651443 146.45507435500622 49.833707988262177 635.07078650034964 14.663582146167753 469.83387999795377 645.84407096542418 275.21918104961514 97.571750909090042 101.30531931854784 48.791838552802801 289.36720492690802 48.978542424738407 2686.5785904359072 4166.0439829453826
leaf_count=6359 109261 555 4239 4730 165 216 66 134 1002 492 43 245 311 436 464 107 954 351 589 111 7763 2788 4949 823 188 152 308 515 425 1222 1172 75 16188 1542 3220 121 2884 120 6390 392 180 50 75 103 1452 295 1588 1012 593 205 2580 59 1940 2662 1132 401 424 202 1184 202 11228 17239
internal_value=2.25645e-05 0.000353575 -0.000390988 -0.00331929 0.00204507 -0.00832606 -0.00171072 0.0248218 -0.0106514 -0.00586711 -0.00842658 -0.0249136 -0.0415022 0.00185836 0.00170585 0.00106679 0.00117469 -0.0108022 -0.000523018 0.0142952 0.00591942 0.00163826 0.00177691 0.00236967 0.0079814 0.00110389 -0.00343711 -0.0117335 0.00178897 -0.0161471 0.0020831 0.0037136 0.00206065 0.0101009 -0.00113489 0.0126843 0.00924769 0.0172179 -0.00376235 0.00468901 -0.000576445 -0.0283923 0.00454797 0.004162 0.0134154 0.00141274 0.0228691 0.0151478 -0.00843549 -0.011471 -0.0135185 0.01419 -0.00641352 -0.00674776 -0.00338676 0.00158949 -0.00446322 0.0107242 -0.00972124 -0.00185574 0.0012078 -0.00337709
internal_weight=55062.8 46815.4 31316.7 4732.45 1523.28 374.247 339.22 85.3117 253.909 3209.17 2174.81 236.255 118.447 15498.7 15361.6 13339.7 13319.2 495.828 260.676 114.594 2021.89 12823.4 12744.6 11444.6 2105.5 9339.06 1300.08 502.767 797.308 426.55 8470.21 5622.78 4467.55 1155.23 2847.42 484.935 1136.72 427.758 2050.63 465.342 367.869 57.3095 310.56 1675.99 383.387 1292.6 429.505 455.071 868.853 722.398 672.564 398.213 1938.56 1927.93 1282.09 812.255 488.244 324.011 386.939 8247.44 2735.56 5511.89
internal_count=226873 191845 128849 19588 6313 1583 1418 350 1068 13275 9036 1048 556 62996 62441 54214 54107 2005 1051 462 8227 52102 51666 46408 8575 37833 5258 2045 3213 1737 34303 22824 18144 4680 11479 1956 4605 1721 8259 1869 1477 230 1247 6799 1555 5244 1776 1835 3530 2937 2732 1601 7988 7945 5283 3343 2009 1334 1585 35028 11430 23598
is_linear=0
shrinkage=0.05


Tree=64
num_leaves=63
num_cat=0
split_feature=27 22 0 21 11 10 9 4 25 26 22 28 8 8 2 2 25 6 25 2 11 7 10 26 25 4 17 7 12 20 21 11 10 8 9 21 18 7 22 21 2 2 2 8 21 0 10 8 12 8 26 8 12 25 28 7 4 13 1 1 0 28
split_gain=13.1537 13.4236 20.3337 21.3309 23.4874 20.5725 38.2529 22.1735 21.9912 20.0874 20.0253 19.4391 18.5805 15.8041 30.4911 21.4734 15.516 19.6611 19.7663 17.3947 15.3725 22.5875 15.2853 15.2758 14.4184 16.7165 17.7462 18.1629 23.6457 16.5217 15.8662 16.5603 16.0355 27.7264 16.8306 14.3794 14.602 14.2425 17.0423 14.2113 14.1592 18.5947 25.1764 18.1891 17.732 17.3342 15.4013 17.3125 14.1255 18.6808 16.6779 14.117 14.0509 13.999 15.6601 14.3962 18.3374 16.5161 14.2023 13.9889 19.6386 19.5485
threshold=8.0987450883097694 0.77122059466990056 25.581014644250892 0.080861001500387011 0.073201687680843175 0.89521242555636837 0.39585138187143482 0.01645754605261807 18.734971215315415 16.781307785685659 0.89953531208143978 0.29019487171539532 2.2736222271043389 3.8580109093068642 716.21201253214633 1605.0808891827148 16.614826963527154 1.0358233321716945 26.575415878147052 6633.1708679583853 0.071342223484932618 157.11964285714294 0.25459565035210796 30.004029693900645 25.100542010807864 0.0026756876452735585 0.9745163769503985 66.248214285714297 0.071948230219181869 0.048284911857393815 0.072160510040590334 0.02544919333860159 0.64113491034297743 3.2069318726682483 0.13574719525757581 0.97308262277183832 0.64925643825875368 19.071428571428577 0.188090470680186 -0.048828948573093882 112.19470093076698 83.90072816380659 75.124656346470161 3.84206568131756 0.21073473963124281 296.59775286379096 0.048288199370797612 2.4140597626364717 0.032224520452176594 2.906142269117979 24.660030419946164 2.8283736396256245 0.028391420675573393 43.687020543448419 1.2498078842440254 6.7964285714285699 -0.0061762684418124212 0.33297774418344694 3531.9830383740345 30.35427289505515 448.65834582786073 0.22831392678963294
decision_type=2 2 2 2 2 2 2 2 2 2 2 2 2 2 2 2 2 2 2 2 2 2 2 2 2 2 2 2 2 2 2 2 2 2 2 2 2 2 2 2 2 2 2 2 2 2 2 2 2 2 2 2 2 2 2 2 2 2 2 2 2 2
left_child=1 9 -3 4 16 6 7 11 -9 20 -6 40 -10 14 -7 -16 -4 18 39 -19 24 37 -23 35 29 26 27 -26 30 -1 32 -32 34 -34 -29 -13 -37 38 -22 -18 41 42 46 -43 45 -42 -5 -48 -47 -50 -51 -40 -31 55 -55 -15 -57 58 -58 60 61 -11
right_child=-2 2 3 5 10 13 -8 8 12 59 -12 23 -14 53 15 -17 17 19 -20 -21 21 22 -24 -25 25 -27 -28 28 -30 52 31 -33 33 -35 -36 36 -38 -39 51 -41 44 43 -44 -45 -46 48 47 -49 49 50 -52 -53 -54 54 -56 56 57 -59 -60 -61 -62 -63
leaf_value=-0.00082463877637562767 -0.012702999602949641 0.036314839557077865 -0.014933589291627296 0.027791884666420016 -0.0075033316992317682 0.025319825682840913 -0.077956410858813413 0.036344010949332192 0.044961904999403626 -0.0016956122703255902 0.055851389148906187 0.0031582672135195933 -0.017655066871568644 -0.011896617203504475 -0.037456924521907645 0.014070903081737158 0.047861292651156288 0.0038440252260485545 0.034727444894849815 0.058110759124361089 0.027567778235759829 0.018099256457334265 -0.041340977796028799 -0.025602336577668111 -0.0040991418651313326 -0.009435129218030339 0.012004232998230028 0.0034176606471620612 -0.015652434309349747 0.017380586247956187 0.0099140561677494889 0.044222694957948262 0.047122458901950548 0.0042448183850248141 -0.02668254486578181 -0.068297967595282713 0.00064493097971603111 -0.0012008897018885511 -0.033283798339251949 0.0098189400499610804 0.017395826332095913 -0.060535522433686866 0.043483383272533697 0.0069528473569842849 -0.019174461152469166 0.0036711842215350144 -0.037328122237246408 -0.0087853914883159381 0.0065674949619053584 -0.025454174755428105 0.02554591911863174 -0.0098031741074435502 0.0030622825488947269 -0.0047783232760372409 -0.051167503950748129 -0.046938442388098127 0.0068588611391688318 0.028730235770621906 -0.015925141007420787 -9.3104993850741838e-06 0.0086624559416213186 0.013362149986514572
leaf_weight=2484.5233589690179 202.25064103677869 42.674738243222237 53.969543971121311 24.088263794779778 288.19165626168251 219.51029119826853 16.005976550281048 21.585588112473488 12.137445151805876 1589.5211599320173 12.924420103430746 3089.6157832611352 341.14171197637916 119.0824487041682 38.661411225795746 42.009949624538422 26.697442471981049 480.5331225655973 151.0545605905354 15.156038790941237 27.612206444144249 12.612789690494536 69.689793318510056 47.874938681721687 3270.3158655874431 851.43609121069312 221.90070224553347 154.48600833676755 118.97751209139824 245.35999236255884 95.050620457157493 56.296094425022602 47.80415678024292 178.7691698782146 66.164930030703545 14.140200495719911 16.360185861587524 909.74557482637465 72.207227766513824 307.46609261631966 141.55169670283794 34.154258593916893 22.246750622987747 13.885002180933951 119.11697655916214 460.54638393223286 62.979775652289391 344.09554122388363 100.73251406848431 159.95286291837692 17.637495473027229 577.72696266882122 571.58681072480977 132.41808239743114 21.065657839179039 15.863340672105549 1090.305465599522 81.417125329375267 72.761965913698077 33552.596861051396 1156.2746697664261 249.23308086022735
leaf_count=10430 841 185 255 102 1163 1201 81 88 51 6958 52 12432 1383 484 157 169 111 1940 701 61 116 51 284 194 13717 3480 1370 640 487 997 386 228 195 728 268 57 66 3730 306 1243 570 138 97 56 482 1853 254 1382 405 644 71 2397 2333 551 93 66 4393 328 293 136948 5117 1014
internal_value=2.14094e-05 6.84416e-05 0.00192466 0.00174526 0.00752768 0.000623694 -0.00101962 -0.000772938 -0.0124713 -0.000261079 -0.0047498 0.000165478 -0.0154775 0.00516223 0.0156558 -0.0105775 0.011105 0.0125441 0.019702 0.00552474 -0.00224294 -0.00662393 -0.0321602 0.00238722 -0.00136761 -0.00304467 -0.00175081 -0.00251773 0.00468237 0.00120185 0.0087346 0.0227296 0.00398332 0.0133303 -0.00559361 0.0028191 -0.0312728 -0.00529476 -0.0107833 0.0128866 -0.00452025 -0.0113767 -0.00822383 -0.0409513 -0.00107472 0.00137031 -0.0109128 -0.0132217 -0.00169501 -0.0105906 -0.0203494 -0.0124243 0.00737033 0.00310319 -0.011207 0.00469975 0.00627262 0.00695863 0.00542794 0.000282805 0.00355687 0.000343282
internal_weight=55053.8 54851.5 8271.61 8228.94 1335.99 6892.95 5059.85 5043.84 374.865 46579.9 301.116 4668.98 353.279 1833.1 300.182 80.6714 1034.88 980.907 485.218 495.689 10032.3 1669.59 82.3026 3167.99 8362.67 5061.2 4209.77 3987.86 717.548 3301.47 598.571 151.347 447.224 226.573 220.651 3120.12 30.5004 1587.29 677.546 334.164 1500.99 501.45 453.41 48.0393 999.538 880.421 431.164 407.075 738.869 278.323 177.59 649.934 816.947 1532.91 153.484 1379.43 1260.35 1244.48 1163.07 36547.6 2995.03 1838.75
internal_count=226873 226032 33852 33667 5526 28141 20406 20325 1522 192180 1215 18803 1434 7735 1527 326 4311 4056 2055 2001 42143 6884 335 12749 35259 21499 18019 16649 2932 13760 2445 614 1831 923 908 12555 123 6549 2819 1354 6054 2029 1835 194 4025 3543 1738 1636 2973 1120 715 2703 3330 6208 644 5564 5080 5014 4686 150037 13089 7972
is_linear=0
shrinkage=0.05


Tree=65
num_leaves=63
num_cat=0
split_feature=8 7 21 13 26 10 13 23 26 26 18 4 17 22 21 2 2 21 12 2 13 13 27 8 22 18 8 2 3 19 28 8 10 22 12 8 4 2 7 0 10 12 10 28 10 9 8 2 9 10 26 2 28 7 9 10 12 13 4 10 4 10
split_gain=13.253 23.6675 26.4135 16.3477 13.9844 16.9796 13.7105 19.5803 18.0944 12.8635 12.8476 12.4791 11.32 19.5575 20.0517 15.1485 17.8155 15.7844 17.487 18.0873 15.9399 14.8303 18.4808 13.7806 13.3714 12.6249 12.5775 13.062 19.8926 14.6539 11.6529 13.2823 13.1951 11.5538 17.1524 15.9069 13.9877 23.0783 13.4864 15.3205 12.9598 12.845 15.0905 20.5858 11.2742 62.1261 24.8573 42.3207 22.0147 67.0955 31.2251 24.5303 19.2291 16.3163 14.9043 20.9618 12.9959 12.4383 12.1506 29.3816 24.1825 20.8745
threshold=0.0089999550004483085 0.66071428571428592 0.0032867837320519348 0.017028780718166311 15.044804162956519 0.3614553756426982 0.0047795167453054599 50.846750786211636 5.1409785497785254 27.514654305257839 3.4771512630040475 0.022986020323371246 0.084154679618904951 0.16387747923461937 -0.22047272664801795 1352.1730682230839 2654.9465197695035 -0.0098043782234120119 0.32244448828162858 863.82446042707909 0.55378792812079147 0.67861358560254936 2.7591450812717526 7.972677457886161 0.07079610813022412 1.2378094651423679 3.5577993185941348 221.36636018642812 -0.10797543595222488 0.41968438063315694 0.41647720681654593 3.84206568131756 0.73506558483832862 0.33732535718673456 0.3725806685976884 6.7343820216688721 -0.004077642320360386 415.04576895780752 41.024999999999991 103.11262339493307 0.68863865404227853 0.1570551984054597 0.72345794612675651 0.6951500095883909 0.9541665393090456 0.48456588029157138 3.9243251002363073 184.60653363995803 0.37320612146877896 0.88745684080635023 18.036424475073993 245.91573460964395 0.7082966461515966 12.152857142857139 0.64323705806063025 0.98156680461832257 0.5623776222821768 0.010816650189146779 0.015055073918467683 0.45254855870345173 0.012995754833217117 0.84442643616063406
decision_type=2 2 2 2 2 2 2 2 2 2 2 2 2 2 2 2 2 2 2 2 2 2 2 2 2 2 2 2 2 2 2 2 2 2 2 2 2 2 2 2 2 2 2 2 2 2 2 2 2 2 2 2 2 2 2 2 2 2 2 2 2 2
left_child=3 2 4 6 -2 -6 8 -8 -1 -10 12 -12 13 15 -15 17 21 18 -3 24 -21 23 -23 -17 26 33 -20 29 -29 -28 31 32 -18 36 35 38 37 40 39 -35 -16 -40 -43 -44 45 48 47 -46 58 -50 51 52 -51 -52 57 -56 -57 -48 60 -60 -14 -61
right_child=1 10 -4 -5 5 -7 7 -9 9 -11 11 -13 44 14 25 16 30 -19 19 20 -22 22 -24 -25 -26 -27 27 28 -30 -31 -32 -33 -34 34 -36 -37 -38 -39 41 -41 -42 42 43 -45 46 -47 54 -49 49 50 53 -53 -54 -55 55 56 -58 -59 59 61 -62 -63
leaf_value=-0.0014035271879313267 0.029309974551468151 -0.010019459012649059 0.033137813653328803 -0.049846948322628939 -0.01495209459572561 0.038510905725612964 0.056210828978935569 -0.041738233193009427 -0.029367508863498645 -0.0047506637253554827 -0.00433069038888758 0.039551215993883775 1.6349592290308869e-05 0.019666437062621611 -0.040002756373055476 0.022014178475368067 -0.032524617027657347 0.031771012340520759 0.030740224591318196 0.0086337449884276666 -0.035756868763966519 0.030929011826559678 -0.035975821792125065 0.074963206769802157 0.018654975047941069 0.0093758304124267472 0.0044555923321476848 0.046902682157496309 -0.0011476603169071611 -0.020880770414028381 0.006850227246341903 -0.058615879583254343 0.024171115206095672 0.024613446373148832 -0.039853762550295567 0.035383001983991129 0.0017244673753131095 0.00030291438957192848 -0.0097318549492715484 0.0056629445544116551 -0.0080213193789918699 0.016995189073569929 0.0043863584368675204 -0.058804967806765168 0.048271039169387603 -0.07561687125892684 -0.0045027185906008176 -0.0040608513322398024 -0.068449550405308437 0.0031608561765519637 -0.046735684926583872 0.030121352552281468 -0.048787847877287099 -0.011508513728464986 -0.066311513772770295 -0.0089801832294332199 0.031378630947228515 0.0067594977104122947 0.016711426231929411 -0.016535045590059676 0.011886563477721841 6.1178366903219628e-05
leaf_weight=532.59640392288566 34.341627601534128 760.0224209241569 114.78131626918912 20.920792564749718 99.30892688035965 17.328234747052193 19.261152617633346 6.7872738167643538 121.17456395179033 95.410986505448818 1863.4901144988835 16.223388094455004 43317.363179484382 207.14901505410671 76.294357523322105 107.9774561971426 22.124614462256432 29.692463263869286 30.79323223233223 31.529535725712776 55.365350514650345 18.370176628232002 23.227256298065186 13.928561896085737 133.34287802875042 744.38054499216378 104.00341112911701 29.137576803565025 81.074883252382278 125.56808221340179 87.459861196577549 17.292335987091064 18.903086870908737 123.73610642552376 20.852563306689262 43.670702919363976 850.08636613190174 199.4526649415493 254.76356363296509 781.63567808270454 54.985768750309944 132.14811760187149 48.623716190457344 17.373696327209473 80.089224778115749 27.148016219958663 318.08878868073225 74.20785167068243 45.715509505942464 120.52441328950226 43.171972021460533 80.123833982273936 20.778055068105459 140.0248419046402 14.895377660170196 222.64939942955971 21.770850382745266 1062.1722653713077 125.0762133281678 439.83755016885698 433.26786202006042 331.74017632007599
leaf_count=2504 204 3087 1016 255 475 71 119 59 559 432 7650 70 177202 886 312 438 89 120 125 129 224 74 94 56 560 3050 425 117 328 510 354 70 76 540 85 177 3467 806 1041 3168 222 535 196 70 640 133 1313 333 240 492 177 327 97 571 70 928 90 4290 506 1783 1752 1342
internal_value=9.29759e-05 0.000186955 0.0150688 -0.0063107 0.00128601 -0.00694033 -0.00512308 0.0304356 -0.00637 -0.0185535 0.000113653 -0.00394721 0.000260089 0.00246305 0.0045684 -0.00196338 0.00803122 -0.00420654 -0.00500335 0.00144151 -0.019601 0.0193633 -0.00630621 0.0281614 0.00508312 0.0036322 0.000182424 -0.00258042 0.0115414 -0.00938386 -0.00464892 -0.0219614 -0.00628582 0.00198786 0.00502291 0.00569677 -0.00166504 -0.0103901 0.0047361 0.00826084 -0.0266619 -0.00229915 0.00723225 -0.0122368 1.37113e-05 -0.000140721 0.00390104 0.0230838 -9.50077e-05 -0.0110934 -0.00458546 0.00803124 -0.00447177 -0.0198584 0.00209144 -0.00889854 -0.00535356 0.0041603 1.58411e-05 -0.0057454 0.000134043 -0.00939393
internal_weight=55105.2 54309.1 265.76 796.151 150.979 116.637 775.23 26.0484 749.182 216.586 54043.3 1879.71 52163.6 5244.97 3555.15 1689.81 309.283 1380.53 1350.84 590.815 86.8949 163.503 41.5974 121.906 503.92 3348 370.577 339.784 110.212 229.571 145.78 58.32 41.0277 2603.62 1422.8 1401.95 1180.82 330.733 1358.28 905.372 131.28 452.909 198.146 65.9974 46918.6 45124.8 1793.87 154.297 45097.6 450.339 404.623 221.426 141.302 183.197 1639.58 259.316 244.42 1380.26 44647.3 896.654 43750.6 771.578
internal_count=227131 223203 1766 3928 750 546 3673 178 3495 991 221437 7720 213717 21431 14555 6876 1251 5625 5505 2418 353 662 168 494 2065 13669 1505 1380 445 935 589 235 165 10619 5812 5727 4807 1340 5550 3708 534 1842 801 266 192286 184622 7664 973 184489 1904 1664 916 589 748 6691 1088 1018 5603 182585 3631 178954 3125
is_linear=0
shrinkage=0.05


Tree=66
num_leaves=63
num_cat=0
split_feature=8 7 26 28 13 25 13 26 25 23 24 13 7 13 8 25 11 20 2 22 24 6 24 25 1 20 0 13 4 2 28 30 28 30 10 20 1 4 25 2 2 13 7 1 28 30 1 25 9 7 28 3 1 28 9 2 26 23 2 12 28 20
split_gain=12.0099 21.564 24.4572 16.8846 15.5287 12.3031 12.2691 16.485 21.8849 15.6113 11.4083 16.7538 10.3112 9.98335 18.7894 34.3605 30.103 29.3068 29.1845 19.4809 19.0727 18.5288 18.3197 22.572 25.0718 21.7209 25.4431 19.1535 20.069 20.127 17.4488 24.9526 24.7572 41.7605 25.4276 19.0709 18.4437 24.8893 18.0378 21.1881 17.684 25.6768 19.3533 20.6571 17.391 20.2286 17.3125 16.7417 16.6505 16.5307 16.494 16.2675 29.7318 20.9845 16.1897 15.7435 15.5345 15.2605 15.1083 14.7964 14.7795 15.1974
threshold=0.0089999550004483085 0.66071428571428592 16.341390193488916 0.0011153747627356443 0.017028780718166311 7.9483338492319335 0.0047795167453054599 5.1409785497785254 13.967913783060007 50.710053190678437 14.110902017187064 0.11648864214103981 1.0000000180025095e-35 0.073123258008335593 3.4305894032338498 39.515070366124171 0.018887021278919901 0.088798504668780823 4090.1892117132011 0.89953531208143978 28.470570163085089 1.1100109203193391 13.481217486607795 25.76803213344057 78.518472758134024 -0.047558380331368381 404.20161328274679 0.62624708671551843 -0.0056832437754338466 811.26617698429993 0.16784207243161828 0.20219583735133401 0.30498074644286438 0.57772060930188152 0.36919180338120955 -0.16195030461313623 786.94007940519055 -0.00051397470982331302 28.129340964137267 3851.9725116132781 80.664732346369973 0.51161795738264548 34.946428571428591 750.63679090591643 0.20148641743863774 0.16262329010768686 40.267561302386817 9.201178961266665 0.057359283281881966 42.171428571428592 0.34181792839595154 -0.015478383182307877 420.22061614345142 0.32735932872882822 0.22954997917472489 1535.3698396490529 28.734114541154128 45.909918883938744 3944.7478287170902 -0.0033429764839223654 0.3223943192249869 0.025541846083381396
decision_type=2 2 2 2 2 2 2 2 2 2 2 2 2 2 2 2 2 2 2 2 2 2 2 2 2 2 2 2 2 2 2 2 2 2 2 2 2 2 2 2 2 2 2 2 2 2 2 2 2 2 2 2 2 2 2 2 2 2 2 2 2 2
left_child=4 2 -2 -4 6 -3 7 12 -9 -8 11 -5 -1 47 17 16 20 -15 19 21 -16 -19 23 24 46 26 -26 28 -27 -30 58 36 34 40 38 54 -32 44 39 -33 41 42 43 51 45 -38 57 56 -35 -44 -51 53 -53 -34 -36 59 -7 -18 -24 -17 61 -50
right_child=1 5 3 10 -6 13 9 8 -10 -11 -12 -13 -14 14 15 55 22 18 -20 -21 -22 -23 30 -25 25 27 -28 -29 29 -31 31 32 33 48 35 -37 37 -39 -40 -41 -42 -43 49 -45 -46 -47 -48 -49 60 50 -52 52 -54 -55 -56 -57 -58 -59 -60 -61 -62 -63
leaf_value=0.000597343780538554 0.034364141048029956 0.0061644930600180722 -0.021148462504002073 0.031321900850941373 -0.049306726563546538 -0.034252699222192005 0.05171972002953984 -0.0074284384431059173 -0.04250351156559088 -0.034829274870293483 0.022259170290902932 -0.04689444853201389 -0.026274401308921943 -0.00098701922090889643 0.011580876918491745 0.0027564430334403871 0.036842917989214463 -0.013605778213889991 0.014806076975173763 0.0093388638055329747 -0.0032415800456496871 0.02836589475717213 -0.010571388701140921 0.024757926041723815 0.034983956033014463 0.026956632501253654 0.0059770903148121668 -0.043961512639356909 -0.0067196927817202504 0.015839061173260754 0.016501631863791756 0.0075130330667464579 0.032190117775108253 -0.048436890540916155 0.023035431363851513 -0.0067270379428385797 0.015749900556686038 -0.0081646436228796672 -0.020853771338507354 -0.039361061290273669 0.011274252104793499 -0.067688577478143011 -0.046660854744170345 0.057067219025974086 0.03942390012982163 -0.053390323752296798 -0.036823730124916826 0.0012883965126246301 -0.0073574831761827695 -0.011278097467524952 0.027591719610406396 0.0090887691321343521 -0.029129391037563075 0 -0.0010189327449807977 0.012778646893377363 0.0099639139958681289 -0.029493214016977593 0.039415261887776921 -0.024158768616014101 3.5477300666384814e-05 -0.048295929437558338
leaf_weight=494.04328009113669 97.168323177844286 825.611920831725 50.945126250386238 11.566508471965792 20.114096811041236 62.269038259983063 19.352458529174331 152.20477975159883 63.051892496645451 6.9654443860054007 87.55957493185997 16.35312594473362 38.357919566333294 17008.161681866273 996.02681466564536 63.731008801609278 19.415974572300911 1142.2079419307411 122.22524773329496 110.00961036235094 276.81095395609736 26.74899441562593 499.87281616777182 147.18356765992939 120.5158269405365 73.504656117409468 204.1251767128706 22.918813154101372 386.05599903315306 132.77365662157536 400.95847463794053 800.31002089753747 103.98947355151176 17.801702961325645 96.421612799167633 2988.1075814366341 51.88203389942646 245.99787009321153 66.970750030130148 24.729283049702644 1252.4070047196001 13.124904956668614 26.453337952494621 20.777956187725067 57.477401159703732 13.17671726644039 60.273427560925484 14095.922520808876 94.033564373850822 156.36203090846539 32.917362004518509 164.08813072554767 73.607269242405891 98.562102302908897 252.79314871132374 45.287980109453201 28.86992284655571 15.449688926339148 15.45256334543228 250.00682051666081 10202.935715015978 29.971470594406128
leaf_count=2129 892 3495 270 54 255 270 116 688 303 62 482 68 375 69203 4054 264 80 4715 501 459 1131 117 2018 601 491 299 829 93 1572 535 1635 3269 424 73 394 12157 211 999 273 100 5181 55 108 85 237 53 248 58379 380 635 134 680 304 406 1025 185 129 63 62 1044 41661 121
internal_value=8.83379e-05 0.000177705 0.0144414 0.00276572 -0.00601563 0.000108007 -0.00487789 -0.00606593 -0.0177406 0.0285788 0.0133682 -0.0143165 -0.00133387 1.39318e-05 -0.000398908 0.000637687 0.000909714 -0.00155998 -0.00851067 -0.0107438 0.00835343 -0.0126387 0.000410308 0.00643728 0.00382508 0.0063056 0.0167681 0.000775061 0.00252159 -0.000935109 9.72821e-06 0.000280318 -0.000129449 0.00100597 -0.00342919 -0.00543415 0.00908092 0.000991466 0.00406623 0.00609739 0.00773302 0.00129635 0.00265142 0.00844071 0.0194053 0.00160936 -0.0206088 0.00114989 -0.000256654 -0.00969542 -0.00448089 0.00612193 -0.00273252 0.0165336 0.00561309 -0.0146921 -0.0201959 0.00730474 -0.00905543 -0.0186763 -0.000172648 -0.0173234
internal_weight=55095 54300.9 263.593 166.424 794.09 54037.3 773.976 747.658 215.257 26.3179 115.479 27.9196 532.401 53211.7 39024.6 20615.3 20256.2 18409.4 1401.19 1278.97 1272.84 1168.96 18983.4 1182.22 1035.03 939.894 324.641 615.253 592.334 518.83 17801.2 17285.9 16516.4 12287 4229.33 3337.32 769.492 368.534 892.01 825.039 1942.29 689.883 676.758 461.025 122.536 65.0588 95.1391 14187.1 10344.7 215.733 189.279 440.247 237.695 202.552 349.215 359.026 91.139 34.8657 515.325 313.738 10326.9 124.005
internal_count=227131 223203 1766 874 3928 221437 3673 3495 991 178 604 122 2504 217942 159164 84169 82676 74995 5792 5291 5185 4832 77491 4811 4210 3819 1320 2499 2406 2107 72680 70600 67465 50247 17218 13576 3135 1500 3642 3369 8012 2831 2776 1899 501 264 391 58778 42235 877 769 1814 984 830 1419 1493 399 143 2080 1308 42162 501
is_linear=0
shrinkage=0.05


Tree=67
num_leaves=63
num_cat=0
split_feature=21 22 3 30 13 28 30 4 21 22 4 28 30 28 21 19 30 28 9 26 24 24 21 7 28 30 3 7 24 7 13 30 28 17 28 9 0 7 28 28 21 9 10 9 22 11 3 13 0 19 1 9 18 0 7 4 13 18 10 19 10 24
split_gain=11.8822 42.1798 40.4009 37.4537 23.4242 23.9843 53.8724 35.9423 26.4064 25.8344 23.0746 30.181 30.9854 35.8711 31.0031 27.0096 26.7476 30.4001 26.7889 24.7491 22.8718 20.6578 20.1982 22.563 23.8257 20.3661 19.6249 19.2349 19.2014 28.1447 19.0378 18.827 23.0711 18.4284 19.9381 18.2276 18.2135 18.2318 17.9818 17.9688 17.248 22.2798 29.2449 19.3747 18.0792 17.3225 17.1517 17.0486 29.2201 24.2648 21.0966 17.2984 16.9802 16.9614 16.9406 18.267 17.0211 16.8363 16.771 16.5592 23.8074 27.9586
threshold=-0.13071431287008742 0.15881254279036497 -0.011091141631080924 0.65649460127329629 0.21662175155391267 0.33357835884443843 0.42426763475016394 -0.0026425098374565641 -0.001565858715385948 0.87043104698187357 -1.0000000180025095e-35 0.22962877114860042 0.22611679722140116 0.17389676119635764 -0.045484972195382938 4.7062843707602378 0.2661447273949375 0.26985857875326341 0.26330394361814319 13.292465351044575 13.207810340809885 9.7710125250419875 -0.040530202352699711 22.667857142857141 0.089326510212315621 0.028180692780230308 -0.0080961693120948884 138.42321428571424 13.619962527815986 94.846428571428604 0.4178570939148743 0.48754149386180584 0.31461818975685213 0.47115662092109206 0.18289543040873377 0.14762878353582107 653.66037027318919 20.792857142857152 0.29853779659029206 0.26526380482730799 -0.18791459878076558 0.17568150182343717 0.65307784351525633 0.24018781409405324 0.6165255695691142 0.20566178331411863 0.027050407068174766 0.27412456585913075 367.49318069621717 1.1472496563569272 425.97677150249723 0.078846393746863752 0.64925643825875368 25.581014644250892 11.017857142857144 0.0036905139907322609 0.36302685551674457 0.84196734254007466 0.62143455372098599 0.96354026817779648 0.68863865404227853 26.842769949016425
decision_type=2 2 2 2 2 2 2 2 2 2 2 2 2 2 2 2 2 2 2 2 2 2 2 2 2 2 2 2 2 2 2 2 2 2 2 2 2 2 2 2 2 2 2 2 2 2 2 2 2 2 2 2 2 2 2 2 2 2 2 2 2 2
left_child=1 2 52 27 -2 6 9 8 20 10 11 12 13 15 47 21 -13 39 19 -19 -8 -6 -23 25 -25 -24 -16 40 29 57 54 38 -33 -15 -35 -10 37 -9 -22 -18 41 -3 -43 -44 -42 -45 -11 49 51 50 -14 -49 -1 -30 56 -56 -12 -7 -27 -55 -61 -62
right_child=4 3 -4 -5 5 28 7 36 35 46 30 16 14 33 26 -17 17 18 -20 -21 31 22 23 24 -26 58 -28 -29 53 -31 -32 32 -34 34 -36 -37 -38 -39 -40 -41 44 42 43 45 -46 -47 -48 48 -50 -51 -52 -53 -54 59 55 -57 -58 -59 -60 60 61 -63
leaf_value=-0.005213189200910729 0.0004810349567813297 0.021445993465375696 -0.017063363061907096 0.0003182737066131952 -0.03379356318724501 -0.00090231600258288205 -0.036218064608737457 -0.0065861334564115866 -0.042816575715256197 0.049139963496771855 -4.2168269618243293e-05 0.019284364259579662 0.029000854164198321 0.0030592018836127261 -0.033044653945523396 -0.034632797544842296 -0.0027989730429148294 -0.042332254667014041 -0.028550634193201269 0.017540557777810089 -0.0043988120712375447 0.0060796782730365212 0.027045880031321346 -0.052352799633572956 0.0078594052407240066 -0.012843534504763131 -0.011313932924756997 -0.0095832311923877735 0.028617989458792761 0.055527805457415882 -0.034920057577012074 -0.022151808036260746 0.0068880727222225147 0.046879252330731466 0.013773789058980841 -0.015657583375713876 0.0032245928329784125 -0.032555393638193181 0.032946394314615803 -0.035387413806882116 0.0052440584935003432 -0.012564118035924724 0.030044630434760036 -0.012746412764103807 0.027255707345034592 0.01992461456574434 0.0022401592055619713 0.016997339626785554 0.010421741002706861 -0.04095265829076148 -0.015648988346687893 -0.027765689519606063 0.001986951242680285 0.0029318914878298658 -0.0082397327888907284 -0.046397320286406502 0.04397479144531273 0.019422207795076279 -0.047544012243405494 -0.007765698518865276 0.0079709638516855166 -0.0062629035553065961
leaf_weight=1326.9376132413745 30979.346043802798 504.1046939343214 427.41093679144979 3440.1213141921908 48.551289543509483 261.70246073231101 91.040226355195045 540.4062053989619 145.83159573376179 41.583392098546028 419.21431551873684 309.66214939206839 37.178284242749214 335.03694459982216 168.0036742836237 65.354996593669057 498.07104527950287 17.849343972280622 37.979745712131262 426.22762417420745 230.79104396700859 616.03187663853168 29.185562148690224 17.314899548888206 286.58114808797836 383.2185723464936 275.33359533548355 152.03170555830002 50.043307662010193 32.055947685614228 58.808985754847527 331.42144517600536 85.816849291324615 56.795414984226227 232.23083325661719 108.71567117609084 467.29524731822312 77.353190258145332 37.355436235666275 46.190115524455905 2130.9312145411968 142.48351220786572 123.7187517285347 80.151342540979385 97.604861691594124 81.818491876125336 37.076819777488708 27.49217614531517 336.9908936470747 61.124737992882729 90.868522986769676 97.469262838363647 2137.1224218308926 1934.2436466943473 980.59999222867191 32.37716219201684 23.064010739326477 166.29858405515552 38.385651364922523 1374.5611717291176 760.10957405529916 631.292450517416
leaf_count=5381 128349 2123 1788 14189 198 1069 375 2228 593 168 1734 1271 151 1357 683 268 2024 75 161 1742 940 2496 118 70 1156 1561 1130 628 210 131 242 1354 349 231 951 446 1910 320 154 191 8700 603 517 330 424 349 150 113 1369 248 367 397 8713 7877 4021 134 94 678 156 5658 3109 2609
internal_value=8.38556e-05 0.00158439 -0.002561 0.00397396 -0.000275468 -0.00201722 -0.00369494 -0.010574 -0.0172603 -0.00132013 -0.00169108 9.07931e-05 -0.00254116 0.00099962 -0.00936718 -0.00322589 0.00640463 0.00251217 0.011658 0.0151138 -0.0126648 -0.00177379 -0.000633611 -0.00612021 0.00439619 -0.0132202 -0.0195657 0.00776845 0.000637663 0.0103903 -0.00703603 -0.0095241 -0.0161667 0.0110589 0.0203105 -0.0312475 -0.00421526 -0.00985073 0.000795445 -0.00557985 0.00860491 0.0143194 0.0059143 0.0151488 0.00621154 0.0037285 0.0271279 -0.00241359 0.00275508 -0.0150566 -0.00263341 -0.0178719 -0.000769751 -0.000306012 -0.00590344 -0.00946874 0.00225136 0.00698573 -0.0160253 -0.000615633 -0.00309825 0.00150934
internal_weight=55082 10644.4 3891.47 6752.97 44437.5 13458.2 8247.88 2116.03 1030.97 6131.85 6053.19 4539.13 3203.15 2108.69 1094.46 1484.62 1335.98 1026.32 482.057 444.077 776.425 1419.27 1370.72 754.686 303.896 450.79 443.337 3312.84 5210.31 460.057 1514.06 685.385 417.238 624.063 289.026 254.547 1085.05 617.759 268.146 544.261 3160.81 932.277 428.172 285.689 2228.54 161.97 78.6602 651.124 461.952 189.172 128.047 124.961 3464.06 4750.25 1455.26 1012.98 442.278 428.001 421.604 4700.21 2765.96 1391.4
internal_count=227131 43745 15882 27863 183386 55037 33696 8669 4211 25027 24709 18484 13020 8562 4458 6023 5464 4193 1978 1817 3172 5755 5557 3061 1226 1835 1813 13674 21341 1878 6225 2797 1703 2539 1182 1039 4458 2548 1094 2215 13046 3922 1799 1196 9124 679 318 2645 1879 766 518 510 14094 19463 5983 4155 1828 1747 1717 19253 11376 5718
is_linear=0
shrinkage=0.05


Tree=68
num_leaves=63
num_cat=0
split_feature=18 23 0 12 2 27 1 10 18 6 20 10 8 23 10 6 19 27 0 19 3 19 20 2 3 19 21 12 7 21 12 25 1 1 0 10 24 28 7 10 27 8 6 28 21 10 25 8 1 26 7 25 8 24 7 26 26 21 0 12 2 19
split_gain=11.3674 12.4764 19.4599 16.0419 14.1307 13.3574 13.8885 11.8109 11.7648 20.3922 16.0165 25.0469 19.9469 19.1141 20.8809 17.7279 14.7924 14.6649 14.181 18.3746 13.9463 16.4859 13.3446 23.2223 16.0177 14.1129 12.6512 12.3912 13.4069 14.2146 22.435 41.4522 16.8761 18.0022 14.807 13.8479 14.6195 13.2329 16.921 12.5708 12.3856 12.2566 12.2482 12.6429 12.0822 17.029 16.396 16.327 15.6378 18.1483 17.5894 16.9219 18.4679 14.3216 21.2273 12.4932 15.0576 16.6527 12.1551 16.6495 12.3212 17.3732
threshold=3.4771512630040475 85.065615332681702 409.31313398636024 -0.0064837599084358686 321.3966116454522 5.2334211747943584 1.0000000180025095e-35 0.29431725948226745 0.69178027392194263 0.96533970985623097 -0.031326166214332422 0.5317873476960896 2.57111993929681 14.851176100503375 0.76248924268502594 0.91745557908519315 5.8392436561126706 -4.8506493336099696 414.9151583446025 0.92615743508742543 -0.025556661618258689 0.60538483661162623 -0.063030981422354401 1.0000000180025095e-35 -0.017209555557150338 0.59798276662074201 -0.28060001127366191 0.23777233429160613 21.321428571428587 0.094348868994818216 0.1461517786070938 21.095609088284526 140.6048360748282 110.47650610602736 671.47709260628062 0.86399906348081412 29.819937005914621 0.2160607309018871 1.2167857142857141 0.072226680934546109 3.7700964772281673 2.5567797815238564 0.98324435910189167 0.24196100169676826 -0.20145866241932051 0.66112033960871186 18.26600307655767 3.2622681702857692 466.88551110149564 20.465132617854994 13.050000000000006 20.69831743741743 3.764186903038115 35.903497929118849 12.696428571428559 26.523878423622385 39.088722383581931 -0.33208527267551358 134.72826753025984 0.38465667097741379 197.53327118395268 1.7540409493427529
decision_type=2 2 2 2 2 2 2 2 2 2 2 2 2 2 2 2 2 2 2 2 2 2 2 2 2 2 2 2 2 2 2 2 2 2 2 2 2 2 2 2 2 2 2 2 2 2 2 2 2 2 2 2 2 2 2 2 2 2 2 2 2 2
left_child=1 8 5 4 -4 6 7 -3 27 10 11 12 40 -12 -15 -13 22 -14 19 20 -17 -22 23 25 -24 -11 -19 28 29 -1 31 39 33 -32 37 -34 -37 -33 -39 -31 -10 42 -41 -44 48 46 53 -47 50 -50 51 55 -53 -46 -55 -29 57 -57 59 -54 -60 -62
right_child=-2 2 3 -5 -6 -7 -8 -9 9 16 13 15 17 14 -16 18 -18 26 -20 -21 21 -23 24 -25 -26 -27 -28 44 -30 30 32 34 35 -35 -36 36 -38 38 -40 41 -42 -43 43 -45 45 47 -48 -49 49 -51 -52 52 58 54 -56 56 -58 -59 60 -61 61 -63
leaf_value=-0.00237726782072596 -0.003733294820724091 0.054063579326131352 -0.06010184306044998 0.011031440020650846 0.0029823565409558338 -0.0080005182105901077 0.047315360801860148 -0.003254646721469464 0.0047621859808697955 0.0012934260348533286 0.01081226577069219 0.0060886031835622242 0.04193879932841163 -0.010048827044633741 0.00888905810721188 -0.014612614477914957 -0.0052808031537208136 0.026781621527001639 0.0025184884606010505 0.0076340301236384502 0.0099766225950105227 -0.017582088213838325 0.0097313113697027123 0.0010650141015708385 0.00064889732960386542 -0.014596346557960466 0.0095475949770206375 -0.016546158438763354 0.00097461511695642606 0.039372690931877577 -0.0079858407359652221 -0.014711159009999059 -0.011812052289279795 0.030107169168139304 0.015126554947416774 -0.060580117331702099 -0.0027435835700568771 0.035711104701787205 -0.00075950113307103736 0.026393090186356733 -0.015220764968395729 0.01748705497470826 0.018552536082515527 -0.019936566839993432 -0.0013287501977526062 -0.026812096857340251 -0.025120529194815062 -0.00014575174304848215 -0.02629446246473427 -0.0031728875427282561 0.014551633905426048 0.036163444589288302 0.00022679789005348563 0.012614795491900213 -0.050713661866519537 0.024140591431652408 -0.019677118539962776 -0.001903219507876312 0.043295218053995596 -0.059957419266555304 0.021434867274379293 -0.047157337327607921
leaf_weight=8688.6665040683001 1887.5392880681902 11.876757573336361 19.821967922151089 54.126622065901756 15.733860813081263 26.079350173473358 61.617351055145264 35.429120674729347 259.67677301168442 187.67321899533272 218.94071573019028 1570.5706688314676 39.28109922260046 645.9661807063967 187.53037199378014 459.9195117726922 1195.9486155752093 116.26627965271473 1265.9902218207717 200.40073093771935 154.41024346649647 83.535663284361362 501.7459504827857 1075.0784050896764 14959.630857873708 540.53939266316593 1313.5213270690292 161.39400205016136 12807.446882115677 49.429041013121605 109.9205022752285 169.3763769287616 159.41530921496451 43.05559778213501 146.14649987965822 34.044399574398994 16.35479149222374 32.379371374845505 1529.0987238585949 33.081524342298508 110.37732608616352 384.96816848032176 30.063873544335365 72.186009541153908 238.66203992068768 62.678137451410294 208.0117866769433 674.821618007496 91.273395359516144 1210.6433035712689 264.81033277884126 57.171438664197922 52.113232608884573 19.952532410621643 38.364757508039474 82.045113146305084 78.751978613436222 241.66261652112007 26.972846148535609 14.583133298903702 29.773406133055687 13.259131900966166
leaf_count=36268 7795 69 113 420 80 135 678 150 1056 776 1116 6490 190 2630 772 1869 4900 499 5147 821 629 342 2064 4372 61473 2241 5400 657 52139 200 448 692 647 174 593 138 66 136 6244 133 446 1553 121 292 976 257 868 2746 375 4957 1088 238 214 81 156 336 321 994 111 60 124 55
internal_value=7.9564e-05 0.000214985 0.01197 -0.006036 -0.0321161 0.023964 0.0316634 0.0111141 0.000164997 0.000950582 0.00332995 0.0043984 0.00917537 -0.00232393 -0.00578139 0.00204458 9.62282e-05 0.011789 -0.000887943 -0.00569418 -0.00952925 0.000277261 0.000469021 -0.00360067 0.00094402 -0.0104948 0.0109543 -0.000541898 -0.000137816 -0.00137735 0.00171317 0.00343526 -0.00988489 0.00271556 -0.000147857 -0.0190926 -0.0419535 -0.00144126 0 0.0152468 -0.00118719 0.012938 0 -0.00856394 -0.00329388 -0.00727468 -0.0143496 -0.00242216 -0.00116366 -0.00479961 0.00346084 -0.000409979 0.0123217 -0.00678265 -0.0289765 -0.00479788 -7.12328e-05 0.00468767 0.00229497 -0.0129277 0.0168671 0.000124069
internal_weight=55071.8 53184.3 224.685 89.6825 35.5558 135.003 108.923 47.3059 52959.6 25087 6626.39 5573.95 1839.12 1052.44 833.497 3734.83 18460.6 1469.07 2164.26 898.266 697.865 237.946 17264.7 1803.29 15461.4 728.213 1429.79 27872.6 24305.6 11498.2 2809.52 2446.73 362.791 152.976 1877 209.815 50.3992 1730.85 1561.48 569.729 370.054 520.3 135.331 102.25 3566.94 1242.49 504.991 737.5 2324.45 1301.92 1022.54 757.727 193.873 296.979 58.3173 563.854 402.46 323.708 136.702 66.6964 70.0054 43.0325
internal_count=227131 219336 1645 613 193 1032 897 219 217691 103233 27407 22889 7591 4518 3402 15298 75826 6089 8808 3661 2840 971 70926 7389 63537 3017 5899 114458 99844 47705 11437 9964 1473 622 7665 851 204 7072 6380 2299 1502 2099 546 413 14614 5084 2081 3003 9530 5332 4198 3110 802 1213 237 2308 1651 1330 564 274 290 179
is_linear=0
shrinkage=0.05


Tree=69
num_leaves=63
num_cat=0
split_feature=17 17 22 20 21 19 22 20 10 4 23 8 27 23 21 22 20 17 30 0 1 21 27 4 22 21 9 10 20 26 17 4 27 25 20 2 26 21 27 1 21 17 22 8 27 4 21 26 9 10 23 8 27 24 21 26 17 6 3 25 30 0
split_gain=10.7377 12.0368 16.1754 20.6441 24.3803 20.3502 17.2882 16.1363 28.1376 17.7935 17.3539 16.5831 15.2915 14.9902 14.9722 13.6297 13.4176 12.9399 12.8822 13.0467 12.6767 12.409 11.7964 14.3496 12.8028 20.7515 19.8815 117.948 36.9869 30.6733 27.2442 24.0814 21.4659 22.8042 23.3953 27.0961 22.1085 21.799 21.8879 20.1073 18.9774 24.8892 19.8172 18.6947 19.7087 18.5406 17.7903 20.1762 16.5977 20.7246 17.2713 16.4464 24.3683 16.2492 16.7698 16.9906 16.1765 16.0225 15.6879 16.6261 15.3915 14.7651
threshold=1.0000000180025095e-35 0.084154679618904951 0.33732535718673456 -0.10744032891359538 -0.12429894244482979 8.4643366521149783 0.45729870806558831 -0.16195030461313623 0.90303562896730605 -0.008388666327814381 18.402379989728249 4.8441575640585794 -2.4183445390175353 25.290688847611026 0.32244513054474094 0.23221350620922351 -0.23293486823317747 0.059720491858630778 0.47960015980290976 460.67789089473246 580.86995698112366 0.015769859550055946 8.0987450883097694 0.0014075323332825146 0.61039312839651838 -0.11003744791010527 0.21284935822969581 0.65712007290954666 -0.10944225026411029 26.833183624251344 0.44511588924239509 -0.031649817873179616 -3.4360073436136616 20.549130866834012 0.10465022095472033 148.01394208272686 33.86418077513455 -0.42949319147209758 5.1010321629863613 420.22061614345142 -0.24824461834103065 0.38865409405373119 0.25199239172134297 1.1280654950090816 -8.2571353604937503 -0.014465639783485525 -0.23783170383104321 25.131865452229295 0.23161813796592942 0.52780119917556689 52.02223286223208 4.1267634884446105 -2.5242368881022474 22.976272822890497 0.13902687851183551 20.85804932482289 0.56466403455842895 0.91157665478851524 -0.018137859219104296 25.197880932903686 0.94639711186864706 169.94746994074768
decision_type=2 2 2 2 2 2 2 2 2 2 2 2 2 2 2 2 2 2 2 2 2 2 2 2 2 2 2 2 2 2 2 2 2 2 2 2 2 2 2 2 2 2 2 2 2 2 2 2 2 2 2 2 2 2 2 2 2 2 2 2 2 2
left_child=-1 2 5 4 -4 7 -6 8 10 12 -2 13 -9 -11 -8 18 17 -12 -13 -20 -5 -10 24 -24 26 -26 28 30 29 -3 -28 46 -29 37 35 39 53 -34 -39 -35 41 51 45 -27 -45 -43 -30 61 49 -32 -51 -33 -53 54 55 -37 -55 -46 -47 -60 -44 -48
right_child=1 22 3 20 6 -7 14 9 21 11 16 15 -14 -15 -16 -17 -18 -19 19 -21 -22 -23 23 -25 25 43 27 32 31 -31 48 40 33 34 -36 36 -38 38 -40 -41 -42 42 60 44 57 58 47 -49 -50 50 -52 52 -54 56 -56 -57 -58 -59 59 -61 -62 -63
leaf_value=-0.01283889138136955 -0.025072087342607109 -0.002483670964857338 0.041189416916336041 0.0084707246173069978 0.00061716809341919119 0.062283392153270382 0.030944035525440713 0.032706366841787418 -0.0011318086721612526 0.015493462374194156 0.046550282136143095 -0.059008146375318399 -0.0147899897973841 -0.00057750161984366881 -0.0088159891374184861 0.00055791404221153956 0.011892216917568074 -0.003590707364428031 -0.040123246736595827 0.010366948146704545 -0.001057666857879042 -0.051454712088199329 -0.02895945307151862 0.003815446482991067 0.013797143683823619 0.017237364157047335 -0.021638420296341842 -0.0087635058141592639 -0.030345930277577534 0.011767311660450835 -0.074709717714149734 0.0059696964913465694 0.014758226857292526 0.0060498084677891827 -0.0063402658116411617 0.041491655000299332 0.042493775600079733 -0.0064776340549464566 0.010354612955264219 -0.015137482538580646 -0.00080282253049495365 0.014522375916439937 0.015311671471341479 0.020369578656502359 0.053906825906574155 0.0068182241643633627 0.02287903305805622 0.037665582461060908 -0.073334845462483492 -0.05105409511382334 0.026745574667948097 -0.0063792703938877985 0.034135774476753269 0.013560392839211875 -0.033110218835299736 0.014523824821011333 -0.014005581985459998 0.00040464978015497879 -0.033588071630222524 0.01679231950919368 -0.0049884854529756977 -0.042564402029137603
leaf_weight=160.37520467117429 28.17408774793148 566.96627965569496 77.386815190315247 635.62202847003937 202.36469426751137 13.123807549476622 119.50523093342781 17.657837748527527 678.77848177030683 159.73084145784378 55.958242863416672 26.793610647320747 348.74989826604724 1570.0448363218457 29.246948197484016 60.965262651443481 457.64244565367699 16.44814558327198 26.609563529491425 24.265348002314568 772.32856014370918 12.383893460035322 77.351380735635757 58.24947614967823 310.28177930414677 170.26203870028257 113.18751417845488 921.50120981037617 117.30329194664955 1127.0143599882722 18.744522873312235 244.63238541409373 153.23495252430439 394.0680651627481 375.74705679528415 80.283349305391312 66.969104200601578 1894.8617435581982 214.75461812317371 156.3170291185379 23679.484381135553 52.315757416188717 216.80386245250702 124.96969023346901 13.906505510210989 44.463559955358505 12.90713621675968 24.759188324213028 63.785232946276665 12.522963628172876 16.246553421020508 47.61492820084095 164.6494830455631 120.54915605857968 14.427167568355797 218.48303015716374 95.06795845925808 17250.447883345187 125.77264305949211 18.622383251786232 163.39139158464968 25.117430970072746
leaf_count=868 119 2323 329 2657 818 53 486 72 2763 652 234 108 1426 6403 118 252 1902 69 108 99 3160 50 329 239 1316 1035 466 3833 476 4672 95 1002 617 1638 1591 325 272 7732 876 644 98085 215 905 536 58 182 53 100 327 51 67 199 701 489 59 885 392 70237 516 77 666 104
internal_value=7.56524e-05 0.000113492 0.00237043 0.00617025 0.0157813 0.000373596 0.010157 0.000137187 0.00468919 -0.00240549 0.0130387 -0.000426747 -0.0124791 0.000904442 0.0230923 -0.0170611 0.0150782 0.0351018 -0.0309383 -0.0159702 0.00324069 -0.00204801 -0.000129271 -0.0148512 -8.87549e-05 0.000980532 -0.000694315 -0.00361076 -0.00015415 0.00699477 -0.0390117 -0.000639989 -0.0019203 -0.000252633 0.00447828 0.00802953 0.0154177 -0.00343674 -0.00476137 2.15832e-05 -0.000507227 0.00597909 -0.000527452 0.000753697 0.000591917 -0.0117434 -0.0188535 0.00255331 -0.0565995 -0.0339212 -0.00700587 0.014837 0.0250252 0.0119719 0.0192436 0.0217987 0.00138221 0.000448348 -0.0190496 -0.0270489 0.00657538 -0.0202173
internal_weight=55062.2 54901.8 5333.78 1836.45 428.504 3497.33 351.117 3484.2 1249.39 2234.82 558.223 1868.41 366.408 1729.78 148.752 138.634 530.049 72.4064 77.6685 50.8749 1407.95 691.162 49568 135.601 49432.4 17869.9 31562.6 4930.75 26631.8 1693.98 224.487 24937.8 4706.26 3784.76 1521.91 1146.16 595.78 2262.85 2109.62 550.385 24757.8 1078.27 621.37 17559.6 17389.3 241.174 180.087 62.7838 111.299 47.514 28.7695 456.897 212.264 528.811 313.194 298.766 215.617 17264.4 188.859 144.395 380.195 38.0246
internal_count=227131 226263 21878 7568 1751 14310 1422 14257 5137 9120 2324 7622 1498 7055 604 567 2205 303 315 207 5817 2813 204385 568 203817 73182 130635 20359 110276 6995 1006 103281 19353 15520 6295 4704 2422 9225 8608 2282 102548 4463 2561 71866 70831 990 733 257 540 213 118 1902 900 2150 1269 1210 881 70295 775 593 1571 157
is_linear=0
shrinkage=0.05


Tree=70
num_leaves=63
num_cat=0
split_feature=17 24 6 9 4 19 20 1 22 20 21 21 22 4 4 10 17 20 30 21 21 19 6 19 24 17 13 23 1 19 1 24 13 21 8 22 2 21 12 17 4 21 28 30 20 2 6 10 30 8 24 28 10 30 10 13 30 1 1 2 8 13
split_gain=14.3704 14.7649 33.5991 19.7724 18.8366 16.6088 16.3238 14.1324 14.0194 25.0543 22.8439 20.2007 20.4887 24.4912 23.6066 27.9709 24.4826 21.0485 19.2039 25.4789 20.7085 18.0626 16.8924 16.6772 16.1529 16.0625 15.7298 26.9488 21.354 19.8981 19.744 18.7923 15.7794 16.1806 15.8349 15.6741 15.6601 15.529 16.5364 16.9685 15.349 23.721 27.1001 27.6358 26.2283 22.844 20.6447 33.4887 22.1594 21.0827 19.3738 24.1241 30.3974 22.2241 18.9844 28.629 18.205 16.2916 21.8337 15.7675 17.9457 15.5922
threshold=0.9999695381990984 13.619962527815986 1.0232273991645113 0.22748140846515155 0.0084769429616511818 2.6515047660146451 -0.03529610459282511 144.67800775294117 0.68421067204303043 -0.076979325336762425 -0.082889675856261877 1.0000000180025095e-35 0.52721701069798044 0.0032119591077542213 0.00011526526754158526 0.040136697660030245 0.493874872262904 -0.033291202055608864 0.60900277440069839 -0.14697604372295528 -0.22479894803269054 0.50442588216667106 1.0358233321716945 0.12865599728467084 20.22041874765506 0.86874704910292688 0.20752764832955178 58.897839889774872 1753.974734998149 0.59798276662074201 2489.2609258472821 29.068175344997702 0.083233161355384624 -0.043850151277070697 4.3277948435191869 0.36128150902652473 102.7380708478991 -0.0032472557813969512 0.047643983948108017 0.85437487228471376 0.00017807484227158485 0.080861001500387011 0.29019487171539532 0.42007118832663187 0.080221122742967346 83.90072816380659 1.0146086944926314 0.44050590257748745 0.38074764717963588 2.3226722278129861 28.766230160644849 0.68321392025621963 0.91896710484536748 0.84103038058675772 0.09188234170566327 0.061274945822338632 0.14687290111018927 877.70909321248848 1225.9106445243519 1118.8086485766387 4.6240303123365498 0.43357583006491834
decision_type=2 2 2 2 2 2 2 2 2 2 2 2 2 2 2 2 2 2 2 2 2 2 2 2 2 2 2 2 2 2 2 2 2 2 2 2 2 2 2 2 2 2 2 2 2 2 2 2 2 2 2 2 2 2 2 2 2 2 2 2 2 2
left_child=1 2 3 4 5 -1 -6 -7 11 -10 -11 12 13 14 -3 -16 36 35 19 22 -20 -22 -14 -21 -19 -13 27 28 -25 -30 -31 32 34 -34 -29 -15 -17 -23 39 -39 -12 44 45 -44 54 46 -43 49 -49 -48 51 52 53 61 55 -42 -56 -54 -59 -55 -61 -45
right_child=-2 8 -4 -5 6 7 -8 -9 9 10 40 25 18 17 15 16 -18 24 20 23 21 37 -24 26 -26 -27 -28 31 29 30 -32 -33 33 -35 -36 -37 -38 38 -40 -41 41 42 43 50 -46 -47 47 48 -50 -51 -52 -53 57 59 56 -57 -58 58 -60 60 -62 -63
leaf_value=0.0020705281470778233 0.011171196165970185 -0.00090505852820151771 0.013548753052967514 0.033730304808473409 0.018411427582454416 0.015285573015888999 -0.03817473099735097 -0.01353014908412163 0.031307333367197036 0.017490736710897178 -0.0011409260487091496 -0.0021738873767104738 0.029992616670786721 -0.01056651310605259 0.05061071847963089 0.045925556783939094 -0.0063939928007258652 -0.040893899009993143 0.027083197364242147 -0.019242561392851479 0.014998826538487532 -0.010886132769157461 -0.026549492076767045 0.013736218529430529 -0.0095972128677576183 -0.009336337898351834 -0.0011245818595186606 0.020792738258079181 -0.022667605077584835 -0.015270755710875689 0.017434109227480312 -0.0056705523422128793 0.014618123545267862 -0.018761744479650649 -0.013071050333660239 0.024210032330888601 0.0094683628808080872 -0.032010031830544329 0.013042772568884132 0.0097265572539863895 0.018410665037331381 0.063778264705181525 0.028533638979163618 0.0033863291181432838 0.00058202961331212631 -0.0064583464721795561 -0.075104525472815986 0.05835042354856728 -0.0087033200898792486 0.0084319198762030697 -0.00052607262926357553 -0.0090117844794972875 0.053620862820023443 0.030395059100672774 0.033213843497379464 -0.03143381812478923 0.013181565273944066 -0.041587791023986576 0.042337168113757311 -0.022797162631995077 0.047424570817874441 0.057974929713045124
leaf_weight=3405.8780708741397 283.31246284767985 21871.706437248737 609.15620848722756 45.268095895648003 16.428456380963326 49.406317941844463 54.477712705731392 297.5760373622179 68.076902717351913 204.3441576063633 6126.8030771017075 8888.2114518135786 137.8027595281601 128.35193951427937 35.784004494547844 31.123912274837494 287.24331879615784 91.395410563796759 54.204293444752693 77.361267831176519 105.48594055511057 665.30663376674056 14.438026532530783 1161.07096491009 76.094387657940388 858.93011661432683 985.2281941100955 223.5847687125206 79.872873321175575 68.568456277251244 140.07148960232735 590.42915958166122 62.264491528272629 86.549353158101439 40.560800299048424 43.203697934746742 551.56518538482487 52.943657577037811 166.1837030351162 44.70376056432724 69.126348882913589 19.843781009316444 104.80853453464806 907.75615156255662 524.75872892141342 1382.1106179971248 15.568648025393488 30.649270564317703 20.325695425271988 14.361067339777945 2124.3931456431746 200.47669348120689 57.570436701178551 151.93797258660197 171.22571977972984 49.213925883173943 340.68722173571587 12.714598078280686 19.433003798127174 32.598158448934555 12.49370541423559 13.187348837032912
leaf_count=13864 1876 90945 2471 184 66 207 221 1207 276 861 24934 36104 596 518 144 126 1196 384 225 415 429 2737 59 4840 311 3768 4029 907 321 276 564 2423 254 355 166 174 2224 213 670 180 325 84 428 3676 2124 5585 63 129 86 58 8619 812 232 617 689 198 1372 52 78 131 51 54
internal_value=-5.84961e-05 -0.000116693 0.00263428 0.000914263 0.000523587 0.00100755 -0.0249862 -0.00940949 -0.000361741 0.00107628 0.000912384 -0.000846353 -0.000161005 -0.000776103 -0.000577283 0.00733171 0.0055401 -0.0141142 0.00282718 0.00455867 -0.00300079 -0.0045842 0.0245836 0.0036894 -0.0267192 -0.00280565 0.00420738 0.00635094 0.0107109 -0.00144709 0.0066597 4.67088e-05 0.00823247 -0.00476142 0.0155709 -0.00177044 0.0114318 -0.00681424 0.00343521 -0.0128611 0.000638686 0.00237699 0.000915775 0.00323914 0.00884967 -0.00477977 0.0181816 0.00687133 0.0315509 -0.0349604 0.00248647 0.00703452 0.00970287 0.00744823 0.0157243 -0.00228488 0.0198969 0.0377027 0.00896319 0.0226908 -0.00316814 0.00417964
internal_weight=55056.2 54772.9 4478.19 3869.03 3823.77 3752.86 70.9062 346.982 50294.7 12674.5 12606.4 37620.2 27873.1 23116.5 22777.4 905.716 869.932 339.045 4756.63 3667.8 1088.83 1034.62 152.241 3515.56 167.49 9747.14 3438.2 2452.97 1449.58 288.513 208.64 1003.39 412.959 148.814 264.146 171.556 582.689 929.138 263.831 97.6474 12402 6275.24 5120.23 3637.37 1155.01 1482.86 100.748 80.9047 50.975 29.9297 3532.56 1408.17 1207.69 1117.97 630.253 118.34 511.913 89.718 32.1476 197.03 45.0919 920.944
internal_count=227183 225307 18220 15749 15565 15278 287 1414 207087 51534 51258 155553 115681 96022 94635 3690 3546 1387 19659 15205 4454 4229 655 14550 695 39872 14135 10106 6001 1161 840 4105 1682 609 1073 692 2350 3800 1063 393 50397 25463 20755 14750 4708 6005 420 336 215 121 14322 5703 4891 4529 2584 523 2061 362 130 799 182 3730
is_linear=0
shrinkage=0.05


Tree=71
num_leaves=63
num_cat=0
split_feature=17 11 7 20 18 22 10 9 28 0 25 22 20 0 4 23 2 4 8 8 11 9 2 3 1 6 10 9 20 10 22 30 8 3 20 22 9 0 30 28 6 27 22 6 3 25 4 30 1 28 4 9 28 11 28 7 4 10 2 6 17 8
split_gain=13.0192 19.3039 13.5081 10.6862 16.4468 14.6913 18.5907 25.2115 17.5326 15.7353 15.7592 14.1112 20.3864 17.3504 16.3387 16.6446 14.3467 16.4392 14.4757 13.7414 13.6753 12.8944 13.0121 12.8825 27.5813 18.9719 28.658 25.3848 27.3478 25.2076 28.7159 20.9999 20.9406 20.637 20.4224 23.6153 19.5671 21.4712 19.3944 22.1451 18.0414 23.8884 18.7306 17.2464 19.3066 23.5462 16.458 32.6406 27.8618 23.5768 26.1459 25.9705 24.2796 21.8605 17.4224 19.0143 21.2466 16.5322 16.3215 16.2996 24.05 15.4954
threshold=0.9999695381990984 -1.0000000180025095e-35 11.017857142857144 0.31928487591358351 0.117513236645351 0.96170631645392424 0.95027133646703243 0.48456588029157138 0.68321392025621963 149.18604204065394 31.35347155408456 0.68421067204303043 -0.0098627357503515128 25.581014644250892 0.00045576428399135159 49.774011923367276 855.63014148959712 -0.0021258010421523394 2.7883841010226367 2.8548344302680486 -0.004719422002001498 0.37320612146877896 265.37639734644114 0.0062283375518952626 30.35427289505515 1.001910869202816 0.056208202514536738 0.062516938933070726 0.010856383536127613 0.24653975095785444 0.38196001499759419 0.6526412008082364 2.0360458336801188 -0.00040359737091286044 0.011783602049762256 0.46305382313522608 0.09233382689196952 2913.3179168502825 0.024369034994697777 0.14687594933757095 1.0635283773788704 -5.9736033408233018 0.6165255695691142 0.93910646252252461 -0.014368570468402531 21.480621897507572 1.0000000180025095e-35 0.67242873364011246 105.01210308664577 0.24622817860989102 0.003392005409540814 0.15811209684450525 0.21872649331702407 0.22726455000950441 0.6951500095883909 10.310714285714296 0.0044200073089731449 0.23849384694700979 83.90072816380659 0.98365905817398858 0.34669627159596567 2.5987948982133915
decision_type=2 2 2 2 2 2 2 2 2 2 2 2 2 2 2 2 2 2 2 2 2 2 2 2 2 2 2 2 2 2 2 2 2 2 2 2 2 2 2 2 2 2 2 2 2 2 2 2 2 2 2 2 2 2 2 2 2 2 2 2 2 2
left_child=3 2 -2 11 -5 6 7 8 20 10 -8 23 14 19 15 16 18 -18 -13 -14 -6 22 -7 25 40 34 38 -28 -29 31 33 32 -30 -31 46 36 37 -36 -27 -40 41 42 -25 -38 45 -45 -1 48 -48 50 51 -50 -52 54 55 56 -49 -54 -33 -26 -61 -51
right_child=1 -3 -4 4 5 21 9 -9 -10 -11 -12 12 13 -15 -16 -17 17 -19 -20 -21 -22 -23 -24 24 59 26 27 28 29 30 -32 58 -34 -35 35 -37 43 -39 39 -41 -42 -43 -44 44 -46 -47 47 53 49 61 52 -53 57 -55 -56 -57 -58 -59 -60 60 -62 -63
leaf_value=-0.0006404972931213453 0.026028423210599144 -0.029831569619618671 0.0029880218014159913 -0.039014007503384573 0.012279188993817103 0.030941669593085797 0.02495786515266863 -0.083877486344126506 -0.047755911608077163 0.0040347606489213499 -0.037427445343724886 0.037125218699790734 -0.013097734115118673 0.00076508250551094272 0.01751646776728474 -0.0090397822103855368 0.013159513932203021 -0.03040234766837336 0.0090946186550365741 0.051290018587741307 -0.01804953450270835 -0.002043116360824626 -0.0059848679206879543 -0.018443795467716125 0.0092960434200364175 0.027852555606024523 -0.0087883559019437466 -0.00069239298773629771 -0.0054237122146434833 0.032158479034154377 2.5264028824533845e-05 -0.037247726976986056 0.024261672572557957 0.0013365968963318037 -0.025291207401847565 -0.00048155115080541762 -0.034443615245628389 0.013923606498754501 -0.0083344923490078961 0.014770057411610013 -0.0069223986452812943 0.011105422130901333 0.020684345168469245 -0.003146094274401259 -0.0077014139146563331 0.045796636412169578 0.029591340988775847 -0.03354824440327963 0.0067029882443175081 0.0014824331459508265 -0.026571094751956199 -0.023461801081986425 0.042567700192398132 0.019432547141701822 -0.018704132529360304 0.0019421602738644052 0.0020883061121552168 -0.0090086488237564166 0.010201612336979542 -0.02518265022064118 -0.0033242719460183029 0.016856328640241638
leaf_weight=21701.036177316681 131.70330390706658 26.500900663435459 124.06716135144234 34.72092934884131 51.484748467803001 68.937454104423523 12.649134546518324 14.45994554646313 35.869342170655727 253.2923621609807 47.949517695233226 54.686145767569542 11.296868309378622 11297.885946337134 329.3106722086668 180.59097918868065 41.858178377151489 44.473621547222137 296.89038449525833 29.553237661719322 131.70164347812533 310.03796784393489 36.099042415618896 131.60601307451725 248.95073777250946 157.18803349882364 548.27704513072968 2608.6754599343985 69.052477046847343 133.86002247966826 1077.278525210917 29.569525226950645 412.50695436447859 91.938300296664238 302.04486891627312 1133.5304440185428 47.850350100547075 39.228150948882103 149.84023170173168 334.88915821537375 267.17965061962605 848.36084531992674 39.642217963933945 61.037393018603325 437.85927451588213 40.83113805949688 126.04338379204273 91.391500130295753 918.71954186633229 237.00323368608952 144.03518487326801 77.208040494471788 24.420820713043213 89.936837300658226 218.73708392679691 546.98645882681012 76.565665408968925 42.058183014392853 46.248721301555634 128.04150958359241 7265.2242748998106 536.85230851173401
leaf_count=89908 1135 158 583 145 209 283 51 71 148 1034 201 222 50 45908 1332 732 172 179 1200 129 539 1271 145 550 1020 910 2230 10661 281 549 4419 121 1693 376 1242 4618 195 160 611 1359 1092 3503 176 247 1804 166 513 373 3837 954 580 312 98 364 883 2203 308 169 189 520 29929 2163
internal_value=-5.54782e-05 0.010653 0.0148772 -0.000110782 -0.00523914 -0.00401161 -0.00939229 -0.0200737 -0.0158029 -0.00142616 -0.0243033 -1.55676e-05 0.00147267 0.000883295 0.00851734 0.00371575 0.00898834 -0.00923264 0.0134782 0.0333733 -0.00949628 0.00307302 0.0182095 -0.000456495 -0.0021389 4.83014e-06 0.00263627 0.00136238 0.00260897 0.00724051 0.00342869 0.0161409 0.0199944 0.019637 -0.000548739 -0.00532962 -0.0112399 -0.0207662 0.0125838 0.00761739 0.00463147 0.00766434 -0.00935006 -0.00569585 -0.003132 0.0164479 -0.000151434 0.00323772 0.00679797 0.00534325 0.000969074 0.00435736 -0.0150314 -0.00408341 -0.00635578 -0.00256872 -0.0172815 0.00989812 -0.00826271 -0.00327959 -0.00370384 0.0121551
internal_weight=55047.7 282.271 255.77 54765.5 997.202 962.481 547.407 233.516 219.056 313.891 60.5987 53768.3 12286.5 11338.7 947.81 618.499 437.908 86.3318 351.577 40.8501 183.186 415.074 105.036 41481.7 8929.01 32552.7 5659.32 5017.41 4469.13 1860.45 1303.08 557.378 481.559 225.798 26893.4 2062.38 928.851 341.273 641.917 484.729 1286.79 1019.61 171.248 587.578 539.728 101.869 24831 3129.96 2106.34 1980.3 1206.44 995.928 210.514 1023.62 933.681 714.944 167.957 66.479 75.8182 7642.22 7393.27 773.856
internal_count=227183 1876 1718 225307 4097 3952 2253 967 896 1286 252 221210 49924 46087 3837 2505 1773 351 1422 179 748 1699 428 171286 36790 134496 23399 20519 18289 7628 5344 2284 1974 925 111097 8432 3814 1402 2880 1970 5321 4229 726 2412 2217 413 102665 12757 8626 8113 4996 4149 847 4131 3767 2884 681 267 310 31469 30449 3117
is_linear=0
shrinkage=0.05


Tree=72
num_leaves=63
num_cat=0
split_feature=24 25 8 21 30 22 21 23 27 23 3 22 20 3 23 1 10 1 20 7 21 20 30 4 8 22 30 30 25 13 10 9 26 4 20 3 21 28 20 22 1 30 13 10 8 13 0 0 1 8 30 4 25 1 23 26 0 13 17 25 26 3
split_gain=12.3544 17.3416 17.1287 22.3382 15.4987 14.1386 22.8733 17.888 17.5422 15.8923 15.8818 34.0297 30.2751 29.8939 23.2745 25.1975 30.0086 18.3318 18.0355 17.5425 29.3073 26.4118 23.414 34.1597 25.4719 17.4287 16.2742 19.1967 15.3144 23.8749 15.4067 15.2662 21.9673 14.6255 38.4772 27.4162 19.1744 25.7034 19.8261 19.6696 25.109 18.8817 18.6684 18.3835 20.763 18.0569 17.0553 30.4362 28.2417 24.3001 17.7456 17.2928 16.3023 16.2993 20.6822 20.2281 16.1926 15.9542 18.6143 15.5724 15.3923 18.8639
threshold=13.619962527815986 26.474021921221546 2.9453754455797698 0.043498436106389378 0.14687290111018927 0.61039312839651838 -0.10811106503848993 26.063178611647071 -4.2306130880627455 55.42269305464464 -0.00061327689479673069 0.35840329695415796 0.03483436504085425 0.00013276314529736162 61.304650471190129 30.35427289505515 0.42070657136219486 40.267561302386817 0.067703780833840224 25.225000000000023 -0.16729353978933351 0.07066731978205644 0.7271045154222725 -0.0021965027819602178 4.6937490691810391 0.30930097782986027 0.8254916429483351 0.79401078757187327 25.100542010807864 0.23435608601871297 0.68458160178403948 0.44525347384775832 33.596578006625514 0.00017807484227158485 0.0080446639981368601 -0.0010268633484882231 0.080861001500387011 0.29019487171539532 0.085377389357826253 0.68421067204303043 1955.0643087060123 0.42007118832663187 0.026202759329078753 0.50435541391607874 3.5430895366881345 0.23435608601871297 426.34686640392505 103.11262339493307 129.10249686135271 2.8812298664546083 0.62510229132569572 0.0037950450280451087 26.997585912424476 346.60948085881722 53.694313097880247 15.520357670622277 500.66507738329386 0.13862270971960836 0.83948959657663813 32.545039425843235 27.065132616546681 -0.003745794258157954
decision_type=2 2 2 2 2 2 2 2 2 2 2 2 2 2 2 2 2 2 2 2 2 2 2 2 2 2 2 2 2 2 2 2 2 2 2 2 2 2 2 2 2 2 2 2 2 2 2 2 2 2 2 2 2 2 2 2 2 2 2 2 2 2
left_child=1 -1 3 -3 -4 10 9 -8 -9 -7 14 12 13 -12 15 16 -2 -17 -19 20 -13 22 -21 24 -24 -14 27 31 30 -30 -15 32 -18 -10 45 -36 38 57 39 40 -37 43 -40 44 -39 60 47 -43 49 -49 -50 56 -42 54 -52 -56 -48 -38 -59 -44 -35 -62
right_child=5 2 4 -5 -6 6 7 8 33 -11 11 19 25 28 -16 17 26 18 -20 21 -22 -23 23 -25 -26 -27 -28 -29 29 -31 -32 -33 -34 34 35 36 37 41 42 -41 52 46 59 -45 -46 -47 51 48 50 -51 53 -53 -54 -55 55 -57 -58 58 -60 -61 61 -63
leaf_value=0.0013816507253716082 0.01781624767500389 0.015993563215526054 0.049957964123188217 -0.015159594556514985 0.015178540426797947 0.022482510490185046 0.04520610790305607 0.0058015108201845784 -0.0013598217078791214 -0.0011010010241649679 -0.022351239618119717 0.012069622897717194 -0.034712486936769697 -0.0095744703062707812 -0.038324018099213625 -0.016284811594540958 -0.0039005651033777637 -0.00037258179880219656 0.013265276549726441 0.004709539321610591 -0.0037967984620491321 -0.0060279407032405689 -0.0002189287957913888 -0.016989315963200861 0.057901093163424282 -0.01095199668164426 0.02286125487335738 -0.064065083290690439 -0.0089373012090592108 0.012360908685896278 0.01014738484365201 -0.048367888677536559 0.033672637546801262 0.016650982065450574 -0.016627067205071715 0.0099435049709660824 -0.0030978770922423411 -0.024862887760064151 0.030855168741771438 0.018271518728176655 -0.041834299041024703 -0.013330474288003703 -0.0088841576426618371 0.039943817579624286 0.051630723715501786 -0.011880397382110925 -0.042664388829694588 0.054497421186945089 -0.011644720662849087 0.014335774895005586 -0.029978451746193471 -0.0033246037360292581 0.0067937028483387564 0.027873938619256251 0.0023608468311528902 0.023057072017641039 0.016325515254190057 -0.025001292752918576 -0.001623651686943263 0.0088586678354273737 -0.0082385190148373446 0.031193954884197246
leaf_weight=4000.6203798167408 427.03839591890574 124.40397847816348 37.879440575838089 106.83298789523542 213.06816447153687 204.52335062623024 22.386731024831533 1467.820527497679 8225.6188397686929 109.13037672638893 230.47975263558328 307.02735803462565 152.85479734279215 764.84243214689195 39.539902955293655 178.74126433208585 367.40363854914904 19702.181545190513 245.33244136348367 3071.0313944052905 5516.2253523990512 978.15483986772597 55.846723899245262 282.51206577010453 28.227293774485588 157.70187586918473 66.49779985845089 12.675446242094038 222.25705110840499 321.74701909907162 113.43211291730404 16.832954049110413 43.405499830842018 684.00129125267267 230.05470964312553 227.03035180270672 1143.5657481718808 30.301399394869804 43.772012874484062 448.27775347232819 46.007865190505981 175.83522205427289 374.03890671208501 62.84701537527144 12.41802705824375 77.784944996237755 12.301887705922125 56.730517014861107 128.42617751844227 113.53094729781151 38.225703233852983 1694.7816435489804 27.228975191712379 94.449106791988015 444.38523120246828 161.03234722651541 179.72782823629677 205.17035868577659 146.35423794947565 184.41614104807377 141.38982632756233 38.502420388162136
leaf_count=16267 1971 517 154 435 868 886 308 6034 33712 447 1060 1279 702 3174 173 736 1680 80232 1005 12690 23730 4054 227 1149 115 682 269 51 1019 1327 470 78 247 2850 926 917 4629 122 176 1807 185 726 1516 260 50 317 50 240 526 463 157 6879 110 384 1832 657 729 840 600 756 570 161
internal_value=-5.26859e-05 0.00246286 0.011421 0.00157866 0.0204661 -0.000275851 0.000885744 0.000637649 0.000578104 0.0142634 -0.000877766 -0.00231359 -0.00834375 -0.00564752 -4.71581e-05 2.46501e-05 0.00805341 -0.000347672 -0.000204535 -0.00115676 -0.0029592 0.00121908 0.00328275 -0.00865441 0.0192807 -0.0226703 -0.0001647 -0.00365789 -0.0029358 0.00365013 -0.00702077 -0.00184115 6.44256e-05 8.1441e-05 0.00172355 0.000309582 0.000954607 -0.000553349 0.00620497 0.0116381 0.00171539 0.0019709 -0.000540675 0.0227583 -0.00244169 0.0111482 0.00126055 0.00588783 0.009153 0.027771 0.00548622 -0.00171081 -0.0237019 0.00847491 0.00561661 0.0078769 0.0125002 -0.00596764 -0.0152857 -0.00301553 0.0132286 0.000186094
internal_weight=55036.9 4482.8 482.185 231.237 250.948 50554.1 17252.1 16938.4 16916 313.654 33302 12202.3 1963.32 1652.76 21099.6 21060.1 933.854 20126.3 19947.5 10239 5823.25 4415.77 3437.62 366.586 84.074 310.557 506.815 440.318 1422.28 544.004 878.275 427.642 410.809 15448.2 7222.59 6280.91 6050.86 4700.08 1350.77 748.545 300.267 3204.99 602.227 105.566 42.7194 941.678 3099.43 1212.62 1036.78 170.261 866.519 1886.81 73.2368 738.092 643.643 605.418 192.03 1495.09 351.525 558.455 863.894 179.892
internal_count=227183 18241 1974 952 1022 208942 70822 69489 69181 1333 138120 51678 8434 7050 86442 86269 4296 81973 81237 43244 25009 18235 14181 1491 342 1384 2325 2056 5990 2346 3644 2005 1927 63147 29435 25537 24611 19144 5467 3019 1212 13075 2448 432 172 3898 12643 4985 4259 703 3556 7658 295 3030 2646 2489 779 6069 1440 2272 3581 731
is_linear=0
shrinkage=0.05


Tree=73
num_leaves=63
num_cat=0
split_feature=17 20 1 24 9 17 3 12 8 22 28 30 4 30 26 28 4 4 26 13 7 22 1 19 20 4 12 13 17 0 3 17 7 12 4 0 0 1 10 19 9 30 28 30 1 20 4 13 30 3 22 22 3 12 22 20 3 10 7 22 13 9
split_gain=11.5447 12.5954 12.349 11.9202 16.1381 21.7798 19.2845 17.4873 17.2107 22.0223 19.6832 18 16.2513 15.9639 17.6858 20.8319 29.1772 15.8482 15.2034 15.0604 16.3265 14.1351 15.2044 16.2365 29.0511 13.3972 19.1726 19.2023 15.7593 13.3228 17.5556 15.9156 17.1152 13.0377 12.7043 12.4076 16.2888 12.2536 11.702 11.6557 11.653 11.3104 13.8012 20.5224 13.2924 12.0619 10.9972 18.2456 22.9276 18.2329 12.0057 10.7836 14.7577 39.1364 24.2596 32.5517 28.1674 19.9164 20.7832 16.7884 20.5122 25.192
threshold=0.9999695381990984 0.0016967624487735924 132.8826901705624 13.619962527815986 0.086775546112363003 0.62565917683175787 -0.0033393115253717459 0.23777233429160613 4.4706679667170741 0.4489101441290419 0.37853842550587874 0.49540439623565996 -0.0051249134612699589 0.27392331932773117 22.578329983946116 0.34181792839595154 -0.00088056981200694562 -0.008388666327814381 21.791186425043865 0.38316069142678594 25.842857142857145 0.8281534059170107 82.729189928614133 0.97285633772295899 -0.019956449186668997 -0.0069143320621082227 0.14973486772728478 0.27009092788154393 0.29331470164344248 130.62575514167887 -0.001873913073852061 0.41861347309411207 105.66785714285709 0.19157858081601334 -0.0014833929103484904 290.67935156169 233.4270193286207 261.20091915064518 0.18701445347786813 0.82085547434855211 0.060633167163237058 0.76645716445434953 0.24466020705104788 0.47960015980290976 732.88508688046488 -0.0089312439350042166 -0.0039146741631562575 0.47328961557164501 0.067900811513839365 -0.010373900600535963 0.31229189741796842 0.61039312839651838 -6.4572071706722038e-06 0.017357954018233038 0.38196001499759419 0.032742013759768381 0.00013276314529736162 0.85223450051036265 1.352142857142858 0.30930097782986027 0.24721056583536363 0.072586642388265926
decision_type=2 2 2 2 2 2 2 2 2 2 2 2 2 2 2 2 2 2 2 2 2 2 2 2 2 2 2 2 2 2 2 2 2 2 2 2 2 2 2 2 2 2 2 2 2 2 2 2 2 2 2 2 2 2 2 2 2 2 2 2 2 2
left_child=3 -2 -3 4 13 8 -7 12 21 10 11 18 17 46 15 25 38 -8 -10 20 37 22 23 -6 -25 -15 -27 -28 -29 30 34 33 -33 -31 -24 36 -14 -11 40 -22 -17 42 -16 -44 45 -45 47 49 -49 -1 -51 52 53 57 55 56 -54 58 -5 -57 61 -61
right_child=1 2 -4 51 5 6 7 -9 9 19 -12 -13 35 14 41 16 -18 -19 -20 -21 39 -23 29 24 -26 26 27 28 -30 31 -32 32 -34 -35 -36 -37 -38 -39 -40 -41 -42 -43 43 44 -46 -47 -48 48 -50 50 -52 -53 54 -55 -56 59 -58 -59 -60 60 -62 -63
leaf_value=0.033334533512329304 -0.021740519023325546 0.029851221390937821 0.0060246608419664074 -0.044960123397313652 -0.035136183590068863 0.048622889080001071 0.0063487375172676126 -0.035540305649809367 -0.0089430186613320486 0.0050010740268288814 0.036597855232407391 -0.023331604773776479 0.0037266748365631579 -0.042823945549059397 -0.0093803158712412078 0.015573430630416055 -0.011301087520646172 0.049381328732363318 0.046342535356243046 -0.028941730408050117 -0.031569396323104709 -0.044939931239990599 0.081552408136572774 0.042583169132950412 -0.046904863914718681 -0.018052883737755661 -0.013944983699649277 -0.00082700242140360751 0.061400277102521633 -0.0084133824587477018 -0.014042501319900974 0.0064328391227539798 0.054185857870852894 0.0072708955713829439 0.02310496554419636 0.013359472547934841 -0.042577769874727729 0.051581382472208538 0.0011163055652548218 0.0072310683682390124 0.068128124825453315 -0.033971965309674203 0.043268343407050235 0.0011148552392633156 0.028284253731168624 -0.055944979046615662 0.0042126438435668946 -0.03751634298225881 0.043438261582992611 -0.0076078833790090995 -0.04370799354126742 0.00069979224151781353 -0.023881215347973227 -0.00030758652547838958 -0.0011557943272915649 -0.032190701526976194 -0.0020741927007622502 -0.023465407282917551 0.02623309958612053 0.019387108350028253 -0.00081340705487801819 -0.040825523645820233
leaf_weight=13.448101699352263 27.797316737473011 79.979434374719858 172.03261077962816 10.578913688659666 60.274773746728897 35.66771112382412 36.242474541068077 19.548022883012891 20.945961222052574 30.686958506703377 112.46484227664769 34.135162830352783 109.82697035931051 40.877743095159531 62.414373099803925 18.758986607193947 107.04233236610889 53.29129983484745 29.944950073957443 38.706882938742638 31.976370736956596 17.861612796783447 13.546217694878576 22.524002760648727 15.015731632709501 349.84927062690258 45.66190567612648 18.372841209173203 22.2676622569561 492.14953604340553 21.020006775856018 278.76066701114178 20.070805922150612 180.89335118606687 30.813478380441666 404.85329075716436 22.831584788858891 26.514277800917625 22.245802074670792 48.39006894826889 25.113391913473606 15.719938233494757 52.698941648006439 35.953807651996613 31.465214788913727 12.298848658800123 1258.5254597999156 12.521599486470221 28.142672270536423 40.267625272274017 55.074903443455696 17050.97282031551 162.35590369254351 21165.210716525093 9498.2290626075119 158.50770869292319 1684.4368601907045 25.094148300588131 235.62502403557301 21.549862325191498 168.7850622870028 86.367035828530788
leaf_count=55 178 579 1119 52 250 146 147 81 85 125 461 139 451 170 252 78 437 217 122 158 129 72 55 93 62 1422 188 76 92 1996 86 1131 81 738 127 1641 93 108 92 196 103 64 213 147 127 50 5108 51 114 165 226 69495 791 86257 39986 737 7046 148 1388 89 720 378
internal_value=-5.00214e-05 0.0100783 0.013615 -0.000101898 0.00236998 0.00541215 0.0128397 0.0108509 0.00208896 0.0114123 0.0228756 0.00464468 0.0123106 -0.000589964 -0.00595567 -0.0100369 0.00479371 0.0320444 0.0235168 -0.00140817 0.00631791 -0.000929928 -0.000229077 -0.019067 0.00662599 -0.0154308 -0.0128427 0.00821684 0.0332127 0.00154421 0.0233746 6.82512e-05 0.00967392 -0.00419005 0.0412089 0.00900882 -0.00423109 0.0267319 0.0309037 -0.00816485 0.045857 0.00662244 0.00993919 0.0190833 0.00299858 -0.013411 0.00268689 -0.0101219 0.0183567 -0.0208198 -0.0285376 -0.000322188 -0.000846947 -6.5434e-05 -0.00226863 -0.00689807 -0.0039952 0.0188007 0.0231368 -0.019201 -0.011733 -0.0287486
internal_weight=55025.2 279.809 252.012 54745.4 4477.68 2208.96 682.261 646.594 1526.7 373.765 197.491 85.0261 627.046 2268.72 860.741 650.19 173.161 89.5338 50.8909 176.275 137.568 1152.93 1135.07 97.8145 37.5397 477.029 436.152 86.3024 40.6405 1037.25 65.3797 971.874 298.831 673.043 44.3597 537.512 132.659 57.2012 66.1182 80.3664 43.8724 210.551 194.831 132.417 79.7179 48.2527 1407.98 149.455 40.6643 108.791 95.3425 50267.7 33216.7 21436.5 11780.2 2282 1846.79 271.298 246.204 435.21 276.702 107.917
internal_count=227183 1876 1698 225307 18220 8990 2776 2630 6214 1523 807 346 2549 9230 3511 2658 710 364 207 716 558 4691 4619 405 155 1948 1778 356 168 4214 268 3946 1212 2734 182 2185 544 233 273 325 181 853 789 537 324 197 5719 611 165 446 391 207087 137592 87845 49747 9761 7837 1588 1440 1924 1187 467
is_linear=0
shrinkage=0.05


Tree=74
num_leaves=63
num_cat=0
split_feature=17 11 20 13 20 22 26 29 18 22 21 20 21 0 4 26 8 30 8 8 4 21 30 10 25 4 10 4 17 30 30 2 1 1 26 2 25 21 26 25 18 30 13 23 8 27 23 13 4 27 30 20 30 4 22 20 25 26 0 30 2 4
split_gain=10.4739 16.785 9.81698 18.5222 13.2246 14.6819 21.8009 12.6022 11.4418 11.1091 20.183 18.9351 17.7168 16.3145 14.7272 14.452 13.7452 12.8023 18.7315 14.1695 12.4521 21.665 21.7125 21.1363 21.9786 19.5274 15.1156 14.1253 14.0863 13.746 15.1135 14.8223 18.3891 32.2804 17.0714 15.6252 16.7029 18.1685 14.9811 19.6635 20.8893 17.1564 16.6964 16.6825 14.7311 21.744 17.6623 17.3872 14.0544 15.0129 13.9164 13.6336 17.3223 13.9983 13.3091 13.3106 18.0393 17.4289 16.4235 14.4173 14.0668 13.6542
threshold=0.9999695381990984 -1.0000000180025095e-35 0.31928487591358351 0.14718611450535354 0.34545867674187952 0.84386979673181128 20.694705168017041 1.0000000180025095e-35 0.117513236645351 0.68421067204303043 -0.047132934319697388 -0.076979325336762425 0.59863790970933828 25.581014644250892 0.018521427545989889 12.248482658935199 5.5417978675783699 0.48346707161125324 6.2627292003276143 5.7253967364839538 0.00017807484227158485 0.078769708239471284 0.13891271202591962 0.90703717124135652 18.183525351954621 0.036649109927437293 0.15888657530708764 0.015055073918467683 0.2196414274890959 0.46777011704183985 0.44794463731604667 395.48261708183924 673.41355674522367 759.54924491343274 23.830746254861779 66.520902999562054 38.251974333164334 0.28724453012207846 12.796050042714279 28.009363583549597 1.4701656162992267 0.83724983919317464 0.10148357420764771 55.876634631757533 3.127570357857564 -3.5460528389470016 78.421244026243343 0.19346104541223216 0.0064566483202743311 2.921777508092108 0.83724983919317464 0.020556211495624813 0.91896710484536748 0.029982830087609158 0.85428795532151025 0.13014553308945423 35.895674580182565 28.475977162382843 214.94151182366281 0.23805588351042897 140.75014889810674 0.011392677378707602
decision_type=2 2 2 2 2 2 2 2 2 2 2 2 2 2 2 2 2 2 2 2 2 2 2 2 2 2 2 2 2 2 2 2 2 2 2 2 2 2 2 2 2 2 2 2 2 2 2 2 2 2 2 2 2 2 2 2 2 2 2 2 2 2
left_child=2 -2 9 4 -4 6 7 -6 -5 12 15 -12 -1 -13 -14 -11 -16 19 -19 -17 -15 22 26 24 -23 28 -22 29 -25 30 44 35 34 -34 -33 -31 38 -38 42 40 -40 43 50 -41 45 -26 47 -47 -32 -50 -37 52 -29 -53 55 57 -57 58 60 -60 -24 -61
right_child=1 -3 3 8 5 -7 -8 -9 -10 10 11 13 14 20 16 17 -18 18 -20 -21 21 23 54 25 27 -27 -28 51 -30 31 48 32 33 -35 -36 36 37 -39 39 41 -42 -43 -44 -45 -46 46 -48 -49 49 -51 -52 53 -54 -55 -56 56 -58 -59 59 61 -62 -63
leaf_value=-0.00034004700767728606 0.013605300611649516 -0.02822261316444917 -0.014678357163633266 -0.063428779554543166 -0.0047521778453962858 0.007155009178871876 0.052201055228819841 -0.033614703126102909 -0.014469792131615528 -0.044104573589042156 0.027485752960403165 0.031553166713030024 -0.029621777216743739 -0.001028924005488838 -0.018600192838355983 0.022222803524263285 0.04583176585535538 -0.0064470821007502751 0.04325287877324447 -0.016085063263106599 0.0065466766609539699 0.015249875803907922 0.0080125301541123083 0.06395391623320916 0.025105954980321234 -0.028196682598839753 0.027681761656360927 0.052281516365426051 0.010323870887193705 -0.015696685278379405 -0.050257475478369111 -0.010133896765230571 0.038176495807201651 -0.00022022174803225402 -0.068468216562914574 -0.0055873260784426587 0.058300758579899054 0.0018559499121138972 0.0091331207667056206 -0.031908979328292668 -0.030454620873874114 0.054643814304617934 0.014816509452577648 0.022865618304865502 0.0039744940074472089 -0.0086603438248318444 0.028107908120847958 -0.037565569720170222 0.01688107356301459 -0.050122577756060244 -0.043924938122561027 -0.013831392056494439 -0.0054752378848272696 0.0168092794494634 0.023293864417127386 -0.019666222224049477 0.022400658146509763 -0.026679861697502222 -0.010185620144744823 0.011769389834142699 0.050523085793143165 -0.0377579513590348
leaf_weight=41333.819656483829 252.16618367470801 26.343648158013821 145.75511662475765 12.582447824999688 111.4005941413343 427.03061660937965 13.027922019362448 57.593802805989981 228.86973148025572 11.23905026912689 66.575585499405861 42.77010852098465 91.222168818116188 5684.2390377260745 19.077114135026932 276.08331030607224 14.401552751660345 126.88935501873493 22.179989472031593 26.225558921694756 146.86401850730181 210.58806452155113 40.338852792978287 12.456335276365278 48.538911014795303 32.578389048576355 202.04746116697788 19.665312021970749 575.78008931688964 66.554315350949764 33.280906327068806 232.81261000782251 57.722705379128456 1021.7509998567402 13.205098643898962 99.434031169861555 34.647973362356424 24.504228800535202 286.56130012869835 15.377164438366888 37.570679888129234 38.586863860487938 74.640294022858143 131.96427699923515 479.13735538721085 625.40331596322358 29.856896540150046 56.820545881986618 24.858503215014935 12.444677921012042 31.155803725123405 460.10824234224856 37.414002627134323 40.333359181880951 79.552150309085846 125.41163255274296 31.789699856191874 39.526692405343056 128.10726210474968 314.341368958354 38.178973853588104 14.421780377626417
leaf_count=170779 1718 158 592 54 454 1757 55 236 949 46 271 188 371 23116 78 1147 58 521 91 110 641 852 163 51 199 132 814 79 2323 271 136 941 232 4117 53 407 147 100 1157 62 152 155 302 539 1954 2525 125 233 101 51 125 1867 152 163 320 507 132 159 516 1267 154 58
internal_value=-4.75456e-05 0.00962223 -9.68553e-05 -0.00501456 -0.00115078 0.00208024 -0.00979528 -0.0146322 -0.017067 -5.588e-06 0.00131506 0.000913567 -0.000396966 0.000762394 -0.0192081 0.0115599 0.00902161 0.0129665 0.000938282 0.0188788 0.000649243 0.00223297 0.00837155 0.00076762 -0.000491584 0.00938441 0.0188043 -0.00131487 0.0114787 -0.000128578 -0.00417229 0.00231492 -0.000976058 0.00183168 -0.0133119 0.00750726 0.00950959 0.0350451 0.0073863 0.0119781 0.00452104 0.0249417 -0.0040016 0.0170974 -0.00288537 -0.00721314 -0.0094264 -0.0110803 -0.0266692 -0.00541251 -0.0147987 -0.00870251 0.0143927 -0.011349 0.0038789 0.00175954 -0.0111187 0.00529091 0.00766513 0.00401908 0.0287847 0.00957076
internal_weight=55015.8 278.51 54737.3 996.26 754.808 609.053 182.022 168.994 241.452 53741.1 12282.5 11819.9 41458.5 11753.3 124.701 462.617 33.4787 451.378 149.069 302.309 11710.6 6026.33 1160.58 4865.75 4244.94 620.815 348.911 4034.35 588.236 3476.83 1310.34 2166.49 1325.49 1079.47 246.018 840.997 774.443 59.1522 715.29 510.06 324.132 185.928 205.23 147.341 1239.76 760.62 712.081 682.224 70.5841 37.3032 130.59 557.521 57.0793 500.442 811.668 732.116 157.201 574.915 535.388 456.87 78.5178 328.763
internal_count=227183 1876 225307 4097 3094 2502 745 690 1003 221210 49924 48009 171286 47738 507 1915 136 1869 612 1257 47550 24434 4731 19703 17197 2506 1455 16345 2374 14084 5324 8760 5343 4349 994 3417 3146 247 2899 2065 1309 756 834 601 5036 3082 2883 2758 288 152 532 2261 231 2030 3276 2956 639 2317 2158 1841 317 1325
is_linear=0
shrinkage=0.05


Tree=75
num_leaves=63
num_cat=0
split_feature=30 28 11 28 28 22 26 13 24 6 25 2 11 26 13 27 13 2 28 0 0 19 7 2 0 13 4 28 28 22 11 24 12 0 12 4 7 24 10 28 10 0 22 12 12 26 12 6 28 6 25 26 7 30 7 27 30 12 24 4 28 4
split_gain=11.6107 48.5135 34.5513 23.4076 22.7855 21.7974 22.043 25.0172 22.4884 22.2404 21.2737 25.8606 22.7479 20.5717 19.6767 19.1642 18.7146 18.4484 18.298 18.2351 17.7269 17.7213 20.1553 17.2005 17.0456 16.5863 20.1756 30.9837 27.9566 24.6745 22.7711 20.5116 23.7798 20.0368 23.0828 16.8662 19.0429 17.7771 16.5545 24.6519 16.7004 20.4382 16.449 17.8062 16.1323 18.1068 15.9762 23.4343 17.2401 15.9728 15.913 15.8251 17.3914 19.5494 18.3064 18.1057 22.1067 16.0988 15.3558 15.2506 23.9936 26.0234
threshold=0.66851340290566819 0.38084117995241007 0.059442741613598034 0.46388360440207754 0.3223943192249869 0.54490813327853471 26.307652539569848 0.26432182240784241 31.137669398837463 0.97560011606128672 11.944733647030967 508.05937508509857 -0.011146341719572902 36.683531707573792 0.15234091092626997 4.0842763089226732 0.29254979738928649 1569.7877412294777 0.089326510212315621 409.31313398636024 890.76296905417018 0.44867528462066547 1.2167857142857141 7144.4989380893576 1535.1798492826449 0.89992830389183431 -0.0024894032976381171 0.40518809874713829 0.3440159799987777 0.7011711441268984 0.59852484472049705 13.742664827106584 0.18098069779357609 637.25276124474919 0.159673097619805 -0.010013747230003317 10.482142857142861 36.159459732812742 0.40878335904908858 0.50996033016849918 0.74270958826447464 42.631762829934509 0.46862763472688412 0.18676369724844669 0.63190727024324633 26.523878423622385 0.16483452882341645 0.95370708400089244 0.20440960061446858 0.99870305286311434 17.290114534865719 11.799296102040017 4.4717857142857147 0.68787948201087301 3.650357142857144 -0.68882818009981228 0.80191657616593004 0.36168536273120505 26.208096773844684 1.0000000180025095e-35 0.23497681971057896 0.0037950450280451087
decision_type=2 2 2 2 2 2 2 2 2 2 2 2 2 2 2 2 2 2 2 2 2 2 2 2 2 2 2 2 2 2 2 2 2 2 2 2 2 2 2 2 2 2 2 2 2 2 2 2 2 2 2 2 2 2 2 2 2 2 2 2 2 2
left_child=1 14 3 23 -2 6 7 24 16 -9 11 -6 20 -10 46 -13 -8 -17 19 -16 -12 38 -23 -3 42 26 27 35 -28 -30 31 32 -29 51 -35 36 -24 50 39 -14 41 -40 43 -4 45 -36 -1 48 -48 -31 -37 -33 54 -54 55 57 -57 -53 -42 -20 61 -61
right_child=4 2 5 -5 10 -7 8 9 13 -11 12 15 21 -15 18 17 -18 -19 59 -21 -22 22 25 -25 -26 -27 28 30 29 49 -32 33 -34 34 44 37 -38 -39 40 -41 58 -43 -44 -45 -46 -47 47 -49 -50 -51 -52 52 53 -55 -56 56 -58 -59 -60 60 -62 -63
leaf_value=0.0012988617523401417 -0.021113534039384485 0.0044644716534146299 0.049415838325444744 -0.023565531732848907 0.011665039380771694 0.026175083975280899 0.0034719576725418103 0.01175706595107495 -0.0064784158024845167 -0.020602313576350811 0.013200693015946658 0.0040920030141800619 -0.017755665178991596 0.035781745760315203 0.0020277650177855876 -0.02933903936830556 0.032891084439244087 0.0017991155080564628 -0.0017130803077494408 -0.037357652701094139 -0.0043951232553282489 0.018504012429699339 -0.0098096815744684474 -0.047985278431350947 0.054957130342727867 -0.018064520896072741 0.015646152077397713 0.039079028038570524 -0.006899408342126297 0.006552214520295265 0.054452543460069031 -0.047057373779188776 0.0034189104550159041 0.02150628885806416 -0.0025283721809619131 0.011991355293213331 -0.052432018281097274 0.033693051802933548 -0.038906671244429654 0.0069172580950072303 -0.0072516491536576315 0.010948443247937874 -0.019228984119723829 -0.01077602342726326 -0.026969947863012374 0.0127836326900696 -0.0027159162807031956 -0.018071838296903817 0.042464607285966766 -0.0027372670013473474 -0.015879641709751129 -0.015464498168850916 0.023302278978948956 -0.0061645213695450136 0.030711810107229998 -0.022505201333902464 0.033579381036163918 0.0237733204378025 0.0053621415437077932 -0.0012034796461602344 0.0061747506487339629 -0.030492379523665333
leaf_weight=17839.490671815351 142.89253133535385 784.53746039792895 31.752679778262973 89.254480332136154 690.5872737467289 275.13198174163699 72.669393563643098 82.052037257701159 133.99472814798355 149.4108998272568 444.46923353895545 343.99934065341949 229.72223223932087 36.54975551366806 50.587341621518135 107.59763722121716 215.83729172870517 84.662591904401779 15354.871976269409 69.242797803133726 210.51878309436142 110.72700464725494 58.452976122498512 15.836547480896114 26.251050114631653 177.93240986019373 178.74011753499508 78.616567879915237 4488.6192620322108 528.83317179232836 20.924570381641388 19.609465243294835 116.02915488928556 204.2095902133733 427.5046289358288 65.800111368298531 48.017535239458084 25.651150092482567 20.979270953685045 180.51365076005459 426.34849444031715 776.32361656613648 32.130455583333969 19.760914593935013 43.208352528512478 351.31586574949324 71.354456529021263 241.35813383758068 29.7769725471735 3686.2926442790776 227.47112229466438 134.39967902936041 59.011292025446892 1155.6434835493565 70.858826920390129 23.204239973798394 70.486857883632183 32.275232344865799 555.5381732583046 985.61732662282884 1632.0397748705 82.110339637845755
leaf_count=74763 580 3221 131 363 2830 1130 298 338 571 613 2158 1399 937 155 204 438 926 342 62851 400 888 465 238 65 106 728 723 320 18330 2134 84 87 474 838 1749 268 195 104 87 735 1727 3152 130 82 177 1454 288 973 120 14900 932 556 250 4763 291 100 292 131 2253 4016 6665 336
internal_value=-0.000134657 0.000343898 0.00799563 0.000699749 -0.00123852 0.0140251 0.00983968 0.000202136 0.0169938 -0.00910942 -0.00106571 0.0052673 -0.00157561 0.00256481 -6.95832e-05 -0.00296292 0.0255021 -0.0156074 -0.00123315 -0.0207012 0.00753781 -0.00198503 -0.00271724 0.00341457 0.0198502 -0.00290894 -0.0026858 0.000695107 -0.0039168 -0.00431929 0.00260216 0.00220905 0.0178602 0.00103103 0.00646195 -0.011876 -0.0291102 -0.00609951 0.00216082 -0.00688776 0.00425027 0.00962563 0.00871998 0.0262529 0.00271637 0.00437301 0.00109323 -0.00960024 0.0105664 -0.00157049 -0.00960734 -0.00252613 -0.00195501 -0.00472703 0.00819367 0.00203671 0.0196266 -0.00782674 -0.000110026 -0.00110355 0.00236122 -0.00346318
internal_weight=54939.6 38321.6 1965.17 889.628 16618 1075.54 800.409 341.358 459.051 231.463 16475.1 1226.85 15248.2 170.544 36356.4 536.26 288.507 192.26 18174.5 119.83 654.988 14593.3 12403.8 800.374 109.895 12293.1 12115.2 3232.69 8882.49 8703.75 2807.3 2786.37 194.646 2591.73 1026.24 425.393 106.471 318.922 2189.43 410.236 1779.19 797.303 83.644 51.5136 822.029 778.82 18182 342.49 101.131 4215.13 293.271 1565.49 1545.88 1214.65 331.225 260.366 93.6911 166.675 981.887 18054.6 2699.77 1067.73
internal_count=226854 158745 8129 3649 68109 4480 3350 1400 1950 951 67529 5009 62520 726 150616 2179 1224 780 74472 604 3046 59474 50583 3286 449 50118 49390 13303 36087 35364 11566 11482 794 10688 4218 1737 433 1304 8891 1672 7219 3239 343 213 3380 3203 76144 1381 408 17034 1200 6470 6383 5013 1370 1079 392 687 3980 73868 11017 4352
is_linear=0
shrinkage=0.05


Tree=76
num_leaves=63
num_cat=0
split_feature=20 10 9 8 7 7 2 22 0 9 0 24 28 2 3 8 28 24 0 2 7 7 22 19 24 28 24 24 9 6 0 2 8 28 2 24 3 22 24 28 28 24 28 6 11 13 24 8 9 10 12 2 23 22 9 20 10 13 6 25 9 8
split_gain=12.5143 25.2432 41.3691 23.3982 14.0723 14.3327 16.3939 13.7975 15.456 15.308 19.5673 19.9744 18.8813 17.2137 19.4063 17.2031 16.1756 27.3995 18.7653 22.5634 14.736 19.6522 14.6147 14.1403 16.9442 13.551 13.3259 13.067 12.9454 12.8856 12.982 12.2308 12.0305 14.1312 11.7747 14.9139 11.8213 14.3678 13.6679 12.1999 14.1431 14.2522 13.8021 11.9604 11.7679 13.1401 17.2136 11.6816 19.472 70.6002 27.1408 21.7458 15.3833 16.4496 14.972 40.6377 37.3106 29.94 26.7999 23.9744 20.4647 19.3037
threshold=0.21273269254907837 0.88363942971025622 0.37320612146877896 4.0919454391875485 2.6571428571428584 530.96071428571452 1466.2047021663091 0.77122059466990056 25.581014644250892 0.26629559509602968 1535.1798492826449 57.165555102433522 0.7082966461515966 3944.7478287170902 -0.0026915955360183575 3.7491821702470585 0.33566608512782992 36.684252233152307 983.64551026273978 594.71002103565127 32.365476190476222 53.18571428571429 0.83364963393202307 0.86351508973340463 21.152998213384276 0.99677239333104439 27.106356260350402 21.514049167384467 0.17451074889713977 1.0808926877692666 179.63015683049517 692.30849770227849 7.1860961758085944 0.4710848464590654 631.4615694173292 11.44016352315141 0.040351848864422786 0.96170631645392424 45.412432326737125 0.12742837919854946 0.14078332149444681 18.661483994988888 0.15242970551382054 1.0107910611652031 0.084355161786183921 0.28623496010515287 36.413913783281359 4.1797930032254653 0.25458572409095842 0.69258924385506671 0.036794998606432226 6254.2421453712259 85.065615332681702 0.32481660819366703 0.18140228277485065 -0.11788397817911782 0.63731482157191877 0.89992830389183431 0.89574667686463416 39.515070366124171 0.22158023759315235 6.1178648590059916
decision_type=2 2 2 2 2 2 2 2 2 2 2 2 2 2 2 2 2 2 2 2 2 2 2 2 2 2 2 2 2 2 2 2 2 2 2 2 2 2 2 2 2 2 2 2 2 2 2 2 2 2 2 2 2 2 2 2 2 2 2 2 2 2
left_child=7 2 -2 26 -5 6 -6 47 -9 10 11 12 32 23 -15 -14 18 25 19 -11 22 -22 -17 24 28 -18 -3 -23 -12 -28 -31 -19 34 -34 36 -36 39 38 -38 -10 41 -41 43 -42 45 46 -8 48 52 -50 -51 -52 -1 -54 55 -49 58 61 -56 -58 -60 -57
right_child=1 3 -4 4 5 -7 44 8 9 16 13 -13 15 14 -16 20 17 31 -20 -21 21 27 -24 -25 -26 -27 29 -29 -30 30 -32 -33 33 -35 35 -37 37 -39 -40 40 42 -43 -44 -45 -46 -47 -48 54 49 50 51 -53 53 -55 56 57 59 -59 60 -61 -62 -63
leaf_value=-0.00061821572058130131 -0.0086921246545814141 -0.021506390971531824 -0.068335883650989554 -0.033387029585282488 -0.0032373139725358083 -0.04759254299258945 0.052015687165083584 0.03931481425803731 0.019593712421162805 -0.0046098257547280679 -0.021536634496774471 0.02958098102075369 0.012727448305634778 -0.042874145166739222 0.010627159773934497 0.005416228677987656 0.024298657913662938 -0.0098117352745679311 0.019663568415760724 -0.05889936322379738 0.014573766172488067 0.017451159802153875 -0.031322884807745872 -0.0086650461439014247 0.011637468327969134 -0.0067223395462197334 -0.0039400425988720452 -0.035069492843845453 0.027515587727112874 0.043834631687099744 0.014238341604191044 0.020043824715124288 -0.062141143138440394 0.0095982648858856379 0.057356370508741684 0.0079566722790420097 0.015296778206839147 0.061701807341570929 -0.030747042757225135 0.011267245726464897 0.070569629435595901 -0.04394462584502315 0.00068326519537531202 0.012928412432745348 0.045380263145161297 -0.02023718462755052 0.00095796431002276501 0.017682362746104636 -0.071401243606117867 0.019713682428236221 -0.010223410340328884 0.037396980783251661 -0.0650930486565654 0.031341993982463158 0.028679921766537469 0.0013465771522382603 0.0011649061519289736 -0.032475481430854831 -0.010844307360649667 -0.017417371545388586 -0.039643975144047265 0.014163880233310786
leaf_weight=31828.222082532942 753.46514373645186 28.135106205940247 30.176521137356758 36.966390546411276 1431.0877730306238 17.112653777003288 25.656077785417438 27.846852645277977 88.200164064764977 112.85174107551575 82.38203489780426 69.478728085756302 79.783677846193314 17.910019233822823 280.95417040586472 33.955210402607918 329.97651351056993 140.6660833209753 59.96246343664825 23.020761147141457 81.42754527926445 15.415166988968847 128.73322673141956 1035.267804838717 208.23686508834362 39.091694876551628 74.15105365216732 48.82818004488945 15.901868373155592 45.76336651109159 200.30183463543653 45.208743825554848 14.844068780541422 12.45915265381336 15.480482384562491 908.2570146471262 149.08207057416439 14.78102286159992 17.914927110075951 17.490777939558029 12.147240027785299 34.191932126879692 2298.7438540160656 35.409451395273209 26.074235752224922 29.616526432335377 46.559280186891556 436.41284091770649 42.054098516702652 97.380487574264407 656.98340712487698 24.74424472078681 4.6599036045372477 58.514686141163111 38.968153923749924 4411.4794533774257 6884.8082428127527 62.961647853255272 579.62193633057177 177.94452854245901 69.16819934733212 314.76944069005549
leaf_count=131141 3083 116 164 152 5866 69 104 127 386 455 331 385 321 72 1129 138 1334 567 243 93 327 62 524 4163 836 159 302 196 64 333 1063 182 60 50 63 3666 600 60 73 71 50 138 9281 143 105 122 187 1840 226 414 2698 101 74 645 168 18237 28295 259 2381 753 311 1296
internal_value=-0.000127944 -0.00341843 -0.0110037 -0.000384954 -0.00292535 -0.00220565 -0.00170123 4.5056e-05 0.00220129 0.00204013 0.00115758 0.00301388 0.00255127 -0.00345173 0.007391 -0.00792346 0.0087531 0.0131142 -0.00357998 -0.0138814 -0.0132852 -0.0016942 -0.0236256 -0.00587089 0.00354976 0.0209984 0.0113617 -0.0223819 -0.0135295 0.014271 0.0197786 -0.00251646 0.00367627 -0.0293066 0.0039292 0.00879607 0.00224198 0.0145498 0.010312 0.00133954 0.000665255 -0.0251773 0.00123768 0.0278736 0.0154355 0.00768198 0.0192133 -0.000261406 -0.000765031 -0.00836723 -0.00494968 -0.0084824 -0.000569102 0.0240581 0.00100783 0.00307631 -0.000386173 0.00174396 -0.0115028 0.000695782 -0.013928 0.00220155
internal_weight=54929.7 2745.07 783.642 1961.42 1613.07 1576.11 1558.99 52184.6 6495.9 6468.05 5717.28 4076.62 4007.15 1640.65 298.864 388.143 750.778 554.943 195.835 135.873 308.359 145.671 162.688 1341.79 306.521 369.068 348.351 64.2433 98.2839 320.216 246.065 185.875 3619 27.3032 3591.7 923.737 2667.96 181.778 166.997 2486.18 2397.98 51.6827 2346.3 47.5567 127.906 101.832 72.2154 45688.7 32712.6 821.162 779.108 681.728 31891.4 63.1746 12976.1 5225.62 7750.51 4789.21 687.758 7062.75 648.79 4726.25
internal_count=226854 11666 3247 8419 6605 6453 6384 215188 26349 26222 23189 16594 16209 6595 1201 1568 3033 2242 791 548 1247 585 662 5394 1231 1493 1814 258 395 1698 1396 749 14641 110 14531 3729 10802 733 673 10069 9683 209 9474 193 518 413 291 188839 135299 3439 3213 2799 131860 719 53540 21632 31908 19792 2860 29048 2692 19533
is_linear=0
shrinkage=0.05


Tree=77
num_leaves=63
num_cat=0
split_feature=20 10 9 17 1 2 1 30 7 24 17 30 0 9 4 3 7 21 1 17 22 21 10 21 7 4 24 4 22 30 21 4 12 7 20 24 7 21 1 24 24 24 30 2 7 4 26 28 4 28 20 6 6 13 26 30 6 26 7 3 28 21
split_gain=11.3067 22.8215 38.3987 14.0806 16.1669 14.3319 23.6329 17.5312 17.3446 15.6212 15.1157 14.5125 17.7297 16.5975 18.8138 17.797 14.5787 13.9344 13.487 13.9102 12.4618 15.703 19.3676 15.4531 15.1464 18.7728 18.3489 16.7548 17.0439 16.3084 15.883 15.1173 13.8483 13.6244 14.9577 14.1623 13.5335 15.5609 15.8388 14.8171 12.9038 18.9532 14.2676 12.2598 16.3899 11.9133 11.8781 14.2139 18.2271 13.671 15.6301 18.6533 14.9097 13.0336 11.7205 11.6939 12.9204 13.8017 12.7988 12.2861 12.0338 11.6895
threshold=0.21273269254907837 0.88363942971025622 0.37320612146877896 0.97831007537491077 132.8826901705624 1466.2047021663091 767.79434790450273 0.98906106657093862 5.7939285714285695 23.077280228209194 0.93983546144028518 0.97366253359923716 448.65834582786073 0.39585138187143482 0.029982830087609158 0.011428404795861409 39.432142857142885 0.97308262277183832 5533.059633746273 0.5823295107397507 0.77122059466990056 0.44912709983233029 0.9541665393090456 -0.042206590688602101 5.9364285714285758 0.015691207473290881 14.453951608154798 0.0010666123285092081 0.93637807733202483 0.75864918780279289 0.063551641548986196 0.013888342253278068 0.39986331059510044 7.8750000000000018 0.11638726201525386 31.318910933383734 82.330357142857096 0.012987553907716 1530.8884333440076 11.195214912071693 30.128440040577157 54.350978369424652 0.92696140693698104 3072.6245851897711 66.248214285714297 0.0084769429616511818 12.248482658935199 0.54456620277765 0.0076210331513803598 0.42181322051626519 0.080221122742967346 1.0966228373154647 1.0200881257637779 0.42933481255143979 8.1108033064310856 0.7271045154222725 1.0761774610690773 8.1108033064310856 42.732142857142811 0.028833713131529753 0.47918218412395219 1.0000000180025095e-35
decision_type=2 2 2 2 2 2 2 2 2 2 2 2 2 2 2 2 2 2 2 2 2 2 2 2 2 2 2 2 2 2 2 2 2 2 2 2 2 2 2 2 2 2 2 2 2 2 2 2 2 2 2 2 2 2 2 2 2 2 2 2 2 2
left_child=20 2 45 5 -5 6 7 8 10 -8 -3 13 -13 14 -10 -15 -14 18 19 -11 21 61 -23 43 26 27 30 33 46 31 -25 -28 -24 34 -26 -36 39 -38 -39 -35 42 -42 -31 44 -22 -2 47 48 49 50 52 -52 -29 -48 -30 56 57 -50 -59 -60 -57 -1
right_child=1 3 -4 4 -6 -7 9 -9 11 17 -12 12 16 15 -16 -17 -18 -19 -20 -21 23 22 32 24 25 -27 29 28 54 40 -32 -33 -34 36 35 -37 37 38 -40 -41 41 -43 -44 -45 -46 -47 53 -49 55 -51 51 -53 -54 -55 -56 60 -58 58 59 -61 -62 -63
leaf_value=0.00037843885527707137 -0.0052991139979090239 -0.022987105838987346 -0.066281788102924066 0.032372152993214685 0.0030379606107614316 0.011341901983328096 -0.051045170925029706 -0.039116407643717648 0.007072267042572123 0.047081104506156275 0.01984323479140843 0.067846910797669732 -0.028748104065645777 -0.048158512392953934 0.06980015083700862 -0.0023633864548464421 0.040801508466303288 -0.049749111974718874 -0.058467579782109827 -0.0088919865780266814 0.022640667489175936 -0.0150379099359653 0.037281635684885857 0.018713146513765457 -0.03229833829979159 -0.0087214472489778091 0.0072012389548740813 -0.033580353894507746 -0.023977360871018011 0.042432332376217276 -0.038363992694527282 -0.039882109499835401 -0.022777633311988722 0.041773304560616099 0.018050310165093588 -0.04238890664155933 -0.045080963751474884 -0.033100396610691481 -0.0026244188975217009 0.0012604469921835718 -0.0024631050729679691 0.052641483043507367 -0.0044742077072343527 0.067872365387449535 -0.037508540042277688 -0.021676916877769847 0.0051030171727517075 -0.024132731560439977 0.057546003499306775 0.040999823932198913 -0.024268730531342517 0.024287585258246949 0.020301668298923704 0.055393824169146046 0.02173829871760613 -0.022257469188761647 -0.0061035102646835176 0.031112004691899859 -0.032243705936387729 0.02366398221844869 0.021780234275401062 -0.0013508453390655868
leaf_weight=31066.456927729771 617.43443773500621 117.14808763749897 29.574541492387652 64.572668991982937 173.40514393150806 181.337341921404 27.249294623732567 27.955970339477062 440.93217152357101 11.419889176264403 24.785765061154962 18.734119638800621 15.032975375652315 22.113852560520172 12.212183386087416 482.86143223755062 14.862230911850927 22.382242433726788 13.089987143874167 289.8474650606513 85.414147645235062 316.07986141741276 32.540020510554314 17.92130109667778 70.77810925245285 469.89389923401177 535.95260214060545 16.340580731630325 14.94385229051113 89.59157332777977 37.097732067108154 17.482397675514221 13.408107310533522 22.757042229175568 38.959843099117279 12.777320489287375 25.567724093794823 46.541442155838013 504.09267953038216 1863.9139844849706 76.201230153441429 19.474500060081482 19.536421716213226 12.174223870038984 12.908378869295118 135.77224378660321 1709.5253680869937 68.517844771966338 26.39468252658844 13.105164855718611 169.55572719871998 22.206914097070694 57.954232439398766 12.904309421777723 191.46315231919289 45.162812262773514 43.577818095684052 60.86034831404686 20.436960712075233 18.682159617543221 23.422642305493355 14256.050086840987
leaf_count=128961 2525 488 164 414 969 732 110 116 1790 47 106 78 62 90 51 1988 60 93 53 1172 355 1279 133 78 285 1900 2319 66 60 376 152 72 55 92 157 52 103 187 2024 7497 312 81 79 50 53 558 6878 277 106 53 688 90 234 52 770 181 175 244 82 75 94 58411
internal_value=-0.000121519 -0.00325061 -0.0104672 -0.000365443 0.0110287 -0.00194358 -0.00351121 -6.22703e-05 0.000887176 -0.0146435 -0.0154638 0.00319865 0.0298234 0.00183912 0.00878883 -0.00438788 0.00568215 -0.0116688 -0.00892657 -0.00673875 4.28685e-05 -0.000248367 -0.0106192 0.00209239 0.00177047 0.000838797 0.00814483 0.0017207 0.00462653 0.0101729 -0.0196814 0.00569796 0.0196358 -0.00110422 -0.0173719 0.00297444 -0.000292282 -0.00700013 -0.00521497 0.00175395 0.0222322 0.00874431 0.0339928 0.0206268 0.014663 -0.00826048 0.0033927 -0.00274888 7.57403e-05 -0.00858554 -0.0110612 -0.0186099 0.00835431 0.00548589 0.0183943 0.0102324 0.0172709 0.0253691 0.0167754 -0.00542406 -0.00713553 -0.000165393
internal_weight=54921.4 2742.72 782.781 1959.94 237.978 1721.97 1540.63 1176.64 1148.68 363.989 141.934 1006.75 48.6293 958.12 453.144 504.975 29.8952 336.74 314.357 301.267 52178.6 45684.5 362.028 6494.09 6383.59 5570.34 813.258 5100.44 2515.05 758.239 55.019 553.435 45.9481 2585.39 122.515 51.7372 2462.87 576.202 550.634 1886.67 204.804 95.6757 109.128 110.497 98.3225 753.207 2308.65 586.218 517.7 279.163 266.057 191.763 74.2948 1722.43 206.407 238.537 169.952 126.374 99.9795 39.1191 68.5855 45322.5
internal_count=226854 11666 3247 8419 1383 7036 6304 4829 4713 1475 594 4119 200 3919 1841 2078 122 1365 1272 1219 215188 188839 1467 26349 25891 22422 3469 20522 10125 3239 230 2391 188 10397 494 209 9903 2314 2211 7589 848 393 455 458 408 3083 9295 2365 2088 1131 1078 778 300 6930 830 957 682 507 401 157 275 187372
is_linear=0
shrinkage=0.05


Tree=78
num_leaves=63
num_cat=0
split_feature=30 28 17 28 22 28 25 2 17 13 21 22 4 30 28 6 6 28 22 4 7 1 17 28 4 26 10 2 7 6 4 19 3 12 12 9 19 13 26 12 3 28 30 10 7 7 30 7 19 30 9 28 9 25 4 13 30 2 1 0 3 7
split_gain=10.4269 43.5061 28.406 20.624 20.1753 19.9948 18.9832 23.2966 18.3533 17.6225 22.2409 45.7192 21.017 25.3743 40.0994 23.5717 23.534 27.3976 26.6074 24.9329 21.7231 21.663 19.6925 19.3011 22.694 18.0805 17.7486 17.6065 21.3484 31.5757 16.968 16.6286 17.763 16.5888 16.5209 16.3563 16.5787 16.295 29.1419 19.9362 22.3232 28.801 50.8107 21.6017 21.0199 19.7374 19.5454 27.9545 21.2065 19.214 18.2676 18.2137 21.9442 24.7139 19.4004 19.055 20.4983 18.1453 19.2371 18.0713 17.8975 23.8572
threshold=0.66851340290566819 0.38084117995241007 0.70904563608026538 0.3223943192249869 0.85957343342412107 0.46388360440207754 11.944733647030967 508.05937508509857 0.93602768391751001 0.15234091092626997 -0.13071431287008742 0.31855627316858109 1.0000000180025095e-35 0.39239458462570215 0.28544791832160221 1.0249155487277553 0.96656513202220018 0.21872649331702407 0.2110259257098365 -0.0045555946568478648 150.10357142857151 144.67800775294117 0.13422818791946309 0.23497681971057896 0.0027560608602073358 22.907180991219928 0.044208291051227123 1304.4929528930268 1.9246428571428569 1.0237882841286587 -0.00080644749258654128 9.1326808117715572 -0.0026915955360183575 0.10757846378465413 0.2756760352581557 0.029706585748008097 7.9106033876118369 0.0204679243655632 24.471112773477952 0.074625655898611337 0.0073467834022324131 0.50996033016849918 0.81381144534115923 0.36919180338120955 1.352142857142858 46.29821428571428 0.83724983919317464 12.525000000000009 0.49087232929879049 0.73897383027285002 0.065170588634234097 0.4710848464590654 0.1197372192251283 14.306408084216811 0.0054920219845687917 0.14879519903779057 0.74300267278026755 2592.2556673953563 1447.6068080986083 100.01955056782099 -0.030546725408827618 1.6935714285714296
decision_type=2 2 2 2 2 2 2 2 2 2 2 2 2 2 2 2 2 2 2 2 2 2 2 2 2 2 2 2 2 2 2 2 2 2 2 2 2 2 2 2 2 2 2 2 2 2 2 2 2 2 2 2 2 2 2 2 2 2 2 2 2 2
left_child=1 9 4 -2 -3 -4 7 -5 37 -1 11 25 13 15 16 35 18 -18 -15 -19 22 -20 -16 24 -14 -11 -27 28 29 -25 -17 32 -32 -34 -24 -12 -37 38 45 44 41 42 43 -41 -39 -8 47 -43 -49 -47 -50 52 -45 -54 -53 56 -55 58 59 -46 -48 -62
right_child=3 2 5 6 -6 -7 8 -9 -10 10 12 -13 23 14 20 30 17 19 21 -21 -22 -23 34 27 -26 26 -28 -29 -30 -31 31 -33 33 -35 -36 36 -38 39 -40 40 -42 46 -44 51 57 49 60 48 50 -51 -52 54 53 55 -56 -57 -58 -59 -60 -61 61 -63
leaf_value=0.0010471199773809041 -0.020081830728326439 0.011221924743675608 0.0027703293285435307 0.011062024041964847 0.053711260267864269 -0.02304801165237403 -0.0047889052672168315 -0.0028242890780604529 0.0050191781389578392 0.0086780773754537299 -0.033422727676331969 0.010257416776002795 0.00010488106978053312 -0.024675976887117767 0.0064091742688721521 0.010191911948660204 -0.048903695947849532 -0.025844133755983285 -0.031450573376627315 -0.009146345158514136 0.020587468425700074 0.011905193004390274 -0.004775236161793029 0.062743900501404659 -0.019262543762578577 -0.057677245389734601 -0.0026182737151302237 0.013629054748717603 0.0005727401569485211 -0.031487137943507167 -0.048087298001360357 -0.049485821842351507 -0.0038506592585457948 0.03009134000323101 -0.036441602781405603 -0.0018937549766727152 -0.02584918714270833 0.041955338054646706 0.016113808536213657 -0.0092120298893810463 -0.0066111571875398321 -0.0041504891894166363 -0.0210675139281934 0.011156794423994122 -0.018586641240126489 0.0054892766183982419 -0.0054593760848264845 0.033164425030719862 -0.051403047675112758 -0.024260519048655633 0.01149791304160298 0.013125626076054676 0.010733200002580863 0.020907520661377368 -0.028690340657885855 -0.0092674310389528284 -0.012882925212120934 0.015085881021460008 -0.0085771673491578417 0.003753830672593435 0.037375506426071868 0.0015518150795162098
leaf_weight=18177.961113313213 142.72830398380756 1204.6276035811752 645.08976158313453 690.04609771072865 28.581124275922775 84.74735900759697 584.82701934501529 536.2101072371006 1013.6082362923771 386.8954320307821 42.041088469326496 1208.6562710255384 866.84253294207156 93.09696364402771 423.57014001905918 689.01292807795107 61.877574652433395 333.04149264097214 32.821517124772072 685.13922441005707 97.995779784396291 228.63902108371258 2006.8474593851715 31.435098640620708 182.99688913859427 14.635809049010275 2426.2606201097369 466.77030999585986 1043.4495121464133 12.22972711920738 18.558239161968231 19.058028310537338 188.33019150048494 44.365635722875595 42.011092573404312 6450.465346859768 72.98113158531487 32.975280299782753 113.65098251402378 835.43334016762674 2467.1181728094816 285.75140704959631 411.42695841193199 274.22179417312145 94.8389200437814 64.755617514252663 1081.5087270364165 125.83239746838808 11.763318434357641 326.03581880964339 398.65178120136261 365.4001116938889 235.77424454689026 116.17208716273308 29.855210155248642 1138.4870663322508 72.82969756424427 236.16770403087139 465.39445472694933 1920.7605316024274 47.278969660401344 2484.9436971452087
leaf_count=76144 580 5017 2652 2830 115 345 2367 2179 4535 1592 289 5019 3536 379 1718 2837 256 1368 134 2825 399 924 8274 129 749 60 9896 1894 4270 51 76 79 776 184 173 26284 301 143 459 3442 10168 1178 1671 1114 387 260 4380 517 48 1315 1639 1505 960 467 120 4648 293 956 1879 7771 193 10105
internal_value=-0.000115467 0.000338009 0.00758817 -0.00116206 0.012215 -0.000223546 -0.000997592 0.00498609 -0.00147956 -5.34326e-05 -0.00115474 0.00211797 -0.00208977 -0.00300619 -0.0062216 -0.00129407 -0.012919 -0.0165884 -0.00172545 -0.014615 -0.00248133 0.00643362 -0.00339849 0.00196638 -0.00326779 -0.00135947 -0.00295281 0.0055059 0.00201257 0.0362256 0.00602502 -0.00457755 -0.00113296 0.00260937 -0.00542873 -0.00236435 -0.00216292 -0.00194311 -0.0078205 -0.00145518 -0.00245805 -0.00116287 -0.00456848 -0.0023538 0.00232902 -0.0106151 0.00150756 0.0084662 0.0151981 -0.0193179 0.00967078 0.000210434 -0.00188189 -0.00417285 0.00994799 -0.00682468 0.00786039 0.00184475 0.000581746 0.00269931 -7.40952e-05 0.0022241
internal_weight=54915.5 38311 1963.05 16604.4 1233.21 729.837 16461.7 1226.26 15235.5 36348 18170 4036.45 14133.6 11529.9 4005.04 7524.81 1434.62 1080.06 354.558 1018.18 2570.42 261.461 2472.43 2603.72 1049.84 2827.79 2440.9 1553.88 1087.11 43.6648 959.325 270.312 251.254 232.696 2048.86 6565.49 6523.45 14221.9 1089.27 13132.6 10382.4 7915.33 3479.6 3068.17 2750.14 975.618 4435.73 821.999 536.247 390.791 410.415 2232.74 1837.48 1563.26 395.255 1327.49 189.002 2717.16 2480.99 2015.6 3613.73 2532.22
internal_count=226854 158745 8129 68109 5132 2997 67529 5009 62520 150616 74472 16567 57905 47276 16450 30826 5886 4449 1437 4193 10564 1058 10165 10629 4285 11548 9956 6344 4450 180 3952 1115 1036 960 8447 26874 26585 57985 4401 53584 42448 32280 14220 12549 11136 3942 18060 3382 2204 1575 1687 9107 7482 6368 1625 5408 760 10993 10037 8158 14678 10298
is_linear=0
shrinkage=0.05


Tree=79
num_leaves=63
num_cat=0
split_feature=21 12 17 30 28 22 28 10 9 26 28 9 1 22 4 0 28 9 9 10 26 7 17 17 26 21 7 18 2 6 22 10 3 22 11 30 28 18 17 22 12 4 12 9 8 0 26 30 4 28 18 21 4 12 28 30 30 28 4 30 28 2
split_gain=9.77157 34.9502 25.6562 19.4923 15.5909 24.7408 16.0752 19.6139 15.2524 13.392 18.3183 15.4192 13.3033 13.2698 13.0164 12.8994 12.6609 19.5561 13.922 13.6029 13.0744 14.1041 11.9639 12.0052 11.9176 16.7717 17.5511 14.0494 12.6288 11.6741 13.3383 12.382 11.6484 11.4588 11.3305 11.6408 31.0043 20.4101 19.5876 20.3934 27.3126 19.8587 20.9183 19.627 23.8201 18.4156 18.5773 18.1107 36.2853 39.8159 27.8498 27.2024 22.9087 21.4985 21.0935 23.6376 21.6021 34.3468 30.9389 25.6355 24.3005 23.6463
threshold=-0.24824461834103065 0.27952236591518148 0.14553110876452616 0.75864918780279289 0.75649140029041018 0.83364963393202307 1.0476460428237784 0.86789144242275484 0.39585138187143482 30.988753575129405 0.41647720681654593 0.14682118188066293 741.31752821859152 0.037987947269319491 -0.012088476587068962 290.67935156169 0.31865080541485774 0.072586642388265926 0.098541812478204829 0.96995729041925005 32.3824352105812 28.15357142857145 0.16400826140958982 0.094526299213938542 39.088722383581931 0.0066716076742288086 7.7250000000000005 1.1209855813603629 321.3966116454522 0.94271805712618784 0.20654902170998149 0.44050590257748745 -0.025084893275081854 0.55088542042250055 0.19376556736100373 0.66851340290566819 0.3523370899614014 0.15302628453774886 0.8471122033575228 0.77122059466990056 0.068295079148845028 -0.0058793358500174109 0.24273268978490645 0.12261580089862902 3.458596480158437 183.8647303762543 26.115000330139111 0.5385980660808215 -0.0061762684418124212 0.28240396775567495 0.47107171013615207 -0.15918782037188164 -0.0003627971147172969 0.20516129032258068 0.28857800636766712 0.49540439623565996 0.26996565211228957 0.22295329623657714 -0.00013463816738668141 0.24603169665769789 0.22437713136328954 14037.408243842923
decision_type=2 2 2 2 2 2 2 2 2 2 2 2 2 2 2 2 2 2 2 2 2 2 2 2 2 2 2 2 2 2 2 2 2 2 2 2 2 2 2 2 2 2 2 2 2 2 2 2 2 2 2 2 2 2 2 2 2 2 2 2 2 2
left_child=3 24 -3 8 16 6 7 -6 9 11 13 12 -1 -11 -15 -9 20 -18 -19 -20 21 -4 23 -10 34 27 -27 28 -26 30 -13 -31 -16 -5 35 36 47 -38 39 41 -41 43 -43 -39 -45 -44 -47 51 49 -49 -51 52 -2 54 56 -56 57 -53 -59 60 -60 -58
right_child=1 2 4 33 5 -7 -8 15 22 10 -12 29 -14 14 32 -17 17 18 19 -21 -22 -23 -24 -25 25 26 -28 -29 -30 31 -32 -33 -34 -35 -36 -37 37 38 -40 40 -42 42 45 44 -46 46 -48 48 -50 50 -52 53 -54 -55 55 -57 61 58 59 -61 -62 -63
leaf_value=0.0058147304374607236 0.015675367383842089 -0.00055640185333897889 -0.0059395901972030905 0.00018549264969589712 -0.00074268335455326951 -0.048453785601805105 -0.0099775028761408934 0.067452238175325571 -0.012849670567302341 -0.027163510965975635 0.032504318597886633 0.00038398669348609061 0.043755869977767786 -0.012732787520847631 0.023254574669495303 0.0065191491343891657 0.044520508133703438 -0.052201374597868271 -0.016297237462836338 -0.055390547210153442 -0.022250887323210497 0.044200022237665434 -0.051164702685395913 0.03263282998943931 -0.0089098503439532292 0.041631829569554586 -0.0069514922768984817 0.00079910210047250791 -0.028118964748623906 -0.056244516869894817 0.042875940946205685 -0.0062127503203228407 -0.017671078600488856 0.041053259770148731 0.0049978430860585718 -0.0014339858266081541 0.029180186376509001 0.027935268030151214 -0.0034076038731135532 0.0054590481819888027 0.03439045111309353 0.0037455034827208016 0.021033306754423491 -0.020888471591408664 0.013105067745760618 -0.045193698483278519 -0.0051125541798554951 -0.046288005032301932 -0.0015741646646352592 -0.030387360076797251 0.00083629473274716743 0.00021770492402215283 0.0001541524211871542 -0.0068593522735758946 0.0079978738957639222 -0.0022071538294373082 -0.0024632864340741307 0.017835097958466686 0.037530993316927108 0.01501741509571683 -0.0077328580696965875 0.048694276603568905
leaf_weight=56.72151212580502 520.76280460506678 778.73981729149818 30.932787090539932 2880.364270567894 42.439532801508904 22.116373419761658 67.458231434226036 27.144222915172577 61.138344690203667 21.968522816896439 139.28785942494869 71.01240536570549 39.349561616778374 38.986874520778656 165.63072806596756 13.064051598310469 12.074567645788191 30.801523581147194 616.83796593546867 23.13142891228199 35.124771192669868 25.309629529714584 14.610072180628775 18.896296054124832 308.73061320930719 35.373359719291329 38.704096376895905 241.04508113488555 119.10078282654285 13.521781995892523 24.976995602250099 139.8381821513176 19.20982900261879 17.157448798418045 1130.1754053011537 11738.953433467075 85.516703631728888 158.79052109457552 634.75895943306386 189.94075687788427 143.60686102695763 1502.6170828286558 26.691633805632591 63.74724175222218 265.69623929448426 57.136484682559967 59.107951153069735 92.704065933823586 2716.8691250160336 104.83176854252815 222.65396492183208 15788.206057230011 438.55685544013977 1090.2100752703846 1714.031995953992 847.1750166118145 7828.034663811326 540.25408145599067 31.630651639774442 250.05454115383327 447.43229010887444 22.544974491000175
leaf_count=246 2154 3174 126 11782 175 98 276 111 251 89 638 295 169 167 710 53 51 128 2544 94 143 103 59 78 1366 231 157 1063 544 58 114 584 86 71 4647 48171 352 661 2598 768 581 6153 110 266 1099 236 246 382 11037 425 905 66318 1789 4449 7044 3464 31859 2224 129 1023 1839 91
internal_value=-0.000109835 -0.000289822 -0.00728535 0.00236329 -0.0128161 0.000762402 0.00807455 0.0228636 0.00914296 0.0115929 0.0180079 0.00442378 0.0214363 0.00976278 0.0134199 0.0478438 -0.0158428 -0.0181819 -0.0193246 -0.0177265 0.00158529 0.0165734 -0.00970636 -0.00202147 -4.56793e-05 -0.00633018 0.0162054 -0.00883549 -0.0142743 -0.00211684 0.0115258 -0.0106904 0.018967 0.000430622 5.00804e-05 -6.73435e-05 0.000380102 0.00508682 0.0044201 0.00643598 0.0179368 0.0046351 0.00200377 0.0134913 0.00650781 -0.016261 -0.0248781 -7.9191e-05 -0.00369123 -0.0173643 -0.0091497 0.000304513 0.00858575 2.61411e-05 0.00029962 0.00462043 -0.000144488 0.000854238 0.00876674 0.00203897 -0.00472662 -0.00231512
internal_weight=54903.5 51180.8 1725.17 3722.67 946.435 172.222 150.106 82.6478 825.149 730.504 385.084 345.42 96.0711 245.796 223.827 40.2083 774.213 682.845 670.771 639.969 91.3672 56.2424 94.6447 80.0346 49455.6 742.954 74.0775 668.876 427.831 249.349 95.9894 153.36 184.841 2897.52 48712.7 47582.5 35843.6 3187.61 3102.09 2467.33 333.548 2133.79 1645.55 488.234 329.443 142.936 116.244 32656 3137.06 420.19 327.486 29518.9 959.32 28559.6 27469.4 2561.21 24908.2 17057.6 1269.37 729.117 479.063 7850.58
internal_count=226854 211457 7076 15397 3902 713 615 339 3544 3156 1690 1466 415 1052 963 164 3189 2817 2766 2638 372 229 388 329 204381 3361 388 2973 1910 1051 409 642 796 11853 201020 196373 148202 13070 12718 10120 1349 8771 6745 2026 1365 592 482 135132 12749 1712 1330 122383 3943 118440 113991 10508 103483 71533 5215 2991 1968 31950
is_linear=0
shrinkage=0.05


Tree=80
num_leaves=63
num_cat=0
split_feature=27 2 0 25 18 9 9 23 23 25 22 7 3 30 8 8 27 21 7 22 25 7 8 22 0 25 1 12 6 10 3 12 21 23 6 28 10 30 10 2 2 29 10 2 27 21 10 9 21 30 23 9 11 30 4 27 12 21 8 0 12 4
split_gain=9.48511 20.6624 9.41132 8.67913 14.6938 12.4917 33.1469 15.8593 15.7981 15.4909 14.871 13.6999 13.2441 12.0422 12.0401 11.5473 13.85 11.4512 10.6819 10.659 12.7827 14.7468 10.6273 10.4578 10.1755 12.7364 11.7122 18.0212 18.4409 28.7287 15.1985 16.4818 19.6337 14.9795 14.2098 16.5771 27.2104 16.8759 13.8668 16.2265 13.4031 33.9938 30.1309 22.7751 20.8455 21.1287 19.6389 39.6514 24.5694 25.3178 21.569 18.8666 18.4084 15.1419 13.401 25.175 21.3056 26.7463 18.435 26.2323 25.0211 20.7688
threshold=8.0987450883097694 1726.7910089627344 662.70480466466131 7.9483338492319335 0.63448995435655087 0.0044435854687915185 0.015624302006966961 46.294015756670937 1.0000000180025095e-35 27.547896995744861 0.3342474975746948 4.7428571428571447 0.00013276314529736162 0.66056720016071802 7.3855251981544328 5.1543701255803294 -0.77996988840620485 1.0000000180025095e-35 0.66071428571428592 0.27471955444147567 2.5781004948569128 5.7939285714285695 3.360279166823946 0.81849007439197097 73.58621224067241 9.201178961266665 129.10249686135271 0.26862468149441732 0.95448465481454448 0.58643520166479568 0.00054934372463636869 0.19986217122423869 -0.030739664152166109 37.673436459148682 0.9364911907332073 0.50029621679880354 0.57868436381792476 0.805866781396961 0.056208202514536738 100.48647061800709 75.124656346470161 1.0000000180025095e-35 0.25848521226672494 80.664732346369973 -2.2188377920125952 0.25957940548507602 0.80139985180921369 0.11144057493082539 0.053499031087894673 0.55043491415172852 54.533337582515195 0.12261580089862902 -0.011146341719572902 0.28595459201285733 -6.5220907038734475e-05 2.239112093966106 0.10658849317161009 -0.14190639986525685 4.0586223640636696 243.65295188209515 0.10757846378465413 -0.010889537294925917
decision_type=2 2 2 2 2 2 2 2 2 2 2 2 2 2 2 2 2 2 2 2 2 2 2 2 2 2 2 2 2 2 2 2 2 2 2 2 2 2 2 2 2 2 2 2 2 2 2 2 2 2 2 2 2 2 2 2 2 2 2 2 2 2
left_child=3 2 -2 4 13 7 10 15 9 14 -7 -12 -9 19 -8 16 -5 -6 23 -1 -21 -22 -15 -10 25 -20 27 28 29 -26 31 32 -31 -30 -29 -36 37 -37 39 -35 41 -40 51 -44 45 -45 47 -43 49 -49 -48 -42 -52 -50 55 58 -57 -58 61 60 -60 -28
right_child=1 -3 -4 5 17 6 8 12 18 -11 11 -13 -14 22 -16 -17 -18 -19 24 20 21 -23 -24 -25 26 -27 54 34 33 30 -32 -33 -34 38 35 36 -38 -39 40 -41 42 46 43 44 -46 -47 50 48 53 -51 52 -53 -54 -55 -56 56 57 -59 59 -61 -62 -63
leaf_value=0.022438470424338015 -0.0082499273093457112 0.019961819720339474 -0.032834533277226775 -0.014727350231535669 0.013379143103855171 -0.042875956403410714 0.0033272510550331142 -0.036536046582581361 0.0078001056654668144 0.019876625969144586 0.054938420171677133 -0.0051165162272312423 0.037572018055723473 -0.050075069909857876 -0.048175669268187706 0.016836801836844363 0.0012170889743046262 -0.025426900021816096 -0.028299698835592874 0.0058839976519529033 -0.023264302167939316 0.0010888850438186351 -0.0061066654276784992 0.045208810649354524 0.030589794345942719 -0.0024226923271321332 -0.0055918106089210967 0.0024327495517667956 -0.01003599621375359 -0.050696533108241827 0.058092393635969575 0.015390565516946293 -0.002100423506637767 0.01773386843547578 -0.033700534393716945 -0.020099349524617741 -0.023181975016503677 0.043856695730811024 0.0027136441273865417 -0.031291122306399057 -0.0042984833827711226 0.0022331059324404811 0.065825753588661565 0.028541689108979442 0.0054309711219062834 -0.014225299752624272 0.046299193812315252 0.00068220350784675655 -0.075094716037712825 -0.042789686915170849 0.037843365481706283 -0.055259760147587295 -0.01192534577753427 -0.034118351722814071 -0.00079230936345587178 0.0042903915063190468 -3.2274156457124901e-05 -0.011032943927134628 0.026269471415791269 0.0071045029071317286 -0.0067700328253752946 0.0017571717915875924
leaf_weight=58.53866969794035 90.182606065645814 43.048227846622467 69.499661892652512 260.51602298766375 419.86381412483752 5.3572134710848323 194.51374672353268 62.529772153124213 133.87068077921867 198.84074726328254 47.763296756893396 11.641265317797659 6.5246663577854624 20.737634554505348 11.948921382427214 59.086285188794136 284.16057347878814 19.736938402056694 48.264451682567596 392.2804192379117 101.65099528059363 158.81263887882233 41.409924134612083 21.752587124705315 149.48906080424786 2989.6903671417385 1107.2569760195911 172.18760097026825 241.80824380926788 25.747427567839622 11.693759754300116 98.620542168617249 107.44435283541679 232.32456095516682 86.738670483231544 14.687519967555998 80.474369645118713 33.511579779908061 3004.8378906641155 18.041142093017697 267.97363752126694 182.61504469811916 18.247017813846469 203.23303371854126 746.115807749331 33.431403458118439 26.122300699353218 95.989025147631764 31.299689948558807 51.159132864326239 22.303168032318354 19.418467940762639 108.31921138614416 84.991637805476785 28017.503232305869 735.0373453348875 1106.5725500844419 1105.3294613454491 62.947785332798958 2945.7474204245955 624.86486828140914 7284.6441975962371
leaf_count=252 381 174 295 1124 1965 87 953 551 575 1146 739 51 67 84 49 238 1244 106 198 1706 489 673 168 114 680 12333 4529 711 1042 104 57 399 530 1000 357 61 334 139 12628 78 1098 747 81 829 3074 135 106 397 127 212 150 81 443 346 113894 3033 4555 4490 256 12152 2577 29757
internal_value=9.95801e-05 -0.0106926 -0.0189952 0.000139683 0.00432173 4.47516e-05 0.000131081 -0.00672452 8.70692e-05 0.00991934 0.0358528 0.0430969 -0.0294174 0.000166078 0.000300461 -0.00411634 -0.00640118 0.0116201 1.08349e-05 0.00201776 0.000175597 -0.00840151 -0.0209154 0.0130868 -2.80799e-05 -0.00283637 0.000145373 0.00218278 0.00288321 0.0133406 0.00272255 -7.28667e-05 -0.0115631 0.00211933 -0.00824962 -0.0168088 -0.00536601 0.0242628 0.00269161 0.0141701 0.00210335 0.000538385 0.00648105 0.0105799 0.00954252 0.0224758 -0.0102952 -0.0156469 -0.0280563 -0.0144165 0.0049026 -0.00777724 -0.00336687 -0.0452451 -0.000146872 0.00106058 -0.00308032 -0.00553203 0.00207578 0.0050511 -0.00373565 0.00078687
internal_weight=54911 202.73 159.682 54708.2 1213.03 53495.2 52822.4 672.817 52757.6 405.303 64.7618 59.4046 69.0544 773.43 206.463 603.763 544.677 439.601 52352.3 711.283 652.744 260.464 62.1476 155.623 52196.7 3037.95 49158.7 6168.83 5781.23 392.995 243.506 231.812 133.192 5388.23 387.6 215.412 128.673 48.1991 5146.42 250.366 4896.06 3607.64 1288.42 1001.03 982.78 236.664 602.799 446.055 263.439 147.148 156.745 287.392 130.622 116.291 42989.9 14972.4 2946.94 2211.9 12025.5 3633.56 687.813 8391.9
internal_count=226951 850 676 226101 5443 220658 217434 3224 216557 2148 877 790 618 3372 1002 2606 2368 2071 214409 3120 2868 1162 252 689 213720 12531 201189 25946 24344 1770 1090 1033 634 22574 1602 891 534 200 21532 1078 20454 15156 5298 4119 4038 964 2528 1829 1082 609 699 1179 593 473 175243 61349 12078 9045 49271 14985 2833 34286
is_linear=0
shrinkage=0.05


Tree=81
num_leaves=63
num_cat=0
split_feature=24 6 2 4 4 9 30 28 9 3 28 20 2 2 13 1 22 0 20 6 20 27 22 20 9 3 7 22 24 24 19 7 24 26 12 3 26 7 24 20 0 1 0 20 3 29 28 24 7 4 6 24 26 11 11 4 10 4 4 26 7 2
split_gain=10.0829 29.8511 19.1659 18.7465 18.2221 17.4841 17.4063 15.9377 16.3675 14.8912 19.2421 14.3586 13.9881 13.8571 13.3277 10.8551 14.8081 11.4171 15.2227 10.6449 12.506 10.6391 28.9642 22.8644 17.5834 22.722 18.3222 16.4588 17.1333 17.4838 15.864 15.3792 15.2263 14.6285 25.2616 16.6566 14.5839 24.6766 14.357 14.8515 14.3136 15.2703 16.5326 16.375 14.1691 13.8141 16.6544 15.301 15.0777 13.7725 14.9931 13.6167 13.5648 18.3507 13.408 14.1467 18.2326 15.6328 12.8463 12.476 27.2717 19.9061
threshold=13.481217486607795 1.0284458029709251 1186.8811641755312 -0.031649817873179616 0.0084769429616511818 0.076587852335657139 0.98131634482649199 0.91431972944556328 0.22557380803474525 0.020091963563417265 0.23895024123567329 -0.03529610459282511 1004.6086226061437 271.95538019474856 0.033534357674644105 3531.9830383740345 0.27172351343667239 4168.6673178064575 0.022609220470699579 1.0449860453881838 0.098420910924207586 -2.6292721377505148 0.29055361683904884 0.011783602049762256 0.14513198524219392 -0.01014888416997608 202.31249999999997 0.60417876367642365 51.928059578318617 31.318910933383734 2.7337710584295265 0.29642857142857065 54.350978369424652 20.694705168017041 1.0000000180025095e-35 0.00054934372463636869 47.144160928016277 10.821428571428578 17.201680855398031 0.048284911857393815 493.6377196410786 567.76026015650734 1613.763809849364 0.049481971037777524 -0.0041560734451416646 1.0000000180025095e-35 0.20440960061446858 46.773495089099079 215.61964285714285 -0.001844077339865236 1.0211311204659437 55.667958495287152 25.232446734192379 0.10403647082755492 0.03654660008041221 0.0056243184310835513 0.83247420397679484 0.013424531519767115 0.021171687644282112 33.596578006625514 384.73571428571432 855.63014148959712
decision_type=2 2 2 2 2 2 2 2 2 2 2 2 2 2 2 2 2 2 2 2 2 2 2 2 2 2 2 2 2 2 2 2 2 2 2 2 2 2 2 2 2 2 2 2 2 2 2 2 2 2 2 2 2 2 2 2 2 2 2 2 2 2
left_child=1 3 5 -1 6 -3 7 8 15 12 -11 -6 -7 -12 -4 -5 -17 -18 -19 -16 -21 22 23 32 25 27 30 28 29 -24 31 -27 -2 40 35 51 -33 -38 -28 -40 54 42 -42 -43 -25 47 -47 48 -36 -48 52 -35 -51 -54 -26 -56 -57 -58 -45 -23 61 -61
right_child=21 2 14 4 11 9 -8 -9 -10 10 13 -13 -14 -15 19 16 17 18 -20 20 -22 59 24 44 33 26 38 -29 -30 -31 -32 36 -34 34 45 -37 37 -39 39 -41 41 43 -44 58 -46 46 49 -49 -50 50 -52 -53 53 -55 55 56 57 -59 -60 60 -62 -63
leaf_value=-0.060535865256399791 -0.0022132594920568627 -0.020297260695026333 -0.012387127694385325 0.00063965871937751348 0.016124324547156826 0.023229029338688909 0.05645098851684012 -0.048810802046427293 0.034627448490713718 0.035106110091092317 -0.04862818299834136 -0.037331700258867791 -0.029586539543596913 0.0028485551226371804 0.05759968396991122 0.042743522906470488 0.026878588349476314 -0.0084453955844988344 0.030050775555914289 -0.0074746793649297302 0.056346324486101766 -0.00083114459439665312 0.013360889304899906 0.0045506648213597357 0.0026766782967561041 -0.018037785382389985 0.040892352468176733 -0.0078710158717150685 -0.017609503766276326 0.035714016327085721 0.010121242025737215 0.0029938743869724095 -0.029324742991343217 0.025751368303365631 -0.0028841539887149159 0.036928871058845396 -0.05887080298032691 0.019179478982561657 -0.02855018624141923 0.0066965192322792537 0.015137303313878803 0.0054050551415614169 -0.0082157391129283608 -0.015101585821755992 -0.033099728836296131 -0.020669645086033445 0.021219617780250992 -0.026746281235240105 0.027596476673524245 0.012844094653451835 -0.0080624477520587681 0.00046234625641216579 -0.029051146364651018 0.0051757250319289447 -0.014940586799871969 -0.017065215924328237 0.061789402555715189 0.0022934801830440262 0.025285893849660318 0.0049291008928658763 -0.030975543807102785 -0.002655370741260512
leaf_weight=12.223735511302946 1562.1329071521759 43.034319028258324 12.48855043761432 3434.9317606277764 16.373469904065132 211.19733536615968 14.361725822091101 15.581606298685072 37.257015658542514 20.301654487848282 25.25300557911396 51.67897872813046 13.162148639559744 26.61579704284668 48.019106850028038 33.002989865839481 51.901458770036697 120.4090937525034 32.531958431005478 17.806917160749439 13.21644578874111 34026.471121117473 289.45575845241547 32.342501431703568 203.40972127020359 90.634492188692093 10.90771847963333 74.601421266794205 32.130559884011745 126.24458711594343 758.96452270634472 4751.5495234131813 53.510282926261425 81.136487506330013 1220.7247000522912 70.224957853555679 24.456556245684624 17.041047468781471 101.99959014356136 41.915532067418098 261.89891814813018 224.37208312749863 106.25299894809723 287.53099404089153 106.24622491374612 61.256020216271281 131.66279622353613 64.941553924232721 41.845610827207565 422.55381968058646 201.74330092966557 155.61273920163512 49.865506947040558 180.61210107803345 558.67813839763403 41.470328062772751 19.902906954288483 25.069051757454872 20.959516227245331 2800.8018375709653 61.327193528413773 1250.7341243959963
leaf_count=51 6452 175 51 14012 66 858 58 63 153 82 102 210 54 108 195 134 209 485 131 72 54 140445 1181 132 852 549 44 301 170 580 3133 19673 232 422 5007 330 118 76 423 171 1082 907 441 1162 475 250 540 269 172 1710 825 700 204 732 2315 167 80 101 84 11654 250 5217
internal_value=9.46673e-05 0.0024335 0.0149051 0.00102449 0.00122499 0.00940575 0.00169309 0.00147916 0.00169303 0.0137387 -0.00595743 -0.024392 0.0200965 -0.0221627 0.0352194 0.00135664 0.0116856 0.00663891 -0.000209952 0.0428105 0.0196471 -0.000101569 0.00116387 -0.00479221 0.00213616 0.00382942 0.00292821 0.0138182 0.0174434 0.0201683 0.00339462 0.00234803 -0.00311605 -0.000277436 0.0020414 0.0155368 0.00273493 -0.0267301 -0.0140294 -0.0182523 -0.00383516 0.00054854 0.00838336 -0.00485567 -0.0242802 0.000294551 0.00458847 -0.0030906 -0.00186786 0.00616395 0.00383684 0.00915749 0.00752125 -0.00221721 -0.00849541 -0.0120256 0.00675145 0.0288138 -0.0123341 -0.000516637 0.00208408 0.00258649
internal_weight=54896.5 4251.35 431.095 3820.25 3808.03 339.564 3739.98 3725.62 3710.03 296.53 72.1705 68.0524 224.359 51.8688 91.531 3672.78 237.846 204.843 152.941 79.0425 31.0234 50645.2 12505.9 1754.23 10751.6 6319.9 5797.47 522.432 447.831 415.7 5642.65 4883.68 1615.64 4431.72 2682.18 306.974 4793.05 41.4976 154.823 143.915 1749.54 901.015 368.152 532.863 138.589 2375.21 1047.69 1327.51 1262.57 986.438 854.775 236.749 653.031 230.478 848.53 645.12 86.4423 44.972 308.491 38139.3 4112.86 4051.54
internal_count=226951 17323 1751 15572 15521 1379 15245 15187 15124 1204 292 276 912 210 372 14971 959 825 616 321 126 209628 52062 7291 44771 26419 24187 2232 1931 1761 23549 20416 6684 18352 11161 1452 19867 194 638 594 7191 3676 1523 2153 607 9709 4261 5448 5179 4011 3471 1122 2646 936 3515 2663 348 181 1246 157566 17121 16871
is_linear=0
shrinkage=0.05


Tree=82
num_leaves=63
num_cat=0
split_feature=24 6 2 4 4 30 28 22 25 8 13 30 0 28 2 2 8 11 13 4 30 12 30 0 28 1 22 28 21 4 8 2 28 7 25 13 8 2 11 13 2 0 2 17 8 22 30 2 30 4 26 25 8 21 19 22 12 25 21 6 26 0
split_gain=9.10279 26.9795 17.3892 17.1262 16.4557 15.7194 14.447 13.727 14.7002 13.2683 14.3543 12.9663 21.9631 15.6417 14.8906 17.1181 14.8956 21.7713 20.7027 19.5197 17.7947 16.8518 16.185 16.0107 14.8776 15.0739 14.4113 14.0121 15.999 19.3087 16.4326 12.7473 12.5781 12.4715 18.2527 15.7912 12.3076 12.2801 12.178 12.0974 11.6819 11.6095 18.4531 11.4925 10.7434 10.676 10.6289 10.0797 14.8574 10.0419 17.9246 9.90008 9.87682 20.3147 12.5066 10.694 9.91048 9.876 9.69144 9.65504 9.28447 18.3599
threshold=13.481217486607795 1.0284458029709251 1186.8811641755312 -0.031649817873179616 0.0084769429616511818 0.98131634482649199 0.91431972944556328 0.5301063152182991 20.224026901701219 2.8939893332707478 0.068041550675327384 0.12709655237083115 479.7918317473314 0.17543289172670343 1389.6111081424776 1428.4981626516776 4.2710086763840502 0.068943280958055658 0.34748448460947673 -0.0019784478805134277 0.25420718084269495 0.19319742337542348 0.74684680589959784 935.95832775424878 0.24926129976546596 148.27017041956609 0.47125290253835989 0.41353764511576296 -0.060578652548365634 -0.0052164677026935785 3.1802741249400239 1004.6086226061437 0.1969767182471108 92.658928571428561 21.401274593659696 0.20582626663917145 3.0758149434791062 100.48647061800709 0.0937452798080224 0.033534357674644105 1691.8318811659174 680.31531352384184 1816.3119992225804 0.61657856514391829 3.360279166823946 0.48735480450992102 0.85267832920006015 328.11142527762996 0.31380712082982903 1.0000000180025095e-35 21.791186425043865 19.362841329567896 2.9453754455797698 0.0066716076742288086 1.6806155812609356 0.7011711441268984 0.027403974816441353 23.188565432610009 -0.050530990108052169 1.0579561383353535 24.949389092669737 179.63015683049517
decision_type=2 2 2 2 2 2 2 2 2 2 2 2 2 2 2 2 2 2 2 2 2 2 2 2 2 2 2 2 2 2 2 2 2 2 2 2 2 2 2 2 2 2 2 2 2 2 2 2 2 2 2 2 2 2 2 2 2 2 2 2 2 2
left_child=1 3 31 -1 5 6 9 -6 -9 46 -11 12 -12 41 16 -16 17 27 19 58 -20 -22 24 -24 -21 -26 43 28 29 -13 -30 52 -17 34 38 -35 -27 -23 44 -4 -36 -14 -43 -18 -34 -38 60 48 -28 50 51 -32 53 -3 -54 56 -55 -53 -19 -41 -5 -62
right_child=-2 2 39 4 7 -7 -8 8 -10 10 11 14 13 -15 15 32 26 18 20 22 21 37 23 -25 25 36 47 -29 30 -31 49 -33 33 35 40 -37 45 -39 -40 59 -42 42 -44 -45 -46 -47 -48 -49 -50 -51 -52 57 54 55 -56 -57 -58 -59 -60 -61 61 -63
leaf_value=-0.058197035435637971 -9.6460185337356608e-05 0.041173955698560902 -0.011772349146516968 -0.0027636031870430285 0.010662538783912059 0.053644921380420423 -0.046564839731814474 -0.0087292336721106669 -0.064738415900560217 -0.015961836574303567 0.043831931122763387 0.027284739753790345 -0.035029697526720638 0.057726535512666037 0.069515840189499981 -0.025222927311271771 0.0225648838918776 -0.048013702969414304 0.057449057462935008 -0.016701768286599607 -0.012613712897842447 -0.0065761629464417331 -0.05769442771647907 0.0099840244823705335 0.045679545165085461 0.039637401251152379 0.028701817938109744 0.0355564294010473 0.034255771356267985 -0.027046176960945585 -0.044417419410927535 -0.029806476681685758 0.082403831723628834 -0.0095488662615425806 0.0090568343815718832 0.055926575366342358 -0.016634160174105798 0.03432871714433558 0 0.049543035905949134 -0.046692682161029599 0.024823138687922432 -0.028383733643504605 -0.01652686852081851 0.022239164941727091 0.022190357217671968 0.042441689700347972 0.018193300013335949 -0.016895802873203136 0.024991096983949357 0.024950386885349455 0.016208586825231044 0.030617070563699951 0.014265685458705669 0.0071066674207808447 -0.053030176070899174 -0.031547337637205401 -0.032656035704843475 -0.0069695316617820902 0.0053273755403982562 0.025408016235947819 -0.002133038482103345
leaf_weight=12.086733311414717 50638.817216312513 19.373338282108307 12.488902634009717 1739.6127321813256 20.600510388612747 14.362428143620489 15.522783264517782 22.780784696340561 24.616968229413033 78.524077355861664 58.349963188171387 21.832159891724586 20.028697729110718 12.62022605538368 14.725993260741232 18.605311751365662 202.22294223308563 54.404374837875366 15.450974330306051 113.08179831132293 94.216677084565163 29.235230341553688 28.772341325879097 12.326992273330687 21.996569499373436 16.820662915706635 21.769591301679611 43.189934464171529 61.390018636360765 63.593836046755314 25.542404681444168 19.818875148892403 12.39179712533951 12.208331599831579 18.115401610732079 35.606034643948078 69.383080264553428 48.242482356727123 25.7757768034935 63.086119100451469 19.094504415988922 50.760253682732582 23.823705106973648 20.505270689725876 19.340318690985441 23.586956441402435 13.799035742878912 50.709939301013947 96.358794793486595 38.096885364502668 33.036912620067596 23.790360555052757 94.967336839064956 27.344249233603477 141.7227693349123 15.595004618167875 20.540788918733597 18.071130966767669 19.997403979301453 15.700674027204512 91.433245539665222 177.69371872395277
leaf_count=51 209628 79 51 7086 84 58 63 92 100 316 238 89 82 51 60 75 826 221 63 461 385 121 119 50 91 69 88 177 250 264 104 81 50 49 73 146 286 196 105 257 77 205 96 84 79 96 56 208 391 154 134 97 388 111 574 63 83 74 81 64 383 718
internal_value=9.00002e-05 0.00231242 0.0141759 0.000973408 0.00116405 0.00160877 0.0014054 -0.0231893 -0.037999 0.00160869 0.0048825 0.00590376 0.0191609 0.00566145 0.00437834 0.0180128 0.00248156 -0.00113709 -0.00724752 -0.0142569 0.00622353 0.00155383 -0.00829227 -0.0372992 -0.00339004 0.00799836 0.0105886 0.0090298 0.00498627 -0.0130868 0.0127363 0.00893971 0.0132348 0.0183041 0.00771341 0.0391195 0.000368734 0.0188407 0.0253895 0.0335582 -0.0194658 -0.00128425 0.00774553 0.0189377 0.0460764 -0.00671721 -0.00112059 -0.00040045 -0.00843327 0.0031465 -0.00510597 -0.0199268 0.0113671 -0.00343766 0.0165698 -0.0171746 -0.00530688 -0.00479411 -0.0370733 0.040813 -0.00142442 0.00721115
internal_weight=54889.6 4250.74 430.638 3820.11 3808.02 3740.02 3725.66 67.9983 47.3978 3710.13 1687.6 1609.07 165.583 107.233 1443.49 175.863 1267.63 876.059 547.516 360.37 187.145 171.694 285.968 41.0993 244.869 131.787 391.567 328.544 285.354 85.426 199.928 339.362 161.137 142.532 94.7178 47.8144 109.791 77.4777 57.5079 91.2757 37.2099 94.6127 74.584 222.728 31.7321 92.97 2022.54 168.838 118.128 138.538 100.441 67.4039 319.543 82.8534 236.69 63.48 47.885 41.8615 74.4018 78.7868 2008.74 269.127
internal_count=226951 17323 1751 15572 15521 15245 15187 276 192 15124 6881 6565 672 434 5893 714 5179 3582 2239 1474 765 702 1172 169 1003 542 1597 1343 1166 353 813 1379 654 579 384 195 451 317 234 372 150 383 301 910 129 382 8243 687 479 563 409 275 1298 336 962 257 194 171 302 321 8187 1101
is_linear=0
shrinkage=0.05


Tree=83
num_leaves=63
num_cat=0
split_feature=27 2 2 8 24 6 2 9 13 9 3 28 25 2 21 22 2 9 11 8 27 3 21 27 30 3 9 13 25 3 11 11 30 26 30 20 13 22 25 3 21 18 2 3 12 0 6 6 20 27 22 20 9 0 8 22 25 8 28 21 9 7
split_gain=8.45137 18.9741 8.86849 8.5073 7.93263 24.3867 15.7823 15.6955 17.8369 15.3628 13.432 17.424 15.1183 12.6646 11.4994 18.746 12.6043 11.6889 15.5808 11.1653 15.9595 14.8678 15.9047 14.6865 13.0411 18.8415 12.2125 10.9846 10.7473 10.2857 13.2969 13.2503 11.195 10.197 10.1235 10.0985 9.62406 9.56444 9.55047 9.51678 13.3274 10.2006 9.43494 9.29526 12.2588 11.7229 9.2093 9.14022 11.5479 8.98475 26.1595 21.2826 15.945 16.3798 16.7356 14.6607 16.4353 14.6494 21.6454 20.7826 16.7608 14.952
threshold=8.0987450883097694 1726.7910089627344 716.21201253214633 5.4604252232671291 13.481217486607795 1.0284458029709251 1186.8811641755312 0.22557380803474525 0.85981135268713327 0.076587852335657139 0.020091963563417265 0.23895024123567329 20.07189531467375 271.95538019474856 0.21073473963124281 0.78025214434748458 1.0000000180025095e-35 0.083907978562260579 0.080939947780678798 2.8939893332707478 -0.1610459404564599 -0.012065446465555149 -0.16729353978933351 1.472796708903598 0.09957079994943506 -0.0024828949669921398 0.044088340006174502 0.033534357674644105 21.095609088284526 -0.015193990515449158 0.13231377709164296 0.11200449779894944 0.42007118832663187 26.20888428458694 0.81381144534115923 -0.081098189292851328 0.05787380429577315 0.25199239172134297 18.734971215315415 0.0062283375518952626 -0.034014962081503668 0.45881147628221869 1004.6086226061437 -0.0099139566269952455 0.21066518302150786 70.089683803323723 0.9809075395577409 1.0449860453881838 0.098420910924207586 -2.6292721377505148 0.29055361683904884 -0.0017095823827891763 0.39585138187143482 766.80808642567729 7.972677457886161 0.93637807733202483 11.944733647030967 3.8580109093068642 0.31088966277563063 0.16588333136420955 0.22158023759315235 27.467857142857156
decision_type=2 2 2 2 2 2 2 2 2 2 2 2 2 2 2 2 2 2 2 2 2 2 2 2 2 2 2 2 2 2 2 2 2 2 2 2 2 2 2 2 2 2 2 2 2 2 2 2 2 2 2 2 2 2 2 2 2 2 2 2 2 2
left_child=4 2 -2 -4 5 7 9 8 14 -7 12 -12 -11 -13 19 16 34 -18 -19 23 21 22 35 33 25 -23 -25 -8 -27 30 31 46 -33 -1 -16 -21 -22 -26 -32 40 -35 -42 -14 44 -38 -46 -24 -29 -49 50 51 -6 -52 -54 -55 56 -51 58 59 -57 -61 -60
right_child=1 -3 3 -5 49 6 27 -9 -10 10 11 13 42 -15 15 -17 17 18 -20 20 36 24 29 26 37 28 -28 47 -30 -31 38 32 -34 39 -36 -37 43 -39 -40 -41 41 -43 -44 -45 45 -47 -48 48 -50 55 52 -53 53 54 -56 57 -58 -59 61 60 -62 -63
leaf_value=-0.0010827792867819307 -0.01161085357438278 0.019251435495995024 -0.058511185867015238 -0.0078857052118273038 -0.002441871682808636 -0.019352231503958709 -0.011188896782997771 0.031385742152452177 -0.040354060868014074 -0.032235664690999734 0.032981058415374756 -0.046876893850120838 0.024560002643099505 0.0023444185918271676 -0.055952721762856261 -0.064934713063991512 -0.01740019866939364 0.053804497825434942 -0.013757116126042582 -0.01003841331292403 -0.029887180580093431 0.050247090887077309 -0.035438134097528523 -0.054277177792448721 0.014863052958247811 -0.0287317997236981 -0.010932448686010107 0.052692059051962538 0.021106021282415691 -0.029636390260185053 0.0063220324759092131 0.06447259459853108 0.004477901624703292 -0.003833055562028505 -0.00037496023896684954 0.030553245074353103 -0.00448494761166291 0.00031606337421407905 -0.042442721827772846 -0.026754825702922192 0.056289180615314516 0.017626714492780953 -0.020387697491008182 0.021250582399283038 -0.020451256816483104 0.029394277523606738 0.018786921920289183 -0.0085975023731663779 0.052916523479427373 0.0024964450655385684 0.0023527493080974619 -0.018969490816884246 -0.017346516394614455 -0.0021382658436295064 0.053989797352747504 0.03191691085306201 -0.00099283651069097777 0.0015973340213397192 0.025450665921863902 -0.060431692484855581 0.0066100487204822506 0.0012290885501496094
leaf_weight=1731.2761462945491 123.19420534931123 43.067253813147545 22.714692313224077 13.485538959503172 1529.979795018211 43.002409130334854 12.488363357260821 41.733272455632687 26.313095882534981 13.567952603101729 20.2459916472435 25.236673653125763 198.3031890001148 26.592834308743477 18.430022120475769 15.958188295364378 27.687471985816956 20.577487798407674 14.308188706636427 26.967929467558861 12.65788349509239 36.343518301844597 19.67781600356102 19.078379020094872 133.67343535460532 17.43902188539505 111.17601501941681 47.636042788624763 28.073981329798698 82.769622266292572 14.517568483948706 14.07654355466366 17.689657866954803 49.970364335924387 15.017820864915846 34.852652862668037 113.15262983553112 732.49290275946259 31.137366533279419 13.797919139266012 23.963364869356155 61.523461431264877 12.209566175937651 216.47111830115318 14.052289694547651 68.409215956926346 12.749629735946653 17.786158218979839 13.089353337883948 3762.4848593994975 10464.358721926808 223.32154466584325 201.35025764629245 66.004765227437019 16.478633977472782 16.159956216812134 32693.739577621222 1114.7714964449406 217.53246977552772 24.554351404309273 14.760914005339144 90.728887788951397
leaf_count=7052 517 174 104 55 6322 175 51 172 111 55 82 102 807 108 75 65 112 84 58 111 51 147 80 79 550 71 453 195 114 337 59 57 72 203 61 143 460 2986 127 56 99 255 50 883 58 279 52 72 54 15823 43585 969 837 275 74 65 134548 4530 1205 100 60 385
internal_value=8.55185e-05 -0.0101084 -0.0180796 -0.0398633 0.00012337 0.00219837 0.013484 0.00092523 0.000586452 0.00849795 0.0125639 -0.00615296 0.0186065 -0.0215701 0.000876129 -0.0148947 -0.00646742 0.00671451 0.0259914 0.00136333 0.00444301 0.00149494 -0.00922834 -0.00112647 0.00437889 0.0234502 -0.0173563 0.0319827 0.00187913 -0.01632 -0.00622301 0.00838613 0.0313391 0 -0.0312233 0.0127776 0.012775 0.00256829 -0.0268471 0.0125337 0.0165893 0.028576 0.0219209 0.0141045 0.00616417 0.020825 -0.0139723 0.0389188 0.017406 -5.13091e-05 0.00111106 -0.00455084 0.00203516 -0.00965272 0.00906632 -0.000434506 -0.00063258 0.00444583 0.0131593 -0.0155232 -0.0351811 0.0183406
internal_weight=54886.9 202.462 159.394 36.2002 54684.4 4248.17 430.159 3818.02 3776.28 339.159 296.156 72.0755 224.081 51.8295 3749.97 111.979 96.021 62.5731 34.8857 3637.99 1627.2 1202.46 254.439 2010.79 948.023 81.8565 130.254 90.9999 45.513 192.618 109.849 64.1936 31.7662 1880.53 33.4478 61.8206 424.743 866.166 45.6549 149.255 135.457 85.4868 210.513 412.085 195.614 82.4615 32.4274 78.5116 30.8755 50436.2 12501.5 1753.3 10748.2 283.834 82.4834 37934.7 36456.2 1478.51 363.737 55.4752 39.3153 308.261
internal_count=226951 850 676 159 226101 17323 1751 15572 15400 1379 1204 292 912 210 15289 455 390 254 142 14834 6637 4906 1038 8197 3868 332 532 372 185 784 447 261 129 7665 136 254 1731 3536 186 613 557 354 857 1680 797 337 132 321 126 208778 52062 7291 44771 1186 349 156716 150371 6345 1815 225 160 1590
is_linear=0
shrinkage=0.05


Tree=84
num_leaves=63
num_cat=0
split_feature=27 2 2 4 8 26 18 30 19 0 30 24 6 4 4 2 30 9 28 9 20 3 26 2 19 28 13 19 7 4 10 19 8 27 13 10 13 3 3 28 0 0 4 0 30 9 28 8 0 20 30 13 12 4 9 19 4 30 13 9 20 26
split_gain=7.64429 17.1572 8.11461 9.51006 7.81942 7.59494 8.32755 7.43234 7.2667 9.5407 7.25242 7.15879 22.0563 14.6971 14.4255 14.3575 14.0241 13.8817 13.1906 12.921 12.2087 12.1246 17.0452 10.6135 10.3704 11.7525 9.99454 9.97861 13.3133 11.8713 17.0865 12.3754 9.50115 16.2376 14.7177 14.5897 11.7662 11.9626 19.0359 17.9765 14.962 23.038 14.7175 17.4817 17.7961 15.1987 12.6691 15.0105 15.7074 14.1842 12.9167 12.0138 13.2945 11.8137 11.752 11.6736 11.535 11.3427 12.4337 23.1933 12.879 13.9984
threshold=8.0987450883097694 1726.7910089627344 716.21201253214633 0.0021752660907078196 5.4604252232671291 8.4698623344602257 0.68087038487458484 0.4637806096951525 3.3634408527287074 367.49318069621717 0.54247824220182339 13.481217486607795 1.0284458029709251 -0.031649817873179616 0.0084769429616511818 1186.8811641755312 0.98131634482649199 0.076587852335657139 0.91431972944556328 0.22557380803474525 -0.03529610459282511 0.020091963563417265 22.10770977076869 1004.6086226061437 1.5775498726195143 0.24196100169676826 0.033534357674644105 2.6515047660146451 1.9246428571428569 -0.0021965027819602178 0.076216611905356266 7.0625509384747476 2.8939893332707478 1.472796708903598 0.068041550675327384 0.095701675430700975 0.84214987846188605 -0.012065446465555149 -0.014368570468402531 0.6388812262683029 70.089683803323723 479.7918317473314 -0.0059769104445503013 1278.3981763922832 0.12709655237083115 0.11278368858721741 0.22437713136328954 3.193454234445158 233.4270193286207 -0.015362840519125674 0.30168544645393436 0.3012257169634624 0.07838823903401311 -0.0021258010421523394 0.044088340006174502 1.3537488280803014 -0.008524195584685158 0.85267832920006015 0.17593304322950773 0.050094774457612255 0.01463439985194981 17.954110696910487
decision_type=2 2 2 2 2 2 2 2 2 2 2 2 2 2 2 2 2 2 2 2 2 2 2 2 2 2 2 2 2 2 2 2 2 2 2 2 2 2 2 2 2 2 2 2 2 2 2 2 2 2 2 2 2 2 2 2 2 2 2 2 2 2
left_child=11 2 3 5 -4 8 -7 -3 -2 -10 -8 12 13 -1 16 17 18 -14 19 27 -16 23 24 -19 -23 -26 -17 32 -29 30 -30 -32 33 57 -34 -36 37 38 40 42 -37 -42 45 44 51 -39 50 53 49 -49 -46 52 -44 -48 -35 -51 -47 58 60 -60 -15 -62
right_child=1 7 4 -5 -6 6 10 -9 9 -11 -12 -13 15 14 20 26 -18 21 -20 -21 -22 22 -24 -25 25 -27 -28 28 29 -31 31 -33 34 54 35 36 -38 39 -40 -41 41 -43 43 -45 46 56 47 48 -50 55 -52 -53 -54 -55 -56 -57 -58 -59 59 -61 61 -63
leaf_value=-0.05453751525457589 -0.065478994799729559 -0.013713265672058925 -0.056149360799423599 0.014387383883758417 -0.0074992971588283665 -0.043487982447556771 0.025633086473311379 0.031632185808975033 0.012381029076757533 -0.048839378421097868 -0.014874871013528232 -4.8717855995713481e-05 -0.018408184125694633 0.0080228188675128924 0.015587439896058595 -0.010635022450682947 0.050686869649409584 0.020429759856303357 -0.044650885571930539 0.030817033473776446 -0.033718198818659326 0.048218349501058043 -0.04844721533674104 -0.025471916086673808 0.031677931833192938 -0.023398120663267977 0.037165794732260192 0.028809765436428898 0.057440612701002418 -0.015244405777814801 0.0060399434263981372 -0.044065405631118049 -0.017438571558714679 -0.056576364074644392 0.022129874501126266 -0.029124265873430363 -0.037558951634312381 0.047086458923789952 -0.020948371656119822 -0.030748612925254298 0.025075591233667118 -0.0047165901946558701 -0.025521940473541255 0.020037012269898038 -0.0080142080449509909 -0.0083183372799138164 -0.010856836356479672 0.035253456522587059 -0.0084274204679182282 0.015076204544850761 -0.054246351355610435 0.071285995474231575 0.031994876894667325 0.039240154169274288 -0.01174303633761045 -0.033898507466359896 0.033427706869359197 0.048373759475526065 -0.020195376632084681 0.00041922045994920133 0.016887034829565384 -0.013998488292769153
leaf_weight=11.823932021856306 13.414482980966566 12.574892178177832 22.496402759104967 28.087313696742058 13.476753443479536 12.062997613102196 19.84306825697422 30.513740852475166 12.01453782618046 13.122161269187925 24.583491941913962 50431.821638153866 42.953736901283264 664.55855555646122 16.363896980881691 12.487061297520993 14.323476642370222 210.68716849759221 15.460491329431532 37.049715938046575 51.559193661436439 12.274471789598463 17.638575255870819 13.215358093380926 14.886853143572806 27.188356965780258 78.129997953772545 24.429065689444542 13.503492802381514 240.76808447018266 67.837840422987938 14.936702534556387 69.55988883972168 17.176820605993271 128.90799174271524 30.059744194149971 16.304397240281105 49.54828742146492 100.80208098888397 28.438881143927574 113.24533724971116 151.23627005517483 13.612955585122107 189.9391583353281 95.362863704562187 36.617228999733925 15.638414740562437 47.723962664604187 214.00435516983271 34.110563710331917 17.965842097997665 12.482361182570456 36.904301777482033 45.35573248937726 99.594803422689438 18.761285603046417 29.845822274684906 12.362307861447333 172.63186974823475 647.35974064283073 48.285482406616211 150.55330249667168
leaf_count=51 63 51 104 115 55 50 82 123 50 54 103 208778 175 2690 66 51 58 858 63 153 210 50 72 54 60 110 321 105 55 978 277 61 280 71 529 125 68 203 412 115 463 614 55 771 386 149 64 197 877 141 73 51 150 186 405 77 122 50 715 2649 194 613
internal_value=8.12176e-05 -0.00962023 -0.0172149 -0.0110369 -0.0381333 -0.0186102 -0.00680171 0.0182818 -0.0357217 -0.0194467 0.0031226 0.000117201 0.00208881 0.000878542 0.00105348 0.0128312 0.00147003 0.00807852 0.00127797 0.00147205 -0.0217606 0.0119453 -0.00584633 0.017688 0.00795106 -0.00376391 0.0305192 0.00117364 -0.00670975 -0.00930681 0.00549021 -0.00298352 0.00203652 -0.000395385 0.0049853 0.00608312 0.00448399 0.00502562 -0.00219679 0.00825273 0.00420861 0.00802554 0.0095549 0.00695385 0.00243953 0.0261245 -0.000775497 0.00363548 -0.00075307 0.0155156 -0.0154288 0.0274314 0.0163772 0.0263171 -0.0184235 -0.002239 0.010375 0.000844116 0.00048925 -0.00391658 0.00467935 -0.00646848
internal_weight=54880.5 202.19 159.101 123.128 35.9732 95.0407 56.4896 43.0886 38.5512 25.1367 44.4266 54678.3 4246.47 3817.01 3805.18 429.462 3737.26 338.845 3722.94 3707.48 67.9231 295.891 71.9883 223.903 54.3497 42.0752 90.6171 3670.43 361.475 337.046 96.278 82.7745 3308.95 1812.52 1496.43 1426.87 1297.96 1281.66 395.343 886.312 294.541 264.482 857.873 741.862 551.923 116.011 488.923 375.594 314.6 100.596 113.329 62.9996 50.5173 60.9941 116.772 52.8718 66.4631 1695.75 1683.39 819.992 863.397 198.839
internal_count=226951 850 676 517 159 402 235 174 167 104 185 226101 17323 15572 15521 1751 15245 1379 15187 15124 276 1204 292 912 220 170 372 14971 1476 1371 393 338 13495 7387 6108 5828 5299 5231 1614 3617 1202 1077 3502 3028 2257 474 2001 1542 1292 415 459 256 205 250 476 218 271 6911 6861 3364 3497 807
is_linear=0
shrinkage=0.05


Tree=85
num_leaves=63
num_cat=0
split_feature=26 27 10 9 0 28 9 0 19 24 13 20 0 0 11 26 26 6 12 23 23 0 19 4 13 9 17 20 21 20 13 0 27 17 20 22 3 4 9 21 4 22 21 21 6 7 18 24 10 11 9 21 21 22 20 0 0 28 0 7 0 24
split_gain=9.71209 13.8494 10.0996 61.612 19.8758 21.2465 17.5105 14.5623 18.425 15.787 13.1053 20.5631 22.6664 17.7945 14.2077 12.3175 14.6882 14.4432 18.5936 12.8362 14.6558 12.8066 14.7875 12.277 12.1203 13.2164 12.0687 18.5194 12.0415 11.826 16.8619 11.7962 11.8051 11.1126 20.6852 28.1255 20.5932 26.0538 20.3906 17.1044 23.9268 15.7568 20.1798 14.2204 14.1674 16.339 14.0575 13.7977 13.3896 13.6178 15.4199 15.5854 13.1428 18.7017 12.4218 12.1976 21.316 12.1571 12.0465 11.85 14.465 12.3229
threshold=47.144160928016277 -5.2013443708771243 0.95027133646703243 0.46506606107091125 330.07867722209318 0.81175244801889812 0.39585138187143482 266.2431144675927 3.239329523156059 22.371409212960845 0.89992830389183431 -0.075675485062606893 119.17954804568284 34.712815011546084 0.024845234318092539 9.3851862306931206 25.517767404794071 1.0665971138447392 0.47513141084364907 26.753904676665581 43.572910493515167 983.64551026273978 0.98208853204575408 0.012147675385475608 0.45692106848764824 0.46506606107091125 0.89107954199758688 0.42701002978519459 -0.266509828452482 -0.17677833169643078 0.31215964542979541 266.2431144675927 5.1010321629863613 0.084154679618904951 -0.16195030461313623 0.44019871766037039 -0.055332297087492766 -0.0011041009769603284 0.19796647504061826 -0.14697604372295528 -0.00066020127326520952 0.07813352839978778 -0.29806942611854614 -0.10259444782980758 0.9004926072992151 75.694642857142881 1.2378094651423679 22.976272822890497 0.75859256342464987 0.24405163064937616 0.25207192768292142 -0.098894261397690961 -0.12029729543614219 0.11021690983325756 -0.051888372113838059 109.06654674817889 62.932881003965825 0.31865080541485774 367.49318069621717 8.0321428571428584 1160.8654392173132 44.270571730254538
decision_type=2 2 2 2 2 2 2 2 2 2 2 2 2 2 2 2 2 2 2 2 2 2 2 2 2 2 2 2 2 2 2 2 2 2 2 2 2 2 2 2 2 2 2 2 2 2 2 2 2 2 2 2 2 2 2 2 2 2 2 2 2 2
left_child=2 -2 3 10 5 6 23 9 -9 -7 33 12 13 -12 -13 -6 -17 18 21 -20 -21 22 24 -4 25 -18 27 -11 -8 -23 -31 -30 -33 34 41 38 37 44 -36 40 -40 47 -43 54 45 46 -35 -1 -44 50 -50 -52 53 -51 -37 56 -45 -42 -54 -39 61 -61
right_child=1 -3 4 -5 15 7 28 8 -10 26 11 14 -14 -15 -16 16 17 -19 19 20 -22 29 -24 -25 -26 -27 -28 -29 31 30 -32 32 -34 36 35 43 -38 59 39 -41 57 42 48 55 -46 -47 -48 -49 49 52 51 -53 58 -55 -56 -57 -58 -59 -60 60 -62 -63
leaf_value=-0.029288817583606949 -0.034345669352287382 -0.0039012531745179512 0.010302585447151244 -0.068073771941106087 -0.010559869402844237 -0.029362088678111648 0.018233740202993891 0.013223903696204959 -0.055259040210490717 0.029265414036619003 0.015499314007506815 0.026119070110828875 0.025018995289883373 -0.051510142596523013 -0.02833662923678449 0.0069048231900798798 0.0035671065488309985 -0.053556156623302077 -0.0064664669968406314 0.046678078873399413 -0.013371441998501274 -0.03039411721171556 -0.020359828794839413 0.042552218504369313 -0.015677136153715149 0.040073625159989093 0.047995478010683365 -0.023430635385438527 -0.0092104029429752651 -0.023477756819330925 0.041592594257531104 0.0014101338466652302 0.051158382481705081 -0.022589544743808341 0.00017192309455961102 0.034290417948796593 -8.4947273049339146e-05 0.044642766731124633 -0.0085072915790222903 -0.0021235673858540248 -0.066622489332610724 0.041815750797403878 0.021846025635307697 0.0078494368657786463 -0.049606542193685738 -0.06210516952570825 0.031427207056697389 0.0036761082461116397 0.013197530913293702 -0.012171935162837643 -0.023102306223507361 0.012222918709288046 0.031123424182956768 0.046589163587073879 -0.0010077280198081725 0.0034845493433262814 0.055010552071332187 -0.027223164264791457 -0.016389043107301559 -0.032416527026881949 0.029382636516021562 0.02275286277783203
leaf_weight=37.41039502620697 39.213707357645035 775.32128295488656 213.48970038443804 33.136599183082581 251.08342017233372 11.588970988988875 63.719317883253098 46.637460898607969 12.330915927886961 114.0322265997529 16.949639052152634 12.987214729189871 61.135636478662491 23.324420507997274 133.20830355584621 599.99397030100226 70.981809541583061 14.723640590906141 35.334046393632889 41.488434508442879 13.24039965867996 94.061243563890457 67.650647465139627 34.361976616084576 39.948338538408279 38.309364974498749 65.061555087566376 19.341685255989432 311.85189647041261 25.773901984095573 16.07353638112545 44.931503251194954 16.246641397476196 30.877116337418556 2397.7266785167158 85.398275062441826 46515.263010030612 15.169824600219725 144.46665461361408 254.66741441190243 31.644372716546059 57.568992495536804 182.50790712237358 90.991797149181366 55.364168390631676 14.233098581433294 19.593142032623291 205.80034725368023 103.3308406919241 17.662137091159821 99.805302083492279 45.139149025082588 20.625378772616386 55.767512887716293 34.788379520177841 802.94952053576708 32.613487631082535 53.68280291557312 37.32531426846981 38.998317629098892 22.890442177653313 13.468564867973326
leaf_count=152 192 3382 885 171 1141 47 259 234 51 465 69 54 248 96 555 2440 289 61 142 167 54 382 277 146 161 155 455 81 1348 108 66 185 71 126 9881 355 191685 62 595 1034 129 255 766 435 224 58 82 845 423 73 409 184 85 233 142 3419 133 219 156 159 93 57
internal_value=4.14912e-05 -0.0053771 0.000123236 -1.94928e-05 0.00339333 0.00888353 0.00419481 0.020792 -0.00108127 0.0269547 2.41057e-05 -0.011449 0.00580946 -0.0232163 -0.0234504 -0.000603814 0.00175593 -0.00498449 -0.00334663 0.0169 0.0320614 -0.00853272 -0.000965371 0.0148092 0.00780045 0.0164342 0.030282 0.0215742 -0.00181932 -0.0205627 0.00143604 -0.00526206 0.0147649 7.93668e-05 0.00237252 0.000831456 -0.000155701 -0.0157522 -0.00171658 -0.0110717 -0.0209614 0.00938221 0.0136149 0.0078517 -0.0310184 -0.0149841 -0.00150006 -0.00138392 0.0107112 0.00534092 -0.00153017 -0.0120659 0.0183548 0.0323899 0.0240394 0.00574418 0.0203678 -0.0419542 0.000459593 0.0044523 -0.00362043 -0.0181428
internal_weight=54875.3 814.535 54060.7 51798.5 2262.26 953.594 684.601 268.993 58.9684 210.024 51765.3 247.605 101.41 40.2741 146.196 1308.66 1057.58 457.585 442.862 90.0629 54.7288 352.799 216.89 247.852 149.24 109.291 198.435 133.374 436.749 135.909 41.8474 373.03 61.1781 51517.7 4791.87 3928.93 46725.9 210.595 2882.19 484.461 229.794 862.943 619.733 1046.74 120.068 64.7034 50.4703 243.211 562.164 379.656 248.275 144.944 131.38 73.4296 120.187 926.555 123.605 85.3272 57.9507 90.5271 75.3573 52.4669
internal_count=226906 3574 223332 213662 9670 4227 2894 1333 285 1048 213491 1022 413 165 609 5443 4302 1862 1801 363 221 1438 882 1031 605 444 1001 546 1863 556 174 1604 256 212469 19923 16342 192546 861 11858 1977 943 3581 2584 4484 490 266 208 997 2329 1563 1016 593 547 306 497 3987 568 348 241 371 309 216
is_linear=0
shrinkage=0.05


Tree=86
num_leaves=63
num_cat=0
split_feature=26 30 0 27 1 10 8 9 9 10 0 8 13 13 20 30 24 12 2 7 6 30 8 30 9 1 13 17 30 12 20 2 10 13 19 7 7 13 24 27 29 12 30 26 4 7 23 0 30 30 10 10 30 1 19 6 8 24 12 7 20 9
split_gain=8.76895 14.9072 19.2837 11.5663 9.63059 17.5997 36.0427 22.9922 22.5104 17.7786 16.422 16.0444 16.0394 15.785 16.6327 14.3321 13.5099 13.3078 27.8896 28.5536 19.4241 19.1426 26.0588 18.7731 17.3942 17.961 22.475 17.4973 16.9414 23.3339 16.1775 22.5397 17.5838 21.7933 23.1683 18.3244 17.6082 24.0083 15.8621 18.2682 16.4898 28.9624 19.1591 15.7842 15.6596 20.2031 15.6092 15.1422 20.5426 20.8498 16.0423 15.0829 15.0723 18.0741 17.0377 14.1807 14.1061 13.7921 14.2586 13.7019 13.4253 13.3961
threshold=47.144160928016277 0.99301309510733604 947.58888558852129 -8.2571353604937503 275.90001608117768 0.9541665393090456 3.9411840278938399 0.39585138187143482 0.41003933480736521 0.90703717124135652 313.30963711652447 7.1860961758085944 0.93556721056721071 0.85981135268713327 -0.081098189292851328 0.93091223111948518 24.139911138030225 0.12931542586738029 75.124656346470161 6.9464285714285756 0.89574667686463416 0.036237853066876782 1.4414172208220253 0.88792348571773672 0.11834713752396801 55.982467700472483 0.4178570939148743 0.44511588924239509 0.69956712741710181 0.079282325891986832 0.05185931547694423 80.664732346369973 0.16697081203483247 0.024193226263660581 0.36762924821205956 5.3932142857142882 3.3789285714285717 0.061274945822338632 23.923101078499133 -3.1025850555107435 1.0000000180025095e-35 0.079282325891986832 0.57772060930188152 17.286139279815263 0.0045256055690473711 3.1357142857142848 78.421244026243343 25.581014644250892 0.67631565165690632 0.85664637607642802 0.78994669041718313 0.28621599787862534 0.33360345759049165 219.71647588026215 0.67962880751709187 1.1051060149086827 4.8441575640585794 15.318111787294145 0.089509908207322741 2.1678571428571414 0.048284911857393815 0.2493664831034251
decision_type=2 2 2 2 2 2 2 2 2 2 2 2 2 2 2 2 2 2 2 2 2 2 2 2 2 2 2 2 2 2 2 2 2 2 2 2 2 2 2 2 2 2 2 2 2 2 2 2 2 2 2 2 2 2 2 2 2 2 2 2 2 2
left_child=4 3 -3 -2 5 7 -7 13 15 -9 11 -6 -10 17 -15 16 -8 18 19 24 23 22 -20 -19 28 26 44 57 -1 -30 32 -32 33 -23 -35 36 37 -36 39 -21 -40 42 -42 46 45 -26 -29 48 -22 -50 -51 -41 53 -53 -54 -44 -45 -27 -59 -33 -43 -34
right_child=1 2 -4 -5 10 6 8 9 12 -11 -12 -13 -14 14 -16 -17 -18 20 21 38 47 30 -24 -25 25 27 -28 43 29 -31 31 59 61 34 35 -37 -38 -39 40 51 41 60 55 56 -46 -47 -48 -49 49 50 -52 52 54 -55 -56 -57 -58 58 -60 -61 -62 -63
leaf_value=-0.0012112578325500208 -0.057058224449954897 0.054949342239065072 -0.0091572571583899282 -0.0060236693454100605 -0.0063038502553293772 0.041326723743616511 0.045114217195874246 -0.069510581522295223 -0.001795042127268769 -0.013205326689302174 -0.00012782428760667002 0.028595504765756383 0.055477474850970279 0.0042385415465500485 -0.026565833942549456 0.041827999041151281 0.0064613204764946072 0.022659344059069695 -0.0028608169971873812 0.029776842962909097 0.053423015931836793 -0.053599185180008529 0.051445635433347292 -0.012075406358275855 -0.015391992954043804 0.049351764244269319 0.044251944772662019 -0.01350418662347444 0.00055153676276919171 0.053139242655448754 0.050723529904661037 -0.023944708614519607 0.011326991571851087 -0.037100361395929544 0.033637485362872747 -0.016273398120394796 0.02622385466072992 -0.0084724937791588514 0.0031198709323589642 0.021837652825003745 -0.0011719375107972709 0.041956098226648579 -0.042886393301236871 -0.034409796645482264 0.021543298006996434 0.0031880789625037412 0.043044500844697076 -0.0016729203988084182 -0.052709723452765048 0.03811637516271868 -0.025056998904161954 -0.00095966027286660993 -0.030843325114127431 -0.044246046015000942 0.016486141424787219 -0.0028658821806252901 0.0074397850179580803 -0.04747309299119034 0.0035184150344811775 0.0017302520610086346 0.00068330021518942202 0.053533020560199721
leaf_weight=1963.085025370121 11.196020428091286 22.895358800888062 23.671537578105927 756.6082825679332 1445.4051864109933 73.914537880569696 25.964542075991631 15.971097428351639 563.2423806656152 114.60504863597453 34996.219115514308 33.555944584310055 12.394060522317885 74.27190688252449 105.83124938979745 48.516145974397659 175.26653847098351 158.25490210950375 37.708906482905149 108.01287363469601 29.182354692369699 17.927399471402168 52.6318219602108 51.290532439947128 305.45238137617707 13.572959795594214 24.850607395172119 207.79868951253593 54.364841401576996 34.573746114969254 22.836325153708458 53.900464594364166 1152.6965676881373 33.679725361987948 44.556092083454132 73.504535978659987 121.96280641853809 139.58672854304314 3110.6712327264249 115.4426311403513 80.756179377436638 29.141022086143494 88.406389445066452 176.34059433266521 54.252038778737187 279.97605048120022 12.831908360123633 5763.6035508960485 13.283590402454136 31.661637559533119 14.520985439419745 87.192267986014485 21.755124658346176 33.370194390416145 143.80761368572712 29.901816407218575 22.477797642350197 15.937884658575056 93.64981746673584 1369.8296534828842 61.198944361880422 19.090390563011169
leaf_count=8525 52 93 97 3332 5920 590 105 86 2344 498 143281 137 50 303 443 200 725 671 311 449 119 73 221 209 1294 55 108 852 226 141 100 222 4670 138 186 299 494 570 13493 481 327 118 357 725 223 1211 55 23725 55 129 59 358 88 135 582 122 91 65 380 5612 249 77
internal_value=3.94749e-05 -0.00510981 0.0223048 -0.00678169 0.000117153 0.00107852 0.00789216 0.000710844 0.00488733 -0.0201783 -0.000346076 -0.00550676 -0.000543798 0.000876073 -0.0138395 0.0174206 0.0114934 0.00103836 0.00213166 0.000409719 -0.000820102 0.00606135 0.0287443 0.0141317 -0.00304558 -0.0078079 -0.00228716 -0.0145582 -0.000241383 0.0210872 0.00538682 0.00154888 0.00884679 0.000202383 0.00256065 0.00610146 0.0114942 0.00170223 0.00329141 0.0115193 0.0020565 -0.009353 -0.0200159 -0.0194236 -0.00410959 -0.00649867 -0.0101746 -0.00135655 0.0191348 0.00216289 0.0181338 0.00658973 0.000414715 -0.013009 0.010222 -0.0328246 -0.0296519 0.0019736 -0.00388847 0.000753108 0.0140836 0.0120234
internal_weight=54870.1 814.371 46.5669 767.804 54055.7 17580.5 899.298 16681.2 825.384 130.576 36475.2 1478.96 575.636 16550.6 180.103 249.747 201.231 16370.5 10308.7 7168.82 6061.8 3139.91 90.3407 209.545 3259.16 1207.14 664.531 542.61 2052.02 88.9386 3049.57 1446.57 1603 431.217 413.29 379.61 306.106 184.143 3909.66 509.581 3400.08 289.404 199.064 419.449 639.68 585.428 220.631 5852.25 88.6486 59.4662 46.1826 401.568 286.125 120.562 165.563 118.308 198.818 123.161 109.588 1423.73 90.34 1171.79
internal_count=226906 3574 190 3384 223332 73994 4014 69980 3424 584 149338 6057 2394 69396 746 1030 830 68650 43683 30710 24967 12973 532 880 13951 5059 2836 2223 8892 367 12441 5934 6507 1760 1687 1549 1250 756 16759 2093 14666 1173 806 1723 2728 2505 907 24087 362 243 188 1644 1163 493 670 479 816 500 445 5834 367 4747
is_linear=0
shrinkage=0.05


Tree=87
num_leaves=63
num_cat=0
split_feature=27 1 1 2 13 30 1 30 22 30 28 10 19 22 4 7 28 28 13 28 7 2 19 24 22 19 20 30 13 13 13 17 6 7 21 2 20 13 4 21 22 17 25 10 9 7 11 20 22 9 4 7 1 22 13 9 19 9 9 10 20 22
split_gain=8.37301 20.006 29.5987 18.0596 19.3431 16.2229 13.4274 17.1677 12.6329 11.9587 18.1349 15.6827 14.6954 16.2529 12.3223 12.1068 14.3131 15.3884 12.034 11.882 20.6967 11.8258 12.1523 11.817 13.3584 11.4413 10.8621 18.1333 12.5672 20.3471 10.746 15.2554 15.0891 12.7587 14.7249 10.6411 10.499 12.5547 10.6805 12.479 11.7225 10.5258 10.3189 10.039 24.7711 18.7793 20.4685 17.3306 13.3265 13.1667 12.2664 24.6825 24.0425 12.6853 14.2908 17.8318 17.433 13.059 13.0405 101.391 29.5712 21.7072
threshold=4.8567656987765284 682.02640466606806 1019.1322516078917 39.56244376223426 0.038766273035405592 0.60109791867566709 877.70909321248848 0.82928931875525669 0.56254721546045217 0.78609160660311572 0.23497681971057896 0.76629073818683324 0.08503218166613967 0.8938208080877823 0.011733804783956801 36.364285714285735 0.25527659388765128 0.29183435185249029 0.26615340596843023 0.13173904680606149 4.200000000000002 1552.4760545641655 5.3873547473984891 48.215410653518127 0.018266905049280021 0.16297121000808104 0.29789930650391355 0.85664637607642802 0.54289884874887961 0.40669010835084257 0.24721056583536363 0.28160309830232361 1.0683789134561974 18.818019480519489 0.15862558368171356 755.43948491203798 0.34545867674187952 0.054588362803235847 0.015691207473290881 0.37880201203300706 0.93637807733202483 0.85069183794286418 32.545039425843235 0.9541665393090456 0.48456588029157138 6.5000000000000115 0.011901993987373778 0.17065503034614773 0.50261675801231787 0.34672152709217602 0.01645754605261807 6.214285714285718 91.357167943647596 0.93007278628391699 0.078309959607938961 0.36340060726735629 6.6780092905847779 0.25207192768292142 0.27604275653728449 0.72345794612675651 -0.16195030461313623 0.43143969422341349
decision_type=2 2 2 2 2 2 2 2 2 2 2 2 2 2 2 2 2 2 2 2 2 2 2 2 2 2 2 2 2 2 2 2 2 2 2 2 2 2 2 2 2 2 2 2 2 2 2 2 2 2 2 2 2 2 2 2 2 2 2 2 2 2
left_child=43 3 6 4 8 19 25 -8 -2 10 12 -11 -4 -14 15 18 -17 -18 -12 20 -5 -13 -23 24 -6 -3 27 28 29 35 33 -32 -33 -26 -35 -27 38 -38 39 40 41 -7 -10 44 50 46 -45 48 -48 -47 53 52 -52 58 55 57 -56 -55 60 -60 -1 -61
right_child=1 2 9 5 23 36 7 -9 42 11 14 21 13 -15 -16 16 17 -19 -20 -21 -22 22 -24 -25 30 26 -28 -29 -30 -31 31 32 -34 34 -36 -37 37 -39 -40 -41 -42 -43 -44 45 -46 49 47 -49 -50 -51 51 -53 -54 54 56 -57 -58 -59 59 61 -62 -63
leaf_value=0.0087961276212642023 0.038203706727693715 -0.036528558177976032 0.02488757673140729 0.052441054073080751 -0.030228655857609546 0.01084063730360927 -0.023088807872096558 -0.070104977535508151 -0.037369486064683606 -0.064482150569161387 -0.055796756080602583 -0.020651391795239213 -0.013021149587716352 0.036360378166477712 -0.0181067753637385 0.038285660561020535 -0.0097284904388329346 0.014741952064635543 0.0047000287438699051 -0.011067720980231399 -0.012086518992893825 -0.0041398269677052433 0.045613559274620671 0.051531136990604499 -0.0010101060795633025 0 -0.043441176708005604 0.049346547500116938 -0.052314496469492593 0.055806871621737655 0.03099026398449059 -0.033025281226146015 0.033248421967503529 0.070783343697814957 0.0055061654950953757 -0.029605026904301612 0.0092109258266200832 -0.027946134935687639 0.031385595896193365 -0.023085518928814025 0.053321974200122628 -0.018767323034761856 -0.0034392753714771354 0.044062953822858325 -0.067529747581986085 0.018605131208844237 0.012632903598507073 -0.011398236620189328 0.056516645405478932 0.00060200249576044011 -0.0088036073078410684 -0.0092802860218159488 0.054822537630204386 -0.0026523535443002096 0.017252164004377946 -0.039993709218826654 -0.031614930929584915 0.014979126378255079 -0.071669175326630752 -0.0069060063173163148 7.4516330092962271e-05 0.0019496088340266165
leaf_weight=993.44913623481989 15.419885918498037 38.422121338546276 31.539074406027794 20.886706322431564 17.061710149049759 198.60148878395557 116.48939853161573 23.460542412474751 26.69645438157022 13.806442707777022 13.342075824737547 107.85584506206214 343.01876664161682 17.369982585310936 44.385080205276608 45.91677562892437 85.884563023224473 252.00560937821865 20.785110831260681 475.55823780037463 30.189559072256088 76.378948258236051 14.498061448335646 20.790488839149475 136.0775398965925 98.108918979763985 18.251329034566879 15.032441064715384 14.390614643692968 13.084478393197058 140.21593701839447 20.781325250864029 14.453654512763022 14.677477121353148 21.288446769118309 43.679193688556552 42.700789647176862 48.07954777777195 45.006658613681793 34.215762078762054 14.038635939359663 35.165046008303761 139.92311084456742 53.457530125975609 13.455296983942388 108.95392236113548 102.7679492905736 67.034523475915194 20.87916761636734 1489.9773639384657 28.210866773501039 649.81780980154872 30.919685691595078 318.71938802301884 310.34805612266064 25.127428373321891 19.232474632561207 156.28930778801441 52.99163231626153 1228.6394682172686 44648.987597828731 1582.8115702327341
leaf_count=4120 64 157 140 87 69 818 516 98 109 59 54 442 1394 70 183 187 352 1031 85 1959 122 310 59 87 557 398 74 61 61 54 586 86 62 60 86 180 196 213 189 139 57 151 591 455 69 450 419 278 85 6225 116 2640 130 1291 1256 113 79 636 284 5051 184429 6527
internal_value=3.75618e-05 -0.00254904 -0.00675042 0.00147101 0.00852289 -0.00276066 -0.0187148 -0.0310505 -0.00488653 -0.00247224 0.000163049 -0.0130827 -0.00774222 -0.0106178 0.00687572 0.00954455 0.012091 0.00850625 -0.0188991 -0.00860013 0.0142541 -0.00945608 0.00378403 0.0148702 0.0127521 -0.0115199 -0.00673549 -0.00305171 -0.00776117 -0.00355797 0.0148849 0.0235983 -0.00568065 0.00596139 0.0324064 -0.00910698 0.00458815 -0.0104225 0.00877218 0.00513582 0.0090604 0.00635927 -0.00892485 0.000185155 5.16203e-05 0.00380913 0.0167249 0.00901543 0.0201232 0.00183298 7.00251e-05 -0.00645948 0.0244188 0.000163966 0.00629383 0.000955579 0.0143767 0.00314024 5.8998e-05 -0.00321331 0.000264479 -0.00191874
internal_weight=54861.6 2959.53 1447.71 1511.83 567.386 944.442 380.919 139.95 182.039 1066.79 854.247 212.539 391.928 360.389 462.319 417.934 383.807 337.89 34.1272 526.635 51.0763 198.733 90.877 385.347 364.556 240.969 202.547 184.296 169.263 154.873 347.494 175.451 35.235 172.043 35.9659 141.788 417.808 90.7803 327.028 282.021 247.805 233.767 166.62 51902.1 50059 1843.07 244.139 190.682 123.647 1598.93 50045.5 708.948 59.1306 49336.6 829.717 500.136 329.581 475.009 48506.9 2864.44 45642.4 2811.45
internal_count=226906 12253 5965 6288 2357 3931 1599 614 764 4366 3496 870 1604 1464 1892 1709 1570 1383 139 2168 209 811 369 1593 1506 985 828 754 693 632 1437 734 148 703 146 578 1763 409 1354 1165 1026 969 700 214653 206741 7912 1237 782 504 6675 206672 2886 246 203786 3375 2040 1335 1927 200411 11862 188549 11578
is_linear=0
shrinkage=0.05


Tree=88
num_leaves=63
num_cat=0
split_feature=22 21 30 3 28 1 12 1 30 10 9 4 10 20 17 20 9 10 11 12 25 21 19 6 1 10 9 10 6 1 24 22 24 1 4 1 4 9 22 10 25 24 4 1 12 4 9 12 11 19 28 28 28 30 30 24 24 4 30 30 30 1
split_gain=8.34562 30.8619 30.965 26.7638 20.5073 41.3107 28.2763 27.6962 20.6678 19.7686 36.8275 21.0952 20.8649 19.5841 18.8825 18.8765 20.3573 23.0116 27.4527 18.478 18.1433 17.9591 18.8937 28.3865 17.6497 17.3562 17.2975 29.3086 25.4964 16.2957 24.7265 16.1839 16.0837 16.1331 16.0794 15.5937 15.5802 15.5392 15.4337 15.1001 14.7137 22.7893 14.2519 13.7929 13.4093 13.2639 20.2387 18.7641 18.283 18.1254 19.8161 17.0693 15.3263 20.5054 14.8914 14.8039 14.2164 20.724 16.7791 15.8258 13.2294 15.7947
threshold=0.33732535718673456 -0.11003744791010527 0.49540439623565996 -0.0029079471437076739 0.028131069484978982 1.0000000180025095e-35 0.058392572407798209 210.43383719405969 0.34921986966279989 0.53969540274240446 0.16164762003427882 -0.00066020127326520952 0.3926745128102378 0.056949035161128599 0.756816622492547 -0.12029687637724722 0.15811209684450525 0.53558385647833451 0.1417992310602246 0.272140576126086 20.775144751369734 -0.22047272664801795 5.3873547473984891 1.06055964335248 172.49731715686565 0.32963986085533054 0.11906930172892789 0.19895740864870742 0.99959378071932681 437.60079623168286 35.635483273314911 0.39086640343691004 24.447617191989391 214.68690484578948 -0.0071337055284342588 1256.5309170178946 -0.00073448962358595854 0.19658998057969831 0.44019871766037039 0.056208202514536738 25.672076537881825 27.106356260350402 0.002094740160916206 1884.4978289497767 0.22464068328970438 -0.006474751090734321 0.26330394361814319 0.14273661590643663 0.19755628206932449 0.4124453598223129 0.44864045090911525 0.17704229965026555 0.094856776650245403 0.051982196877931215 0.067900811513839365 15.835987465061939 13.481217486607795 -0.008524195584685158 0.49540439623565996 0.66851340290566819 0.8957217208613858 968.7233755086346
decision_type=2 2 2 2 2 2 2 2 2 2 2 2 2 2 2 2 2 2 2 2 2 2 2 2 2 2 2 2 2 2 2 2 2 2 2 2 2 2 2 2 2 2 2 2 2 2 2 2 2 2 2 2 2 2 2 2 2 2 2 2 2 2
left_child=3 2 15 13 -5 -6 7 -7 14 10 11 26 -12 42 36 -2 24 18 34 40 -15 25 23 44 -17 -4 28 -28 -8 30 -27 -32 38 -34 -18 -29 -9 -14 -26 -35 -11 -42 -1 -38 -23 46 47 52 49 50 -49 -51 -3 -54 -55 -48 57 58 -56 -60 61 -46
right_child=1 45 21 4 5 6 9 8 -10 19 12 -13 37 20 -16 16 17 -19 -20 -21 -22 22 -24 -25 32 29 27 35 -30 -31 31 -33 33 39 -36 -37 43 -39 -40 -41 41 -43 -44 -45 60 -47 55 48 -50 51 -52 -53 53 54 56 -57 -58 -59 59 -61 -62 -63
leaf_value=0.00012765701837903821 0.028466906911295671 -0.039526251548015798 0.021155566372604535 -0.021357070944593253 0.053872488090951715 0.051931188785392914 -0.008153214508412417 -0.02952595979636103 0.040689383690647278 -0.0016250652423823856 -0.071924293757156268 -0.014471867325033581 -0.0068451104262713114 -0.016868837210802332 -0.04311089899846568 0.0302287695522186 -0.06327103151561507 0.0081186591510594274 0.024599233498219075 -0.014161495433213349 0.054774232987710364 0.0011162687188241182 -0.020435417440363611 0.020937286492464312 0.0061769926016829674 0.019743316848218423 -0.063260306499169042 0.0013934586784211985 0.014204083666757223 -0.0034294821553654481 0.02801956958845124 -0.037435827786455239 -0.050457994996594847 -0.035224283792571497 -0.017707210839367212 -0.032013483164281431 0.033636461696948609 -0.059424119957137866 0.025751762922903394 0.0071603605704571062 0.0274661268713099 -0.014206138758997802 -0.01072848768531217 -0.0084628098782171968 -0.00058227309978442791 0.00015440214197625819 0.038939976164579712 -0.052673456848367398 0.045471966767891829 0.03996238771349412 0.0091247196821480827 -0.011812306594715626 0.049407890758728791 -0.049626120029358407 0.025261341106954632 -0.023534314816455643 -0.00034459898798896342 0.050149171363568612 -0.059012722924149635 0.016306546221707682 -0.038234234219732183 -0.022418907199472933
leaf_weight=11942.79013476707 138.65393742918968 22.243206441402435 183.82734696567059 193.83824937045574 29.890932142734528 36.810803890228271 255.6497576199472 25.149416521191597 30.704713597893715 245.37346412613988 33.003226276487112 642.04555527307093 46.04397551715374 12.309735136106609 25.752453032881021 126.72055992484093 30.023446172475815 203.87364177405834 26.150233596563339 149.51305805891752 30.075744569301605 1022.2456001322716 120.76686214283109 147.81260356493294 194.98049814999104 225.88638142868876 26.36451268568635 139.06821769662201 254.00696273893118 352.33217392116785 12.757686540484427 34.942998323589563 14.410361394286154 22.793785095214844 55.840733900666237 46.433927806094289 45.155130982398987 20.317863991484046 210.16108173131943 252.9244882017374 133.85435368493199 43.204924969002604 310.05359148234129 33.799634799361229 297.31366412341595 34829.340365750715 9.8777181785553676 51.901262193918228 13.11385618150234 16.831070199608803 17.074921250343323 258.25825699605048 22.508381485939026 14.089819580316542 35.906914696097374 175.4275335278362 748.21247514896095 35.794893980026245 15.895149588584902 12.158957868814467 36.164996981620789 114.95083905756474
leaf_count=49021 584 91 770 972 126 156 1052 103 125 1018 179 2677 191 51 106 531 126 844 110 622 124 4207 505 611 794 948 128 576 1049 1461 54 148 61 94 232 193 182 109 881 1051 556 182 1252 136 1227 144211 41 212 53 69 69 1057 91 57 148 741 3056 147 66 50 149 473
internal_value=3.56693e-05 0.000409789 0.0046811 -0.000981109 -0.00574626 -0.00440551 -0.00519049 0.0128653 0.00385112 -0.00694481 -0.0100264 -0.00787861 -0.0394118 -2.88215e-05 -0.00484546 0.011038 0.00890757 -0.00186642 -0.0200756 0.00092887 0.033859 0.00149529 -0.00136598 5.50149e-05 0.0130538 0.00764657 -0.00200349 -0.0140114 0.00298019 0.00366836 0.0128253 -0.019803 0.00991237 0.000906753 -0.0337524 -0.0069546 0.00460464 -0.0230835 0.0163473 0.00362677 0.00628378 0.017267 -0.000146731 0.0155631 -0.00204167 -4.04881e-05 -0.00472721 -0.00245964 -0.0121661 -0.0143901 -0.037312 -0.00861298 0.00135901 0.00239711 0.00115827 -0.0201579 0.00201375 0.0197351 0.00258452 -0.026249 -0.00925035 -0.00668702
internal_weight=54855.4 40104.2 3825.53 14751.2 2455.98 2262.14 2232.25 197.372 160.561 2034.88 1462.93 1363.57 99.3651 12295.2 129.857 1276.53 1137.88 315.888 112.014 571.946 42.3855 2549 1739.25 1618.49 821.991 809.747 721.523 211.867 509.657 625.919 273.587 47.7007 695.27 290.129 85.8642 185.502 104.104 66.3618 405.142 275.718 422.433 177.059 12252.8 78.9548 1470.68 36278.6 1449.29 1263.99 357.179 344.066 68.9762 275.089 906.81 884.567 862.058 185.305 847.968 99.7559 63.961 28.0541 448.43 412.265
internal_count=226906 166020 15861 60886 10438 9466 9340 808 652 8532 6154 5675 479 50448 527 5308 4724 1312 468 2378 175 10553 7172 6667 3412 3381 2998 897 2101 2611 1150 202 2881 1206 358 769 421 300 1675 1145 1756 738 50273 318 6056 150159 5948 5166 1460 1407 281 1126 3706 3615 3524 782 3467 411 264 116 1849 1700
is_linear=0
shrinkage=0.05


Tree=89
num_leaves=63
num_cat=0
split_feature=26 24 21 8 8 23 27 13 20 7 27 2 8 13 4 1 12 9 1 0 0 28 21 13 21 12 23 30 13 28 9 10 6 10 9 7 1 8 8 7 21 0 2 28 10 30 20 9 9 2 30 24 1 28 6 0 23 7 7 26 20 24
split_gain=7.77262 9.97576 18.447 15.0169 13.144 11.8892 22.3302 14.7335 11.7168 11.4552 11.9546 12.4144 10.3713 10.2245 10.5773 15.6617 9.78744 9.71647 9.64975 8.92076 15.6211 8.82629 15.1606 8.81229 8.56606 26.5045 17.2164 14.4354 19.1835 17.9915 17.922 20.1963 18.8429 20.0093 16.2313 15.7892 14.3952 12.7614 12.3135 19.6683 12.4926 12.488 14.6158 14.9382 12.2515 25.5224 16.3212 22.9638 12.4982 15.5079 17.582 21.2056 18.345 14.8424 13.9153 13.5834 12.0549 19.3539 18.9313 13.7322 16.7909 11.8568
threshold=41.006784467776839 30.624471076675125 0.0084060449133986932 2.2892606537181135 3.6302928160243071 26.753904676665581 -4.463363539931847 0.81221893859039451 0.019538344027684177 31.189285714285727 -1.477016341409328 1535.3698396490529 3.8580109093068642 0.85981135268713327 -1.0000000180025095e-35 1914.8721191870443 0.22265648876134422 0.28330724805201063 275.90001608117768 160.40956637763273 448.65834582786073 2.0909767594574151 -0.47074701844566835 0.93556721056721071 -0.266509828452482 0.27952236591518148 29.913952419418063 0.90336777770776899 0.42537055213107416 0.67015131379162762 0.20802381345278684 0.78994669041718313 0.92816124775315034 0.73120074676432056 0.22954997917472489 35.41785714285718 631.19130921852081 4.3469691078701453 2.6793152609683633 24.937499999999986 -0.39272911778876807 971.74615698733908 740.08159051922985 1.2498078842440254 0.47636045215729989 0.99301309510733604 0.04588864481419009 0.10265011239273561 0.19796647504061826 187.90458260367137 0.99301309510733604 21.610430579043069 336.77673999643849 1.0476460428237784 1.0272674817641902 1160.8654392173132 34.895640238802912 10.65 3.9200000000000021 24.383437409971179 0.04588864481419009 33.059985631965574
decision_type=2 2 2 2 2 2 2 2 2 2 2 2 2 2 2 2 2 2 2 2 2 2 2 2 2 2 2 2 2 2 2 2 2 2 2 2 2 2 2 2 2 2 2 2 2 2 2 2 2 2 2 2 2 2 2 2 2 2 2 2 2 2
left_child=24 2 8 -4 13 9 18 16 -2 10 -6 12 -12 14 -3 17 -8 -16 -7 21 -21 22 -14 -11 27 -26 37 28 29 -1 -30 32 -32 61 -35 36 -33 -27 39 41 44 42 43 -29 45 46 47 -40 -46 50 51 -50 53 -53 -52 -54 57 -42 -58 -60 -61 -34
right_child=1 4 3 -5 5 6 7 -9 -10 23 11 -13 19 -15 15 -17 -18 -19 -20 20 -22 -23 -24 -25 25 26 -28 38 30 -31 31 35 33 34 -36 -37 -38 -39 40 -41 56 -43 -44 -45 48 -47 -48 -49 49 -51 54 52 55 -55 -56 -57 58 -59 59 60 -62 -63
leaf_value=0.0017776461796606005 -0.014848496923217401 -0.019021683788279189 0.059004295189519343 -0.0062449498946185074 -0.018234513949486643 0.0019637757762235807 -0.0080864427935068029 -0.011275716305839163 -0.063476321960878324 -0.0054913316344981575 0.046787708966314845 0.051045300184206777 0.032217095992756468 0.018876877858075347 -0.0043231184646884404 0.039546654993199773 0.038276747823485023 -0.04686993964451077 -0.057183236755468374 0.026844372959583102 -0.009277288269735973 -0.038705992809723158 -0.026114564096947131 -0.047916945784075786 0.00022029336266269408 -0.0060071850683335046 -0.0079568990353467515 0.033816524298995357 0.021329478665786203 -0.039722329584946953 0.0091207896121873171 0.015217484088266654 -0.02785171869971332 0.025667972242234011 -0.045337321837819342 -0.0047499713053414973 0.061311254984809695 0.013164698595015449 0.0033974938313091709 -0.062703804963489068 -0.051193613345284786 0.033389336910902519 -0.053438680692916324 -0.0361714771042893 -0.013615142060750696 -0.030897256471506748 -0.014428144840312133 0.054428403861439968 -0.071791634539336999 0.014694591911097246 0.059470794299358892 0.036365188669988474 -0.047033692339018371 -0.019793455999414983 -0.009276966829851593 0.010958689277663098 0.028222270760375201 0.00090605010214806273 -0.019370754035079391 -0.0053361831107533054 0.036443430601633457 -0.093405114584326113
leaf_weight=594.28187234327197 212.4240790233016 189.77355426922441 14.898291595280169 21.073104977607727 39.679984137415886 14.423891916871073 12.832887478172777 23.700083378702402 13.15356060862541 292.15178389102221 15.761650040745733 18.161516085267067 21.208399787545204 32.4509506970644 215.77728957310319 19.493677750229836 88.242068767547607 14.255176201462744 12.832704067230223 74.842987209558487 49.501868613064289 19.283920153975487 23.218898206949234 12.722064971923826 49031.218764100224 160.8510724902153 1586.6542123109102 17.104841992259029 298.83971565961838 27.216359585523605 52.789113685488701 211.69529941678047 13.650805547833444 18.624819800257683 13.98818691074848 100.58511701226234 18.436139434576035 187.76702643930912 34.901521384716034 20.103622987866402 35.684794187545776 15.161432936787604 18.409512639045715 13.573658555746077 111.60262417793274 22.217234134674072 19.149182334542274 60.841597381979227 14.744677871465681 197.83413212373853 15.614155605435373 29.417902037501335 33.32806684076786 19.357701420783997 13.598121032118796 14.240516543388365 43.210399836301804 35.142218008637428 127.80956984497607 122.40370823815465 29.797799654304981 14.71641932427883
leaf_count=2506 872 843 72 86 169 67 59 97 54 1196 65 73 86 134 1087 79 363 58 53 309 202 78 98 53 202571 658 6550 73 1271 111 231 881 56 78 57 412 75 777 141 82 144 61 76 56 454 91 78 250 60 809 63 119 135 81 56 58 176 142 530 500 124 60
internal_value=3.38063e-05 -0.00357559 -0.0124182 0.0207294 -0.00162752 0.00262439 0.0150363 0.024012 -0.017733 -0.000699632 0.00696369 0.0114967 0.00792484 -0.00811375 -0.0101228 -0.00332988 0.0323387 -0.0070007 -0.0258078 0.00461789 0.0124282 -0.0105427 0.00162893 -0.00729323 0.000132047 -6.14165e-06 -0.0057453 0.00303225 0.00643725 -3.77555e-05 0.011857 0.00547386 -0.012669 -0.0315979 -0.00467987 0.0117322 0.0189569 0.00430534 -0.00132583 -0.0196463 0.000246394 -0.00601937 -0.018336 0.00267107 0.00487479 0.017955 0.0274639 0.0359011 0.000872856 0.00567206 -0.00701612 -0.0161215 -0.00748415 0.0139802 0.0273761 -0.0295812 -0.00663337 -0.025308 -0.0025192 -0.00728935 0.0028291 -0.062244
internal_weight=54848.4 1451.86 261.549 35.9714 1190.32 718.565 152.032 124.775 225.578 566.533 261.659 221.979 203.818 471.751 439.3 249.526 101.075 230.032 27.2566 188.056 124.345 63.7112 44.4273 304.874 53396.6 50966.5 1935.27 2430.07 1364.82 621.498 743.326 444.486 113.769 60.9802 32.613 330.717 230.131 348.618 1065.25 84.3531 980.896 64.2494 49.088 30.6785 586.847 137.11 114.892 95.7431 449.738 338.135 140.301 111.089 96.3442 48.7756 29.2123 47.5686 394.048 70.827 323.221 280.011 152.202 28.3672
internal_count=226906 6253 1084 158 5169 2968 639 519 926 2329 1080 911 838 2201 2067 1224 422 1145 120 773 511 262 184 1249 220653 210556 7985 10097 5738 2617 3121 1850 482 251 135 1368 956 1435 4359 348 4011 266 205 129 2395 560 469 391 1835 1381 572 453 393 200 119 193 1616 286 1330 1154 624 116
is_linear=0
shrinkage=0.05


Tree=90
num_leaves=63
num_cat=0
split_feature=17 22 21 20 12 10 9 20 8 9 0 28 30 21 22 19 10 9 27 0 0 27 21 4 25 8 0 28 1 6 27 20 4 27 0 20 17 0 19 25 22 9 10 4 21 12 30 22 3 6 0 6 30 28 9 0 10 20 25 3 17 0
split_gain=11.2689 17.1433 20.5684 18.9542 16.4913 14.2774 56.1535 18.9178 16.3198 12.3184 25.7749 22.1983 15.4414 13.9935 13.152 11.9133 11.8901 32.07 12.3716 13.5843 14.2672 11.2938 20.9198 13.1918 13.9926 14.7364 17.7671 22.8406 16.788 14.2344 13.3328 15.8442 18.9167 16.9392 11.3995 11.386 15.3073 13.862 12.3291 11.6811 11.1881 20.3028 60.2262 40.9567 19.6589 29.7027 22.9855 21.3011 20.8407 21.125 20.8196 21.0821 19.084 17.9829 18.6426 15.9177 15.7022 15.2299 26.8875 24.5671 22.5183 15.1765
threshold=0.084154679618904951 0.29378953263181717 -0.11203293655663264 -0.11147379667116512 0.16736377148016587 0.95027133646703243 0.46506606107091125 0.24001675673057846 2.9194688538329951 0.39585138187143482 588.93119606876985 0.34181792839595154 0.40035119201785874 -0.18463115345709338 0.97663650653776224 2.372651510960448 0.83653854970581498 0.32645940895986175 -4.9616684011427017 1945.4632198810921 817.32621999254968 -4.1562223835189096 -0.42949319147209758 -0.015884759584090597 38.251974333164334 4.0069297077229775 531.37395972548313 1.0476460428237784 1413.4098794064605 1.0966228373154647 -0.065037105051139563 0.37982089103703248 0.0080119259247090589 3.2857211501378303 109.06654674817889 -0.20743005594926975 0.16761398752668916 261.50275378047223 0.25719758365883244 17.777586900318777 0.80833790523128846 0.31487577491754343 0.78994669041718313 -0.010889537294925917 -0.18463115345709338 0.2185244293951237 0.44794463731604667 0.48478728947192562 -0.013836961178411737 0.97761216913141002 1485.4332460755606 1.001910869202816 0.68392362027990505 0.1186515213510836 0.31487577491754343 8149.4958153101152 0.91113046844754175 -0.013545544655690299 22.358418639063 0.00035230472957952674 0.87599219820595886 25.581014644250892
decision_type=2 2 2 2 2 2 2 2 2 2 2 2 2 2 2 2 2 2 2 2 2 2 2 2 2 2 2 2 2 2 2 2 2 2 2 2 2 2 2 2 2 2 2 2 2 2 2 2 2 2 2 2 2 2 2 2 2 2 2 2 2 2
left_child=1 -1 3 -3 -5 6 7 40 -9 10 11 12 -7 -12 15 -13 17 18 -10 20 -20 -11 -23 34 35 28 29 30 -26 -27 -28 32 -32 -33 -24 37 -37 -25 -39 -40 41 44 -43 -44 46 -46 48 55 49 -2 51 -49 -53 -42 61 57 -47 -48 -59 -60 -61 -55
right_child=5 2 -4 4 -6 9 -8 8 16 21 13 14 -14 -15 -16 -17 -18 -19 19 -21 -22 22 23 24 25 26 27 -29 -30 -31 31 33 -34 -35 -36 36 -38 38 39 -41 53 42 43 -45 45 56 47 50 -50 -51 -52 52 -54 54 -56 -57 -58 58 59 60 -62 -63
leaf_value=-0.00017305326721827501 0.014044533981855033 0.030176309682717596 0.0033102638396572508 0.030382004578128875 0.00072902774671946733 0.013405296048473138 -0.066416852970285267 -0.034289449495868603 0.041207086453633218 -0.010382243643674368 0.026728028304573062 0.029182547691241748 -0.026494831378974071 -0.0080267874148480696 0.048169462355429592 0.0047720842084905523 -0.0020892260204361745 -0.073340334038930671 -0.0074228593416089438 0.015983812714667804 -0.035592072924907917 0.028021621521462467 0.010728939022954152 0.023676473118539074 0.02202625538342378 -0.056078899948560357 -0.038854663303363783 -0.037871863138682238 -0.040683000430923225 -0.014059938092077333 0.01424308336390594 0.044421871835996135 0.081933434356460222 -0.007294071853986353 -0.03583115687214692 0.057861486190248917 0.0087155658546477135 0.02514498090872502 -0.011736098622246408 -0.055130624307578861 0.025576866976673523 -0.08003742928649954 -0.02862165979512446 -0.00039926178038619255 -0.00026812254757420449 -0.0069683792017186776 0.0032132523840447836 0.045199167900190899 0.041216109183419107 -0.041112782444081376 -0.013832483710693143 -0.022034668322200815 0.023488939109122656 0.0398650237151843 0.016562475160222342 -0.038140282124889346 0.017663187258010065 -0.011761154018931061 0.018982623007415409 -0.011551738634758613 0.020763261611049286 0.00085659791100812534
leaf_weight=3156.1171450205147 194.47476722300053 145.24459199607372 1921.6339344233274 61.097955569624901 202.13304203748703 64.235239997506142 32.030959211289883 52.051028102636337 11.388592928647993 177.91040764376521 33.678915917873383 135.69022354483604 38.789864778518677 201.83232520520687 52.530815288424492 80.019258141517639 698.41220478527248 21.215731628239155 134.20512537844479 36.845662575215101 68.02662718296051 78.666698887944221 18.889094680547714 27.755867674946785 80.83138432353735 22.989362359046936 12.510533571243284 29.145366340875626 12.154007643461226 166.89827741682529 28.31946574151516 19.810947380959988 16.403092116117477 76.940811468288302 41.817427545785904 16.266270652413368 546.24018258042634 14.487713694572447 51.427228093147278 22.425839796662331 80.12617813795805 27.914884973317385 157.0514281205833 708.48478957824409 33758.770517017692 2160.6275054775178 2862.1060001961887 72.391995042562485 66.460481867194176 18.926853254437447 44.596645519137383 31.956611752510071 81.009883642196655 24.974792405962944 202.39739780128002 25.584672946482897 66.496560394763947 526.02767968177795 183.44428825750947 235.68400552868843 69.725280150771141 4679.8013899922371
leaf_count=12958 814 621 8131 248 832 274 174 227 47 746 137 551 157 815 231 327 2851 111 548 150 276 323 77 113 724 102 51 121 53 709 115 81 66 316 171 66 2211 59 209 91 395 156 649 2932 139634 8874 11814 310 287 80 186 136 334 120 821 106 271 2170 754 997 290 18892
internal_value=7.70983e-05 0.00222698 0.00547983 0.0156708 0.00763962 -0.000161556 -0.000339356 -0.000294364 -0.00702242 0.00390409 0.00989372 0.0181016 -0.0015801 -0.00302627 0.0256772 0.0201569 -0.00555085 -0.0144272 -0.00938975 -0.0118371 -0.016936 0.00141409 0.00305319 0.00141724 0.00262651 -0.00403731 -0.00848496 0.00260285 0.013741 -0.0192003 0.0103157 0.0147235 0.0393091 0.00327862 -0.0212677 0.0072099 0.0101557 -0.00701617 -0.0167319 -0.0250374 -0.000145641 -0.000415926 -0.00787094 -0.0055287 -0.000250908 -0.000637247 0.00289875 0.00195805 0.0167659 0.00911218 0.0167444 0.0241316 0.0105586 0.00209111 0.00170609 0.00108509 -0.00622993 0.00134621 -0.00391399 0.00452034 -0.00415344 0.00106558
internal_weight=54888.1 5486.23 2330.11 408.476 263.231 49401.9 47333.2 47301.2 1022.14 2068.67 606.777 371.265 103.025 235.511 268.24 215.709 970.094 271.682 250.466 239.077 202.232 1461.89 1283.98 1205.31 1144.61 466.003 373.018 183.13 92.9854 189.888 153.985 141.474 44.7226 96.7518 60.7065 678.603 562.506 116.097 88.3408 73.8531 46279 41291.7 893.451 865.536 40398.3 35985.9 4412.39 4132.53 279.862 213.402 229.955 185.358 112.966 4987.3 4907.17 3902.57 2227.12 3876.99 1014.88 488.854 305.409 4704.78
internal_count=227092 22790 9832 1701 1080 204302 195406 195232 4210 8896 2492 1540 431 952 1109 878 3983 1132 1021 974 824 6404 5658 5335 5087 2338 1561 750 777 811 629 578 181 397 248 2749 2277 472 359 300 191022 170794 3737 3581 167057 148779 18278 17097 1181 894 966 780 470 20228 19833 16131 9145 16025 4211 2041 1287 19012
is_linear=0
shrinkage=0.05


Tree=91
num_leaves=63
num_cat=0
split_feature=17 23 22 24 30 10 10 20 11 21 30 8 28 22 25 21 17 24 30 13 21 12 22 11 30 8 12 8 7 20 25 7 24 0 7 20 28 30 23 24 7 20 22 25 8 1 28 1 0 8 24 22 12 0 28 0 12 23 20 10 11 23
split_gain=10.1742 17.3682 18.5581 14.6235 14.1732 14.1402 13.0605 22.2421 15.6086 21.8479 18.3272 24.6189 18.5496 21.796 18.2974 18.5671 18.7595 21.6964 17.9916 15.0325 13.1846 27.0591 15.8265 14.7621 12.9691 12.9375 12.9302 15.0345 19.3535 16.6253 13.5143 25.2062 12.9105 12.8521 19.1979 12.7669 16.5107 14.5055 14.9068 13.5759 12.7649 12.4611 12.5513 12.3154 29.7023 28.0777 17.4726 19.9488 16.2255 12.1736 12.0015 17.9496 13.4527 17.6636 12.5738 13.1171 11.9374 13.0076 11.9783 21.1159 16.3676 11.9282
threshold=0.084154679618904951 48.028595624735019 0.17880888587965141 32.8416189920219 0.12325166275430362 0.33359957401490953 0.9541665393090456 0.24001675673057846 0.045394185403805666 -0.081157900167550354 0.40035119201785874 3.3748913143418915 0.4710848464590654 0.4927810028726422 24.565930546906319 -0.12860444498104759 0.46221831673501318 24.787293562229639 0.41222564297168601 0.14550282865176653 -0.30778106068359606 0.32244448828162858 0.085060449602096189 0.074498670186552943 0.9852428770189342 2.9194688538329951 0.12397289549875871 3.1541157396657646 19.800000000000015 0.017548847771213242 19.604783445766071 34.491071428571445 29.213838137143039 2131.6060145889728 14.182142857142868 -0.040214551158169735 0.7082966461515966 0.81381144534115923 42.869092876209258 20.407716802242053 9.617857142857142 -0.0098627357503515128 0.19251316295309492 38.251974333164334 4.0069297077229775 261.20091915064518 1.0476460428237784 1497.0182940374066 224.61673015952024 3.5577993185941348 38.170522529083762 0.07813352839978778 0.38465667097741379 210.57389702495007 0.39011758771620358 935.95832775424878 0.36168536273120505 36.269690089800811 -0.12264438564072237 0.83653854970581498 0.23482656888866188 20.547972534550556
decision_type=2 2 2 2 2 2 2 2 2 2 2 2 2 2 2 2 2 2 2 2 2 2 2 2 2 2 2 2 2 2 2 2 2 2 2 2 2 2 2 2 2 2 2 2 2 2 2 2 2 2 2 2 2 2 2 2 2 2 2 2 2 2
left_child=1 2 4 56 5 -1 7 8 9 10 14 18 13 -13 15 -2 -17 -18 -12 -20 22 61 -10 -24 -6 -9 -11 28 -28 -29 31 -30 -15 34 -16 36 37 50 -39 -38 -31 42 -21 -8 45 -45 47 -46 -48 -26 52 -52 53 -23 -55 -56 58 -58 59 -4 -61 -22
right_child=6 -3 3 -5 24 -7 43 25 20 26 11 12 -14 32 33 16 17 -19 19 41 21 35 23 -25 49 -27 27 29 30 40 -32 -33 -34 -35 -36 -37 39 38 -40 -41 -42 -43 -44 44 46 -47 48 -49 -50 -51 51 -53 -54 54 55 -57 57 -59 -60 60 -62 -63
leaf_value=0.056016679522887775 0.03619563890497729 -0.019870077999997168 0.015497986525966066 0.011841537329475717 -0.0029600716724113517 0.0056404340386268957 0.006639948714216963 -0.030810857057367688 -0.0046504983429213843 0.0006899021362938969 -0.047445768990670247 0.028829335953840293 0.0030836816431099715 0.010376664971054746 0.045363465302242105 0.028411772472372806 0.00666226250310443 -0.028405699832815736 0.037256259056365017 -0.015782236572061983 0.0092798519929992822 -0.023736755456991696 -0.0051847902153362747 0.011655397652537421 0.05077253393542739 -0.0060595341329391823 -0.009530319767698494 -0.02577371536573176 0.036452346701473452 0.014301589222492937 0.02290772833832995 -0.032267870986481866 -0.02861902379551174 0.063620265776900484 -0.00086049488067175281 -0.025905813017264898 -0.029347956878604593 -0.033051195596679475 0.0044751114059109701 0.021487216622170568 -0.011381911557398578 -0.0059213625484308002 0.016507383324374954 0.044808188419460909 -0.0082110259794865512 -0.0024351220621890188 0.028077407596024756 0.025373738292159373 -0.040286117766107431 0.0034124217477703514 0.026235431286939916 -0.03422105640666203 0.045594519930019811 -0.01255797492251892 0.035027746472356201 -0.0037521015148005996 -0.0067584676336278826 -0.062650591656367147 0.0019577292910189815 -0.019217708507988377 0.012478891270934749 -0.00096350893581973742
leaf_weight=20.30924417078495 52.038664741441607 88.228230563923717 448.86407582461834 591.38848827779293 1826.6083455197513 44.810842022299767 1299.9267090242356 55.615575222298503 339.50107343122363 15152.488531552255 21.729690164327621 203.53751111775637 476.37212403304875 119.17111623287201 46.210074156522751 59.959076449275017 157.50157338567078 61.100288642570376 24.236810356378555 38.577766358852386 287.1281349696219 67.608851119875908 162.95278141833842 638.01500390842557 21.489615246653557 1055.8481080755591 194.63009822927415 150.54321311414242 21.12035283446312 64.962534794583917 119.21997229754925 35.753781110048294 25.687686413526535 25.197903648018837 43.209168836474419 119.81391117535532 15.947708934545515 114.95068614184856 34.04837366938591 70.991589531302452 187.51545251719654 624.01771963015199 133.91258637607098 58.275529801845551 336.56876550614834 67.756231792271137 9.9382197409868223 50.757064253091812 61.614629026502371 37.24555478990078 15.125371843576429 62.066446632146835 15.345959886908529 50.120951414108276 51.559081472456455 37.330526188015938 54.694493934512138 12.851426318287848 2173.6440761070698 93.290444895625114 71.968376785516739 26276.509946025908
leaf_count=82 220 633 1849 2570 7472 181 5297 256 1383 63107 90 847 1975 490 193 244 656 251 99 161 1383 282 673 2648 87 4369 829 616 86 269 487 145 106 103 179 503 66 470 141 290 769 2619 551 516 1406 411 49 205 260 151 62 260 65 207 218 157 227 52 8815 377 294 107633
internal_value=7.32711e-05 0.00211622 0.00247692 0.00468278 -0.00141857 0.0214899 -0.000153509 -0.000315552 -0.000147991 0.00100174 0.00577965 0.00336869 0.00951017 0.0182795 0.0147942 0.0087999 0.00365294 -0.00312505 -0.0026382 -0.00144017 -0.000879494 -0.00110033 0.00438621 0.00822289 -0.00221358 -0.0073052 0.000367653 -0.00593587 0.001319 -0.0126204 0.0133373 -0.0066415 0.00341213 0.0320177 0.0229953 -0.0111405 -0.00782081 -0.0116948 -0.0244451 0.0120818 -0.00475071 -0.00262846 0.00925182 0.0039281 -0.00209038 0.0193882 -0.00800333 -0.0037916 -0.0306952 0.020882 -0.00532154 -0.0222916 0.000564912 -0.00277576 0.00739257 0.0186995 0.00319796 -0.0175434 0.00370291 0.00987039 -0.00538476 -0.000852565
internal_weight=54879.4 5485.39 5397.16 3446.7 1950.46 65.1201 49394 47509.2 46397.7 18038.7 2112.46 1667.24 824.768 348.396 445.217 330.6 278.561 218.602 842.475 820.745 28359 27218.5 1140.47 800.968 1885.34 1111.46 15926.2 773.745 370.724 403.021 176.094 56.8741 144.859 114.617 89.4192 654.909 535.096 448.156 148.999 86.9393 252.478 796.508 172.49 1884.84 584.91 126.032 458.879 387.326 71.5528 58.7352 299.157 77.1918 221.965 206.619 139.011 88.8896 2855.31 67.5459 2787.77 614.123 165.259 26563.6
internal_count=227092 22790 22157 14184 7973 263 204302 196158 191533 75092 8784 6938 3418 1443 1846 1371 1151 907 3520 3430 116441 111737 4704 3321 7710 4625 66308 3201 1547 1654 718 231 596 475 372 2721 2218 1862 611 356 1038 3331 712 8144 2847 927 1920 1611 309 238 1251 322 929 864 582 375 11614 279 11335 2520 671 109016
is_linear=0
shrinkage=0.05


Tree=92
num_leaves=63
num_cat=0
split_feature=21 12 25 22 23 4 9 11 10 25 22 18 9 4 8 22 20 26 11 11 1 30 30 4 6 3 4 28 9 1 1 9 10 2 18 2 2 30 11 17 23 18 22 27 10 9 3 17 20 6 20 6 9 25 1 1 3 17 6 30 1 25
split_gain=9.57513 16.3115 16.9842 17.5187 19.5134 17.0949 13.8653 22.233 13.8013 13.4756 16.9793 14.3642 12.9511 30.6705 28.1461 22.2707 28.4176 16.0136 15.3884 22.4425 11.4562 11.3263 11.9102 23.4481 17.3518 16.456 16.1733 14.4098 14.38 13.9006 24.6081 12.3866 15.1918 11.2183 11.0304 11.0206 14.5984 12.8251 11.5052 11.4521 12.3694 10.6887 15.1693 15.7127 12.9626 14.9301 18.8599 12.9996 35.9719 13.6109 13.9223 12.7745 11.2484 10.9775 10.5556 10.4604 10.4322 23.0747 11.0091 13.005 16.1214 12.1113
threshold=-0.29806942611854614 0.30074207866865305 29.573377154549188 0.35840329695415796 29.470838689578404 -0.011319312437238212 0.2869951025839636 0.24405163064937616 0.90703717124135652 20.775144751369734 0.87043104698187357 1.4701656162992267 0.15720516792715492 -0.029094132554999628 4.3853734542168752 0.12720372681710337 0.039191988407641383 18.914429276643958 0.075144831378583091 0.013277549534123493 325.36124222626307 0.96581965197073127 0.805866781396961 -0.010435910081684934 0.97905078645542176 -0.033577569248043337 -0.0002839570760644567 0.48698052404152936 0.2952587561907089 2372.1679299016582 574.6823819052388 0.18250117785131323 0.68458160178403948 557.98343953024198 0.95132751658831505 296.37482393845505 102.7380708478991 0.97366253359923716 0.015271088123459 0.38865409405373119 41.540372836730029 1.2912432117274182 0.047073071958266391 1.8225603868038844 0.71189435405030121 0.20213060438535574 -0.018457529522613886 0.24627891242093347 -0.16195030461313623 1.0272674817641902 -0.19795180532144405 0.91745557908519315 0.30448275765133487 14.083790510561064 1822.6929345417543 448.63715799089931 -0.079212164066263177 0.037339352112836295 0.96906195547546414 0.89179430074757116 290.32610007037084 12.706631645458879
decision_type=2 2 2 2 2 2 2 2 2 2 2 2 2 2 2 2 2 2 2 2 2 2 2 2 2 2 2 2 2 2 2 2 2 2 2 2 2 2 2 2 2 2 2 2 2 2 2 2 2 2 2 2 2 2 2 2 2 2 2 2 2 2
left_child=12 -2 3 4 5 6 -3 -8 -7 11 -11 -5 13 -1 17 20 -17 -15 19 -14 -16 22 23 25 26 -6 31 -24 -28 30 -29 -25 -33 -4 -9 36 37 -19 -37 -40 -41 42 56 44 45 46 -44 48 -46 50 -49 -47 -50 -45 -32 -26 57 -20 59 60 -58 -61
right_child=1 2 33 9 21 8 7 34 -10 10 -12 -13 18 14 15 16 -18 35 41 -21 -22 -23 27 24 55 -27 28 29 -30 -31 54 32 -34 -35 -36 38 -38 -39 39 40 -42 -43 43 53 47 51 -48 49 52 -51 -52 -53 -54 -55 -56 -57 58 -59 -60 61 -62 -63
leaf_value=-0.013314460721680308 9.3682712805694015e-05 0.0029134255307644596 -0.040261543235373683 -0.0075786068977001242 -0.037143626674557333 0.018083172919415108 -0.088577269782540283 -0.040515020659482169 -0.004214031477386527 0.022440771880326553 -0.037748603887056309 0.026393170976667671 0.01349945432649749 -0.042901260380572834 -0.029530160003262848 0.058095165048016296 -0.0056520671478463768 -0.0017705345692372158 -0.011802236321318028 -0.023408052417960203 0.025010331308214558 0.026414371086315724 -0.048328357546394259 0.038691555966668373 -0.053987699779838 -0.0011755856997284397 -0.012711522265098236 -0.0068806912788775473 0.015346674953805099 0.022839861407910986 -0.029639130300755569 -0.031786072537463926 0.016460737102684805 0.0032795186847037507 0.02078824029869903 0.047589938711304763 0.056057675034125676 0.031901513171806381 0.010160282956976104 -0.038751242184631163 0.0013644523509402727 0.0090221489500856688 0.010068819702876054 0.010876679702616507 0.019818707484961697 0.0063592646273576432 -0.031317209772897862 -0.029925355343967799 -0.018023633798845185 -0.029862121561324458 0.021952926691786653 -0.050521920023155177 -0.063203832347721201 0.041059838042628853 -0.078104321044790939 -0.0062976506628101411 0.030579468076579935 0.018852984255644859 0.027894036001515556 -0.0047215955484532519 -0.015471036453678547 -0.03778690716099134
leaf_weight=117.30766351521015 50610.68535461463 46.950450822710991 53.359278364107013 187.71533960103989 87.282701849937439 173.87190733850002 13.724372535943983 15.29818567633629 114.89359427988529 138.55084748566151 12.651486694812773 37.17123518884182 58.834364168345928 15.153150007128714 17.099474564194679 85.791556745767593 21.754344746470451 65.490662291646004 153.86801953613758 135.82728937454522 21.756059922277927 20.629581913352013 34.521959736943245 43.584701150655746 21.987642040476203 50.464438259601593 164.93567645549774 220.52875269204378 62.918867960572243 23.161521703004837 114.42861950397491 20.267807692289352 81.235723614692688 20.149444162845612 13.820468842983244 12.332522019743918 23.400117322802544 49.310660421848297 86.63170088455081 34.114233747124672 43.29641255736351 468.92804923653603 97.792340070009232 118.35003605484962 74.380824148654938 13.670451715588568 38.180107574909925 13.784828439354895 57.53995680809021 15.817803382873533 177.33744813501835 33.90290217474103 18.321251213550568 40.73582336306572 12.600160315632818 24.60681825876236 26.052285015583038 101.97500580921769 14.464206665754316 41.116863369941711 69.270547181367874 87.322783578187227
leaf_count=481 209459 199 226 777 359 733 57 62 466 574 56 157 252 64 70 367 90 266 625 568 91 84 141 193 95 215 679 906 256 95 468 85 340 84 58 50 97 201 356 138 178 1941 410 500 309 58 160 56 234 65 723 140 74 170 52 102 106 412 60 166 280 356
internal_value=6.96451e-05 -7.30783e-05 -0.00473513 -0.00373515 -0.00637513 0.00326007 -0.0157622 -0.0363039 0.0091959 0.00580934 0.0173499 -0.00193199 0.00312424 0.00955497 0.0152016 0.0334474 0.0451607 0.00707753 0.00106661 -0.0122263 0.000865707 -0.0100901 -0.0108804 -0.00612194 -0.000231433 -0.0240132 0.00335334 -0.0174087 -0.00493837 -0.0145037 -0.0170126 0.016404 0.006756 -0.0282704 -0.0112762 0.00951376 0.020083 0.0126643 0.00119705 -0.00228712 -0.0162769 0.00262643 0.000109615 0.00484907 0.000774506 -0.0100111 -0.00152982 0.00633214 -0.00483605 0.014463 0.0181713 -0.0340929 -0.0290698 0.0186578 -0.0345434 -0.0289768 -0.00659298 0.000399509 -0.0141205 -0.01687 -0.00281391 -0.0272526
internal_weight=54872.9 52422 1811.31 1737.8 1361.71 378.559 89.7935 42.843 288.766 376.089 151.202 224.887 2450.91 593.439 476.131 146.401 107.546 329.729 1857.47 194.662 38.8555 983.155 962.525 557.284 419.537 137.747 372.943 405.241 227.855 370.719 347.558 145.088 101.504 73.5087 29.1187 314.576 138.201 114.801 176.375 164.042 77.4106 1662.81 1193.88 699.814 540.728 183.546 135.972 357.182 150.242 206.94 191.122 47.5734 75.8612 159.086 127.029 46.5945 494.07 255.843 238.227 223.762 95.3228 128.44
internal_count=227092 216978 7519 7209 5645 1575 376 177 1199 1564 630 934 10114 2449 1968 618 457 1350 7665 820 161 4070 3986 2324 1750 574 1553 1662 935 1521 1426 618 425 310 120 1286 564 467 722 672 316 6845 4904 2899 2229 768 570 1461 617 844 779 198 308 670 520 197 2005 1037 968 908 386 522
is_linear=0
shrinkage=0.05


Tree=93
num_leaves=63
num_cat=0
split_feature=21 12 25 4 25 20 4 23 2 25 19 0 28 19 27 7 21 2 30 2 0 0 26 2 21 19 30 12 4 13 13 21 21 18 7 0 2 26 13 27 4 27 23 7 13 4 30 24 6 26 23 2 0 13 27 0 19 30 25 7 19 7
split_gain=8.6573 14.7452 15.4221 14.2071 18.5906 14.9517 18.8835 18.0217 16.8227 15.779 12.7572 12.4746 12.5192 12.1499 15.853 14.471 12.1339 11.7955 11.7715 11.5077 11.1156 14.521 11.0901 10.2417 10.1307 23.7827 10.9927 10.1302 14.5777 15.9597 14.779 15.8086 11.3706 10.5883 10.0362 9.79878 11.9568 10.6983 9.76348 9.66357 13.0875 9.17625 17.3978 10.4452 9.11172 15.0781 8.95378 8.93634 8.76993 8.6796 15.8771 17.6606 15.3658 10.1564 12.7692 18.3027 10.2532 9.49463 9.40759 8.53319 10.5164 11.118
threshold=-0.29806942611854614 0.30074207866865305 29.573377154549188 -0.011812311038381465 21.014570691749665 -0.08409803276552584 0.0045256055690473711 42.726472043218635 5970.0643931057048 18.502868935838645 2.2796386829876885 437.49938641759985 0.48291075499386765 0.47670174655323272 4.6448066887664696 313.73214285714306 -0.24280146281261764 3520.7738366859408 0.86444971481783273 4090.1892117132011 119.17954804568284 54.932604233035924 24.849069924576003 557.98343953024198 -0.24824461834103065 0.10021739235839633 0.57378408503928457 0.44440812887668685 -0.0043913628752671506 0.53154389053045248 0.34509913096641781 -0.20145866241932051 -0.28060001127366191 1.7810787718485981 14.975000000000007 152.68393865455076 1842.205048741303 67.900341331715822 0.28837643722809209 8.0987450883097694 0.0021752660907078196 4.6448066887664696 31.057425266401165 129.29285714285706 0.5960695125226273 -0.034213238681905719 0.59741453399541644 44.801314375481788 0.83529067624223352 39.088722383581931 55.12605876763083 215.85248126348492 83.92276993105996 0.25859719486354821 2.4921300868478231 2688.4968978627589 0.25719758365883244 0.008748913083413962 20.147628497730903 7.7250000000000005 0.54778798714824994 1.8000000000000009
decision_type=2 2 2 2 2 2 2 2 2 2 2 2 2 2 2 2 2 2 2 2 2 2 2 2 2 2 2 2 2 2 2 2 2 2 2 2 2 2 2 2 2 2 2 2 2 2 2 2 2 2 2 2 2 2 2 2 2 2 2 2 2 2
left_child=13 24 3 4 11 6 8 -8 9 16 -11 34 -13 -1 15 18 48 27 19 -15 21 -18 -22 -4 25 -2 38 28 30 33 -7 32 -32 46 44 -16 47 -38 -27 49 -41 42 -28 -44 -3 -46 -30 -37 -5 -26 51 52 58 54 56 -56 -53 -52 -51 60 61 -54
right_child=1 2 23 5 -6 17 7 -9 -10 10 -12 12 -14 14 35 -17 20 -19 -20 -21 22 -23 -24 -25 39 26 41 -29 29 -31 31 -33 -34 -35 -36 36 37 -39 -40 40 -42 -43 43 -45 45 -47 -48 -49 -50 50 57 53 59 -55 55 -57 -58 -59 -60 -61 -62 -63
leaf_value=0.0082309287752416575 -0.045931333048996582 -0.026096454925328819 -0.038509302864998776 -0.021345922000757828 0.010513301715933558 -0.031898463644163592 0.0061482099318396705 0.069835303837096213 -0.052821978573844165 -0.016443704918790651 0.030637517149536355 -0.053861188654109132 -0.012993565713456237 0.0083259585665720667 0.020925064479544023 -0.045676562597076253 0.0065301308868525353 0.038760360700139954 4.1895987950315982e-05 0.049223683176515994 -0.031705393216853568 -0.040934987315749682 0.0041327190616123177 0.0031150924637090866 0.00013127163193535704 -0.014003362330100442 -0.021986317661520781 0.023751439758190229 0.015511619242702418 -0.069531932618801376 0.023981539958331514 0.05622285579812656 -0.012209305442012279 0.018340631008613124 0.020237701622374843 -0.024075620790437527 -0.025889401502367029 0.0326954251480484 0.035673249135006808 -0.025919190312186674 0.0054723584795755703 0.033740041576977374 0.0099915773105441127 -0.024971977705013065 -0.036974657387868981 0.021522588147857125 -0.023417065306045107 -0.066256965366836881 0.014179771260413497 -0.0037071113286706969 -0.001135760292901104 -0.042983354662576592 0.0046501565625909373 -0.004864215104506641 -0.047048992646755973 0.011190121918953091 0.012490714557680849 -0.064281801577104933 -0.036701767904170506 0.0012480139438813969 0.004464839865368833 0.049012336434986016
leaf_weight=758.27177343145013 20.517676949501038 90.232485115528107 53.011342795565724 18.312664687633514 63.492768943309784 28.61082835495472 26.633175820112228 19.22292685508728 14.603742733597754 163.92570833861828 15.61286950111389 44.116344958543777 33.326853632926941 326.66339747607708 13.750339031219481 15.737268164753912 28.542502015829086 12.088886350393294 1223.0305475164205 18.13307186961174 22.696289241313934 36.366799086332321 400.86287893354893 20.157424628734589 49168.394220808521 11.697620078921316 55.182723239064217 19.612545773386955 15.81154705584049 15.455049619078634 33.816898465156555 14.831475958228109 60.122222002595663 19.158867448568344 20.954314529895782 42.431939110159874 16.782228067517281 14.362749725580217 58.149094104766846 81.918301752768457 55.357380460947752 28.013282805681229 369.04525545239449 22.50569087266922 16.927648574113846 31.081653505563736 186.91493688896298 18.292425632476807 283.03014247119427 177.41099895164371 9.1915057301521319 11.160594752058385 21.560242995619774 148.07111787796021 67.603947401046753 16.642173290252686 31.810415878891945 17.71142029389739 24.596981201320887 115.40241851657629 56.423696987330914 42.471784859895706
leaf_count=3145 85 377 226 76 261 119 109 79 60 678 64 182 137 1383 57 64 117 51 5010 78 94 149 1636 84 203150 49 228 80 67 64 143 60 253 79 87 176 68 58 258 360 228 120 1531 94 69 127 787 75 1204 782 90 85 144 602 297 67 149 77 106 504 264 189
internal_value=6.6145e-05 -6.94736e-05 -0.0045043 -0.00355259 -0.0134465 -0.00148078 0.00172013 0.0330486 0.000251806 0.00106191 -0.0123069 -0.019898 -0.0363782 0.00297279 0.000609119 0.00186338 0.00410838 -0.00960207 0.00234664 0.0105049 -0.000750001 -0.0200083 0.00219351 -0.0269853 8.89983e-05 0.00674552 0.00874738 -0.0111068 -0.0129505 -0.0204509 0 0.00842834 0.000777421 -0.01698 -0.0118317 -0.0181328 -0.0240495 0.000985597 0.027274 1.37203e-05 -0.0132292 0.00600597 0.0042485 0.0079633 -0.01674 0.000759072 -0.02035 -0.0369524 0.0119979 5.02721e-05 -0.00532376 -0.0038905 0.00233878 -0.013814 -0.0241797 -0.0354854 -0.00186748 -0.0429769 -0.00776553 0.0110138 0.0203195 0.0341836
internal_weight=54867.8 52420.4 1809.53 1736.37 300.132 1436.23 1029.81 45.8561 983.954 969.35 179.539 236.639 77.4432 2447.46 1689.18 1583.56 789.811 406.423 1567.83 344.796 488.468 64.9093 423.559 73.1688 50610.8 565.111 544.594 394.334 374.722 237.34 137.381 108.771 93.9391 221.885 159.196 105.62 91.8693 31.145 69.8467 50045.7 137.276 474.747 446.734 391.551 138.242 48.0093 202.726 60.7244 301.343 49908.5 740.057 713.154 437.866 275.288 127.217 84.2461 42.971 26.9029 202.008 235.858 120.456 64.032
internal_count=227092 216978 7519 7209 1240 5969 4266 188 4078 4018 742 979 319 10114 6969 6535 3276 1703 6471 1461 1996 266 1730 310 209459 2365 2280 1652 1572 997 575 456 396 933 660 434 377 126 307 207094 588 1973 1853 1625 573 196 854 251 1280 206506 3356 3189 1989 1200 598 364 234 167 888 1101 597 333
is_linear=0
shrinkage=0.05


Tree=94
num_leaves=63
num_cat=0
split_feature=17 23 22 21 20 12 10 9 9 10 10 9 20 13 4 9 13 10 11 26 24 9 26 10 10 1 7 13 13 23 10 9 20 21 7 4 1 7 3 20 30 11 26 11 21 22 3 26 13 25 30 17 3 23 13 21 22 1 0 7 3 25
split_gain=9.17702 15.5063 17.428 16.0827 16.7629 14.8145 12.0606 49.7829 13.8609 125.809 41.2863 83.9569 29.6632 22.3359 20.4832 20.7795 19.7667 17.4333 16.1951 31.9117 29.0432 20.247 20.9558 16.7927 15.7487 13.9909 16.4438 18.6055 16.8974 14.2991 13.8771 46.5805 22.7372 15.4128 14.8271 15.0902 13.7992 13.7427 13.0203 21.8977 16.3371 13.6457 15.3084 12.972 18.7608 24.471 23.7922 21.1748 21.0352 20.189 28.1673 20.1743 18.9367 17.7682 18.5568 20.5597 32.0569 20.3192 27.1275 23.1598 19.5815 22.9303
threshold=0.084154679618904951 48.028595624735019 0.29378953263181717 -0.11203293655663264 -0.11147379667116512 0.16736377148016587 0.9541665393090456 0.48456588029157138 0.17451074889713977 0.40878335904908858 0.59035066922430335 0.23797755880865332 -0.12796472383696403 0.93556721056721071 -0.0062711810084547888 0.22158023759315235 0.53154389053045248 0.54343965210491019 0.14960821266749666 30.16284041083885 23.923101078499133 0.1909841062211983 25.326682736151859 0.66492601076207103 0.65307784351525633 400.02196359846943 8.3428571428571363 0.076570304708724016 0.3378419346376092 46.576788916917586 0.87963782366437238 0.36340060726735629 -0.00078567383359456888 0.97308262277183832 530.96071428571452 0.015055073918467683 224.30040269943117 19.550000000000004 0.019279061875186455 0.12727911582759402 0.18241582532505771 0.075805244855981335 21.089074933124831 0.048195399000847863 -0.021146236129334969 0.35840329695415796 0.0022611132707625816 16.949148792963616 0.2681091309558285 16.26672945881629 0.17832750582750587 0.4057859827235219 0.014049197755076249 57.275668487719543 0.18808357263777201 -0.13071431287008742 0.42852275458293881 1413.4098794064605 2302.8719609121677 31.58392857142859 -0.0031328562852611197 24.303608838761853
decision_type=2 2 2 2 2 2 2 2 2 2 2 2 2 2 2 2 2 2 2 2 2 2 2 2 2 2 2 2 2 2 2 2 2 2 2 2 2 2 2 2 2 2 2 2 2 2 2 2 2 2 2 2 2 2 2 2 2 2 2 2 2 2
left_child=1 2 -1 4 -4 -6 7 8 12 -10 11 14 24 43 16 38 -11 -17 19 20 25 22 -20 -23 -2 26 -12 36 29 -29 31 33 -32 34 35 -22 -28 -31 40 -40 -16 42 -42 44 45 46 47 -14 -48 51 -51 -47 -52 54 57 56 60 59 -59 -45 -56 -62
right_child=6 -3 3 -5 5 -7 -8 -9 9 10 18 -13 13 -15 15 17 -18 -19 21 -21 30 23 -24 -25 -26 -27 27 28 -30 37 32 -33 -34 -35 -36 -37 -38 -39 39 -41 41 -43 -44 53 -46 49 48 -49 -50 50 52 -53 -54 -55 55 -57 -58 58 -60 -61 61 -63
leaf_value=-6.042775562055252e-05 0.01855442125332931 -0.018851305075547702 0.028423393587071435 0.0037118848532036266 0.028710075995152701 0.00060860384348026403 0.0037724135107456468 -0.073152641683674205 -0.066883198276616818 -0.027772448818928763 0.0018373115699707072 -0.076799312522381244 -0.022035648513832912 -0.0347678908820006 -0.02333958301218457 -0.076915266639930188 0.0057430960842722832 0.0048097487721831056 -0.0067346619228630016 0.011192163523411109 -0.0027745330324605985 -0.018514233167929817 0.023238402815920184 -0.0036282158458309389 -0.0078788272823799039 0.00093915570484439921 0.016146210757494398 -0.028664524750522221 0.018824568860390897 0.010110739246095068 -0.022387010347682056 -0.061722665153980484 0.0025156760273573847 -0.039063386721869098 0.036328239719468268 -0.018237455226378999 0.051844666077369733 -0.024952418373100013 0.018822896880957188 -0.018438859835403314 0.0017713987111117149 0.0033566392190646326 -0.041971857310001193 0.0013653699234161994 0.00025309578823659931 0.012986092943934156 -0.021713764081407565 0.0069980357897484026 0.00015883235347723156 0.018795917202405605 0.0083699340179347031 -0.01916799880925478 -0.0037209952849229159 -0.0076107590899786928 0.00087170012099381218 -0.0036426834955213625 0.012835393106042235 -0.0082758564476603843 0.0025705580052190593 0.0092803387329342939 -0.018625059316550913 0.0084435458057671216
leaf_weight=3142.4302870985121 323.56816008687019 87.551943756639957 143.94879351556301 1844.177009858191 61.136152505874634 202.00877809524536 1882.3468375355005 23.343494117259979 73.321520188823342 193.10160708613694 588.07723355852067 46.105229526758194 69.745627790689468 45.727819338440895 108.58645545504987 17.139650655910376 56.623615324497223 10.303710326552389 101.0204301327467 657.26553090289235 3664.033302821219 203.29793077707291 137.07707290351391 2810.7005599737167 67.874546006321907 1802.4090456292033 61.5785111784935 35.545776307582855 252.03698699548841 204.18009719252586 96.513017281889915 34.545886432752013 1780.8147483039647 30.118140980601311 23.459794413298368 164.94247722253203 49.209720432758331 32.219140857458115 147.57257444784045 53.582544829696417 40.107511615380645 308.53867804445326 39.369670271873474 4244.9573022406548 11671.490850454196 75.742547214031219 221.10130647569895 617.88640493713319 217.60668820142746 513.4000476449728 1364.7969809472561 136.09080499410629 423.85930723510683 896.7301874589175 2380.7757842224091 5985.8830280937254 507.41317273676395 1083.2126713916659 1231.0838238690048 1182.1745518464595 284.46303252130747 107.54773538000882
leaf_count=12876 1366 633 621 7580 248 832 8144 125 369 805 2416 255 292 193 443 89 237 43 415 2727 15050 831 576 11541 275 7347 252 145 1037 838 395 195 7286 123 96 671 198 131 607 219 165 1261 163 17443 48846 306 947 2534 925 2080 5608 554 1749 3655 9797 24475 2142 4368 4952 4956 1191 453
internal_value=6.28348e-05 0.00200388 0.00234367 0.0057015 0.0146993 0.00716481 -0.000152516 -0.000308168 -0.000272092 -0.00160514 -0.0012562 -0.0109298 0.000275327 0.000114117 -0.00780203 -0.0035396 -0.0201537 -0.0461437 -0.000479788 0.00056451 -0.000227041 -0.00352444 0.0105029 -0.00463454 0.0139574 0.00374316 0.00787161 0.013453 0.00949963 0.000835203 -0.00230077 -0.00399499 0.00123165 -0.00347848 -0.00319798 -0.0034424 0.0320802 0.00530227 -0.00185041 0.00886825 -0.00620311 -0.0013898 -0.0198599 0.000162394 0.00123099 0.00436491 -0.00175592 0.00404314 -0.0108556 0.00710928 0.00846956 -0.00764678 0.00550189 -0.000751196 -0.000389185 -0.00189901 0.00128143 0.00141735 -0.00250411 0.00309052 -0.000831504 -0.0111858
internal_weight=54863.5 5481.25 5393.7 2251.27 407.094 263.145 49382.2 47499.9 47476.5 13823.4 13750.1 1021.03 33653.1 33261.7 974.926 725.201 249.725 27.4434 12729 9476.95 8819.68 3252.1 238.098 3014 391.443 3025.26 1222.85 634.77 523.982 271.945 5794.43 3917.1 1877.33 3882.55 3852.44 3828.98 110.788 236.399 697.757 201.155 496.602 388.016 79.4772 33216 15311.7 3640.23 1126.34 687.632 438.708 2513.89 2302.06 211.833 1788.66 17904.2 17007.5 9266.08 3280.2 7741.43 2314.3 5427.13 2772.79 392.011
internal_count=227092 22790 22157 9281 1701 1080 204302 196158 196033 56926 56557 4287 139107 137466 4032 2990 1042 132 52270 38907 36180 13363 991 12372 1641 12364 5017 2601 2151 1114 23816 16135 7681 15940 15817 15721 450 969 2858 826 2032 1589 328 137273 63841 14995 4698 2826 1872 10297 9437 860 7357 73432 69777 38058 13583 31719 9320 22399 11441 1644
is_linear=0
shrinkage=0.05


Tree=95
num_leaves=63
num_cat=0
split_feature=22 20 4 20 9 28 8 2 1 2 13 8 2 25 27 13 11 28 18 18 2 8 2 2 28 3 27 8 8 20 24 10 28 8 20 20 13 26 13 20 13 8 29 20 10 27 2 19 11 6 3 28 4 27 28 28 13 9 25 27 9 8
split_gain=8.39492 17.1982 10.6686 34.1875 19.4985 21.9173 16.3501 15.059 21.4333 13.6105 21.5313 14.8178 13.7566 18.5052 12.5633 12.6456 14.5567 12.1126 12.0855 10.8261 15.5337 12.7624 10.8257 14.9476 23.5052 21.4224 19.9376 16.1246 15.2624 15.2047 16.6414 18.3199 16.4823 17.5508 16.7483 16.2837 14.2083 21.4168 13.3716 18.0246 29.5002 23.1906 19.5644 19.9162 19.4795 19.2691 16.9517 15.8194 20.0672 15.4022 18.9818 26.0572 14.9954 14.6717 14.2919 14.0223 19.1008 17.0442 13.7912 22.6427 16.5343 13.2278
threshold=0.75780062430335948 -0.039194915660611999 0.0076210331513803598 0.039191988407641383 0.050094774457612255 0.37853842550587874 5.6779295131102225 104.68350188453542 94.635109605810598 426.99582017834797 0.23976293642537155 6.7343820216688721 748.1214864566939 24.124970230812831 5.675705257546551 0.017028780718166311 0.0048995748968850917 0.42746152459955628 3.1148953922773246 10.391860457001849 254.82405499389395 5.0082939295589455 2125.8785017534633 1770.1831286410566 2.0909767594574151 0.009542289415160431 1.8670916279815188 3.127570357857564 3.84206568131756 0.075400451739004129 12.60989589853906 0.1790278831009742 0.24330415052764312 3.0758149434791062 -0.0080331207157230949 -0.10382842466523427 0.26235728833286548 21.636604925346926 0.22543263244166103 0.024621991504426347 0.17068416991098651 3.3748913143418915 1.0000000180025095e-35 -0.15785895948680403 0.59035066922430335 -2.0045513295782391 2191.5724576417365 0.79596861912064121 0.051510476840928306 1.0216357218677963 0.018840639188969246 0.31461818975685213 0.0053644038652509371 -1.9437604715759187 0.23895024123567329 1.4966501273292634 0.82698053974317765 0.10604391368339837 26.380598990494217 2.3881804418122141 0.13881762506507692 2.9843920357905103
decision_type=2 2 2 2 2 2 2 2 2 2 2 2 2 2 2 2 2 2 2 2 2 2 2 2 2 2 2 2 2 2 2 2 2 2 2 2 2 2 2 2 2 2 2 2 2 2 2 2 2 2 2 2 2 2 2 2 2 2 2 2 2 2
left_child=2 -2 18 4 5 -4 7 8 -6 10 11 -8 -11 -14 15 -5 -17 -18 22 -20 -21 -22 23 -1 25 26 29 -28 -29 30 -25 -32 35 36 -35 -33 37 -34 39 40 47 44 43 -42 58 -46 -45 52 -49 55 -51 -52 -24 -43 -47 -40 -57 -58 -41 60 -60 -50
right_child=1 -3 3 14 6 -7 9 -9 -10 12 -12 -13 13 -15 -16 16 17 -19 19 20 21 -23 38 24 -26 -27 27 28 -30 -31 31 32 33 34 -36 -37 -38 -39 49 41 42 53 -44 46 45 54 -48 48 61 50 51 -53 -54 -55 -56 56 57 -59 59 -61 -62 -63
leaf_value=-2.2270209970071408e-05 0.023062207047096581 0.0012243102552168383 0.067216446538890001 -0.041447112257327695 -0.0051741193900717991 -0.0035879261341302225 0.024797924265457072 -0.0060504944063018446 0.057351535580943615 -0.038585887450771607 0.052738578684914252 -0.034182070859230022 0.026727609007071412 -0.035162135746372371 0.023113751371669905 0.026342522842397076 -0.010513438942423309 -0.032690327943844258 -0.0054295245034613965 0.028347118951070577 0.0031609889677825576 -0.04945442341526099 0.012985793464643319 -0.022601073169075264 0.044577980465376227 -0.02715090588942411 -0.033403920377648909 0.031658491972108939 -0.019868740844568911 -0.051289322757611402 0.018873623333389433 0.037297318520240166 0.049515682124342222 0.0081463313095303091 -0.039458982992326773 -0.018152308198720629 0.064862683079752112 -0.034148596328732357 0.0047840000658818903 -0.027602833543140845 0.04272955358256697 0.050564223592047354 0.012234053220733194 0.036647301204908424 0.06046363522202361 -0.02399467476237151 -0.0207736109887675 0.012683541035858132 -0.018364283559035466 0.02621683193826517 -0.027339520983909495 0.017118165214375262 0.044739895574504668 0.0029220134589577444 0.020111995313043085 -0.034897122198955417 -0.027318577693609486 0.017318399694764619 0.015945612835426858 -0.032709327503302535 -0.040067817890161034 0.010573027886332088
leaf_weight=38182.971650448628 91.012826338410378 8886.74488727469 22.362462311983109 56.932444803416729 32.786919161677361 21.021371349692345 28.476457804441452 770.834069294855 23.276386380195618 19.303808022290468 41.294114321470261 16.855222875252366 44.066726937890053 16.480521693825722 17.685393750667572 19.143991634249687 170.59485147893429 97.311963438987732 1578.6355110406876 59.853564899414778 84.848973240703344 13.215858012437819 250.35200420953333 64.888215929269791 21.648269027471542 124.79225823655725 94.555207595229149 22.974842712283134 37.98938724398613 14.104794159531592 149.25556957907975 14.3612724840641 16.617605522274975 84.183900652453303 23.546782329678535 151.59738599136472 20.938283339142799 13.952892003580926 1637.2428295239806 189.02338209562004 14.120979756116865 22.008517891168594 86.733406111598015 13.380507081747053 14.416461274027823 37.738926291465759 256.92215225286782 221.98637174069881 129.7421099934727 178.65324333310127 49.963920954614878 96.286287350580096 43.846374049782753 61.071213256567717 35.540709408000112 54.133905522525311 32.149742171168327 63.288370728492737 82.829044952988625 56.212384480983019 15.533575411885975 56.441177815198898
leaf_count=158681 370 36589 90 235 133 85 115 3112 95 79 170 69 178 67 73 78 709 403 6556 251 350 54 1008 262 88 517 382 93 157 57 603 58 67 347 96 614 85 57 6696 766 57 89 350 54 58 154 1041 892 522 733 211 398 176 252 147 222 133 256 336 232 69 227
internal_value=4.81993e-05 0.00144651 -0.000225355 -0.0045254 8.77013e-05 0.0328643 -0.00134189 -0.00422495 0.0207522 0.0129423 0.0266603 0.00273096 -0.00189177 0.00976902 -0.0177595 -0.0198816 -0.015574 -0.0185966 -9.00255e-05 -0.00417889 0.00828704 -0.00392203 7.60077e-05 -0.00016885 -0.00670517 -0.0080479 -0.00467498 -0.0204867 -0.000348378 -0.000219936 0.00111562 0.00437382 -0.00226951 0.00920063 -0.00223938 -0.0133043 0.0331823 0.01118 0.00266104 -0.000802708 0.00288126 -0.00850013 -0.00851236 -0.0148585 -0.013166 0.00782029 -0.0179002 0.00890954 0.00252332 0.00526787 0.0152847 0.00188748 0.0177489 0.0156486 -0.00253649 0.00344292 -0.0111967 0.00221658 -0.0185376 -0.00740901 0.0070174 -0.00956417
internal_weight=54850.7 8977.76 45873 1398.43 1036.76 43.3838 993.374 826.897 56.0633 166.477 86.6258 45.3317 79.8511 60.5472 361.669 343.983 287.051 267.907 44474.5 1736.55 157.918 98.0648 42738 39038.4 855.407 833.758 708.966 155.519 60.9642 553.447 539.342 474.454 325.198 159.239 107.731 165.959 51.5088 30.5705 3699.62 1587.9 1073.53 514.374 371.157 284.424 431.294 87.6961 270.303 702.368 408.17 2111.72 324.903 146.25 294.198 83.0797 73.2796 1786.81 149.572 95.4381 343.598 154.575 98.3626 186.183
internal_count=227104 36959 190145 5691 4193 175 4018 3340 228 678 354 184 324 245 1498 1425 1190 1112 184454 7211 655 404 177243 162164 3483 3395 2878 632 250 2246 2189 1927 1324 652 443 672 209 124 15079 6430 4327 2103 1502 1152 1762 359 1095 2825 1641 8649 1342 609 1184 341 301 7307 611 389 1403 637 405 749
is_linear=0
shrinkage=0.05


Tree=96
num_leaves=63
num_cat=0
split_feature=11 7 4 25 23 28 2 30 18 8 13 8 10 9 9 10 10 9 9 10 4 23 30 12 8 0 23 1 27 19 10 1 8 20 17 9 2 10 12 23 4 22 23 2 17 10 25 9 10 2 12 22 26 25 22 10 2 25 1 2 7 18
split_gain=7.81262 15.6139 16.0511 14.7774 14.8196 17.6801 17.3043 16.1599 17.716 14.6228 12.9008 12.7676 26.8268 14.9559 14.1154 92.6789 20.7496 30.5515 19.7368 23.8807 22.8601 22.6685 21.6704 18.0714 24.1683 22.9576 18.2694 22.0514 17.1147 16.5387 16.106 32.5106 28.4252 17.8486 15.9037 16.2415 24.7661 32.5985 25.2293 15.8709 22.2618 15.7993 16.3626 20.4933 16.7744 15.6714 15.4881 15.3342 24.662 15.2558 15.8 14.3512 14.217 15.6365 13.92 13.8768 26.2624 14.1591 13.5124 15.9596 13.4965 14.6755
threshold=0.049304659222660578 117.96428571428569 -0.0062711810084547888 30.0160489066872 18.402379989728249 0.35659152205805894 2056.6619249049095 0.79401078757187327 0.12742650636956052 8.4442003466688522 0.36855729224967415 4.6937490691810391 0.66112033960871186 0.64323705806063025 0.13721596847393577 0.32566080577550077 0.38884312648727809 0.18140228277485065 0.061577372065626801 0.15503890923552704 0.014468229872576193 85.065615332681702 0.26996565211228957 0.011664765699053987 2.1440643494661198 59.082485273158206 47.77128875708744 996.3284460022212 0.43474353865586762 0.16297121000808104 0.91113046844754175 741.31752821859152 4.0069297077229775 0.25168728381466815 0.7758312682678864 0.048781087913400779 724.63304757372998 0.064113673732391255 0.15091250027515937 61.90487030340627 0.00017807484227158485 0.61039312839651838 66.062121695233941 1587.7442040805379 0.78730082945886315 0.57092509098135669 12.10904053348062 0.15100122963845922 0.22277642337098033 2236.2984615237033 0.097013510252033988 0.94871596862844221 20.238809084103497 18.502868935838645 0.69067701199337439 0.032007500868710841 168.07851978394498 17.698706055096647 1497.0182940374066 1673.0416922940456 9.7892857142857199 0.73035899569732499
decision_type=2 2 2 2 2 2 2 2 2 2 2 2 2 2 2 2 2 2 2 2 2 2 2 2 2 2 2 2 2 2 2 2 2 2 2 2 2 2 2 2 2 2 2 2 2 2 2 2 2 2 2 2 2 2 2 2 2 2 2 2 2 2
left_child=1 11 -3 -2 -5 9 7 -7 -9 10 -6 14 -13 -14 18 47 17 -17 19 20 21 23 28 26 25 -25 27 29 -20 -1 33 32 -32 -18 35 36 37 -27 52 -36 -41 -28 43 44 -43 -30 -37 48 -16 -26 -51 58 53 -38 -44 -48 57 -57 -33 -60 -47 -62
right_child=3 2 -4 4 5 6 -8 8 -10 -11 -12 12 13 -15 15 16 30 -19 22 -21 -22 -23 -24 24 49 34 41 -29 45 -31 31 51 -34 -35 39 46 38 -39 -40 40 -42 42 54 -45 -46 60 55 -49 -50 50 -52 -53 -54 -55 -56 56 -58 -59 59 -61 61 -63
leaf_value=0.0016749054116887265 -0.00012435863669555493 0.034504651770302479 0.0045415514454500662 0.017130589432178732 -0.0083027403115731348 0.0061252577043273033 0.02254170302153545 -0.033156519517727065 -0.0041117948246457755 0.034728086016327847 -0.029253297272522662 0.013307352174853704 0.0016370791750562616 -0.022370655669815009 -0.07964807643052528 -0.010673567419956009 -0.00095940584568003162 -0.076715411363719302 0.0077930549250003955 -0.021428834783644685 0.059463137473579557 0.035918256343192394 -1.5425315539199728e-05 -0.047511758902096718 -0.0086383342762524403 0.014647466097204402 -0.024423016643658202 0.041988854015179621 -0.0012032995033731233 -0.010934318468000991 0.026472795556124057 -0.014506603257966955 -0.00077515376918473392 -0.015785258460953234 -0.013404585704395395 0.061674976890816371 0.015921066356171906 -0.026029415029151237 0.041059620278012299 0.044614406282569852 -0.019004324767749933 0.0030974682562170419 0.050486093098845476 0.033240676598172106 -0.044292212563077034 0.050453658657528128 0.037698261018053479 -0.071064449105708458 -0.0089033709018797921 0.036334704506252709 -0.020142644957874874 -0.034995196035724437 -0.02062816051248114 -0.010780382815940241 -0.00070981342726961303 -0.034562082365235246 0.017337840160549324 0.00097309170046617631 0.044568969710941292 -0.020524343796625492 0.027581817282177658 -0.0149555322090102
leaf_weight=573.80989637598395 31115.095479791984 45.873045578598976 1694.6553457845002 79.812206879258156 1140.8017043378204 400.57115226890892 75.891800418496132 56.493755619972944 741.09549172595143 18.696694910526276 78.713159056380391 573.92622033692896 1323.8263965789229 68.104532456025481 18.157800544053316 152.95498466491699 4419.0477377325296 19.737648660317063 2334.7681145537645 150.14707924425602 15.405988991260527 40.260323271155357 4229.8528175856918 21.208411499857903 703.42095213569701 450.73331966251135 217.63616643100977 26.581834580749273 1133.837484670803 474.61918182298541 229.88592376001179 75.86964045278728 163.33588963747025 212.76235707756132 199.87387844920158 16.1978390365839 83.839211851358414 55.125425547361374 26.470953062176704 31.294717222452164 24.258733734488487 29.398104872554541 20.58873163163662 17.191509738564491 50.142313502728939 25.560277551412582 48.052579864859581 45.36870488896966 38.572276324033737 38.6360734552145 18.001781985163689 46.131798155605793 162.8753769621253 157.82707588374615 36.532207503914833 37.449042946100235 328.65920625627041 109.59554016590118 26.084269598126411 14.508701533079146 45.758743941783905 36.105403035879135
leaf_count=2445 127644 190 6898 394 4737 1652 310 238 3044 79 333 2357 5433 295 86 627 18174 102 9636 615 63 676 17255 88 2872 1886 1248 231 4618 2126 1378 309 678 889 859 66 340 225 108 134 98 233 88 69 248 107 200 221 158 156 73 214 660 664 152 153 1329 446 105 59 186 147
internal_value=4.57978e-05 0.000799394 0.00533606 -0.000426697 -0.00405387 -0.00472952 -0.000590116 -0.00206122 -0.00617922 -0.00898432 -0.00966137 0.00039209 0.00421187 0.000457312 -3.83598e-05 -0.00214483 -0.00124457 -0.0182907 0.000922365 -0.00185594 -0.00112234 -0.0013584 0.00240573 -0.00173954 0.000821057 0.00405074 -0.00619219 -0.00288263 0.00527088 -0.00402896 -0.000675815 0.00736424 0.0151446 -0.00164184 0.00468763 0.00668176 0.00269387 0.0102006 -0.00610514 -0.00682053 0.0167597 -0.0157526 -0.00344717 -0.0159988 -0.0267323 0.000522478 0.0135901 -0.0493129 -0.0317352 -0.00662283 0.018292 -0.0114188 -0.00921308 -0.00149364 0.0177119 0.012082 0.00947648 -0.0080603 -0.00201514 0.0211872 0.0187683 0.00876476
internal_weight=54847.7 21140.5 1740.53 33707.2 2592.08 2512.26 1274.05 1198.16 797.589 1238.21 1219.51 19400 1965.86 1391.93 17434.1 5462.42 5360.32 172.693 11971.7 4165.83 4015.69 4000.28 7805.88 3960.02 2513.52 1753.46 1446.5 1075.01 3576.03 1048.43 5187.63 555.816 393.222 4631.81 1732.25 1476.83 936.871 505.859 431.013 255.427 55.5535 371.489 153.853 96.7319 79.5404 1241.26 539.954 102.099 56.7301 760.059 56.6379 162.594 404.542 241.666 57.1209 523.756 475.704 147.045 116.463 40.593 107.424 81.8641
internal_count=227104 88673 7088 138431 10787 10393 5244 4934 3282 5149 5070 81585 8085 5728 73500 23000 22535 729 50500 18551 17936 17873 31949 17197 10357 7256 6840 4802 14694 4571 21806 2743 2056 19063 7168 6077 3883 2111 1772 1091 232 2038 790 550 481 5058 2194 465 244 3101 229 687 1664 1004 240 2128 1928 599 473 164 440 333
is_linear=0
shrinkage=0.05


Tree=97
num_leaves=63
num_cat=0
split_feature=27 1 0 28 7 23 18 2 3 30 3 28 7 30 0 10 1 22 20 24 21 1 3 25 22 21 20 21 7 26 30 0 10 28 24 27 21 22 12 1 3 7 0 22 25 26 10 23 19 26 6 0 20 3 5 21 16 2 17 2 2 3
split_gain=7.57396 20.0898 26.9993 17.4835 24.6215 17.9553 14.2958 13.5367 17.2262 14.4876 14.7777 14.2643 16.2943 13.0594 15.0463 13.1881 13.1863 13.0052 23.0343 12.2845 12.2675 12.0559 11.7573 11.0423 10.8931 18.6825 17.1678 14.4811 14.822 23.5298 17.7269 21.0779 15.8929 21.4459 30.226 22.7412 18.7602 23.8528 21.3488 28.4831 15.3469 16.119 20.5807 17.6586 19.8606 18.2636 17.4384 20.4355 16.745 15.9682 17.1971 15.5922 15.0958 17.7287 22.7207 17.5347 14.6561 14.6031 14.3028 24.8392 18.6811 14.99
threshold=4.8567656987765284 682.02640466606806 1076.3433305106421 0.17389676119635764 86.162499999999994 78.421244026243343 0.3954962050192054 39.56244376223426 0.024324679744213071 0.56993912822928372 0.087419707990743667 0.13173904680606149 4.200000000000002 0.78609160660311572 2131.6060145889728 0.84037892597794595 2045.0629134955145 0.24420879479556426 -0.13982197345730821 28.470570163085089 0.16588333136420955 631.19130921852081 0.066209096664722369 32.994657489055903 0.7078757636035361 -0.038919092782071278 -0.079694554535172421 0.59863790970933828 26.489285714285717 24.660030419946164 0.071808569173738485 367.49318069621717 0.12315723703274416 0.21153255373243821 19.768696051177884 -0.3516344159872275 1.0000000180025095e-35 0.3671974832837675 0.095113635957564377 996.3284460022212 0.062204207728575323 45.087500000000013 2187.016159797739 0.14876282781349137 15.80428260209754 27.285240672000779 0.16297553920643906 53.260231847907846 3.2999801547750285 11.472411570751653 1.0226905549693408 1245.1187413896134 0.15360890726406776 0.046404131738676774 1.0000000180025095e-35 -0.088049865341391462 1.0000000180025095e-35 692.30849770227849 0.31771181950022304 42.78052954451487 885.80508758936105 0.010610873079377641
decision_type=2 2 2 2 2 2 2 2 2 2 2 2 2 2 2 2 2 2 2 2 2 2 2 2 2 2 2 2 2 2 2 2 2 2 2 2 2 2 2 2 2 2 2 2 2 2 2 2 2 2 2 2 2 2 2 2 2 2 2 2 2 2
left_child=24 6 -3 4 -4 13 22 8 17 11 -11 12 -9 14 16 -15 20 18 -8 -6 -5 -13 -2 -10 27 -26 -27 28 29 52 40 -32 -33 36 35 57 37 -34 39 -38 41 42 43 -30 45 -45 47 -44 -43 -50 -51 -52 56 54 -54 -55 -1 -35 -31 -60 61 -61
right_child=1 2 3 5 19 -7 7 9 23 10 -12 21 -14 15 -16 -17 -18 -19 -20 -21 -22 -23 -24 -25 25 26 -28 -29 30 58 31 32 33 34 -36 -37 38 -39 -40 -41 -42 48 46 44 -46 -47 -48 -49 49 50 51 -53 53 55 -56 -57 -58 -59 59 60 -62 -63
leaf_value=-0.0020139648083228618 -0.019072408719921219 -0.01700735572588814 -0.026060475618480128 0.0056584993071586119 -0.001104601548672436 -0.01912229005095295 0.021110267911565145 0.057371665619213578 -0.022096729263450909 0.010667703759978296 -0.014954725409292942 -0.011975590777079805 -0.0052596770099524771 -0.050750634434898967 -0.0015223584502859966 -0.0040646967697082299 0.058278024378474673 0.031554922133109162 -0.022590061743614678 0.054571765253538421 0.028280449641201518 0.028097346788385127 0.010945808609870062 0.005380702031783406 0.012469205630910097 0.036349571692316528 0.0010862932423161902 -0.01686907627032555 0.058070431392928029 -0.00050011170088162631 0.05337730029325314 0.0050327780145452417 -0.0086068997812458661 -0.0042293103550751507 -0.0012354318679594321 0.0097429965484302859 0.029210301286693902 0.0032370826796488429 -0.022584961106434449 -0.0087678276124840589 0.050140095199757033 -0.00087937549178858571 0.049198344789443293 -0.015365583958902302 0.010717463017587494 0.014062268314449296 0.080080055590678628 -0.025494291499139884 0.029748042225165451 0.021020474990534388 0.039404717918032135 -0.016974817232995643 0.010696473816798146 0.0010041605291162647 -0.014999978426703038 -0.04266399555532642 0.023649776614231403 0.0044521811906090714 -0.0010317891898436067 0.01061361780604842 -0.0068247063805042365 -0.0051665612780684685
leaf_weight=13855.968582501635 133.17840901017189 435.86693672277033 143.97748174704611 211.66658359766006 32.416095539927483 98.391681715846062 109.15995647013187 17.528808742761612 45.161367185413837 333.40015083085746 67.465912882238626 366.28379620611668 24.925902277231216 16.873799690976739 271.58298436366022 142.83481953851879 16.306248262524605 112.87540963292122 41.466214969754219 14.060435250401495 83.99839822947979 19.620465680956841 42.888875231146812 190.13209343887866 381.91942290961742 34.542041674256325 10218.299789434299 129.53323778510094 16.927916586399078 5978.2508190646768 18.570706889033318 1530.4436004795134 704.70956392027438 757.67768228054047 6849.2288496550173 1295.7740114387125 54.202428001910448 1070.3685758449137 255.66578537225723 539.19885161146522 18.342717155814171 1415.7902265004814 22.947672039270401 162.42970295250416 741.17779451049864 77.801671072840691 17.507754102349281 15.016924127936361 90.704993784427643 84.114665620028973 14.047686293721197 90.484626315534115 133.75609726458788 33.216456421650946 239.98157883249223 72.944914467632771 55.726877085864544 1341.2120543606579 1628.307230969891 1545.4286951087415 206.56432653032243 166.22176423296332
leaf_count=57778 546 1843 585 865 131 404 462 73 185 1388 299 1512 101 72 1109 584 67 469 169 57 344 81 204 789 1589 142 42028 530 68 24543 76 6215 2859 3094 28061 5277 221 4328 1034 2178 76 6067 94 702 3140 344 71 61 376 354 59 371 550 151 1004 317 538 5458 6962 6416 925 708
internal_value=4.34468e-05 -0.00241111 -0.00657268 -0.00215997 -0.0158374 0.000930606 0.00164738 0.00342541 0.00993377 -0.000484192 0.00634031 -0.00688235 0.0205563 0.00359411 0.00706608 -0.00905719 0.0145568 0.0187118 0.00903973 0.0157127 0.0121097 -0.00991846 -0.0117297 7.83965e-05 0.000184203 0.00161101 0.00120594 -0.000183703 -0.000130955 -0.000935916 0.00098906 0.000285105 0.000215911 -0.000356623 0.000676075 0.00453421 -0.00438975 -0.00146241 -0.0105029 -0.00528607 0.00465457 0.00434743 0.00920391 0.00754834 0.00666599 -0.00581235 0.038842 0.0195329 0.00132502 0.0125114 0.00418582 -0.00931999 -0.00221188 -0.010932 -0.00578976 -0.0289657 -0.00191063 0.00131582 0.000991499 0.00350721 0.00736267 0.00907804
internal_weight=54837.1 2972.06 1467.98 1032.11 190.454 841.655 1504.09 1328.02 498.795 829.225 400.866 428.359 42.4547 743.263 583.554 159.709 311.971 263.502 150.626 46.4765 295.665 385.904 176.067 235.293 51865 10634.8 10252.8 41230.2 41100.7 23916.4 17184.3 14417.1 14398.5 12868 10243.9 3394.66 2624.15 1775.08 849.067 593.401 2767.29 2748.95 1053.81 998.337 981.409 240.231 55.4724 37.9646 1695.14 279.352 188.647 104.532 14391.6 479.899 373.738 106.161 13911.7 2098.89 9524.77 3546.52 1918.21 1711.65
internal_count=227104 12339 6061 4218 773 3445 6278 5528 2074 3454 1687 1767 174 3041 2385 656 1276 1100 631 188 1209 1593 750 974 214765 43759 42170 171006 170476 99892 70584 58801 58725 52510 41890 13829 10620 7187 3433 2399 11783 11707 4480 4254 4186 1046 226 155 7227 1160 784 430 60338 2022 1554 468 58316 8552 39554 15011 8049 7124
is_linear=0
shrinkage=0.05


Tree=98
num_leaves=63
num_cat=0
split_feature=8 10 22 7 2 26 1 19 20 0 6 7 24 2 2 24 28 22 26 0 22 0 28 2 17 8 28 30 10 24 28 11 2 0 7 28 27 22 25 3 8 30 24 20 17 28 0 2 10 3 11 25 30 24 11 10 1 10 20 27 25 22
split_gain=7.16239 20.7343 19.5402 19.861 14.1693 17.1952 15.0967 30.9629 26.6361 17.584 18.5781 15.4943 14.9536 14.4006 17.0485 18.0446 15.2412 15.1111 14.3701 23.7177 27.5278 28.7154 28.2155 16.839 28.4157 20.7277 15.4969 21.0538 23.3544 15.2901 28.8913 28.7724 28.2943 26.3906 19.457 15.641 17.5237 14.7213 23.7766 14.3713 15.7197 14.296 14.1745 21.6009 13.4365 17.4323 15.2047 27.7754 13.282 13.0019 12.8865 12.8785 12.8445 12.2194 12.0946 23.0793 22.0905 20.6542 21.7734 21.0347 24.8447 20.7522
threshold=4.2897363004132272 0.21869323707329941 0.52454120211061916 102.86607142857147 980.84394855269898 6.0041640924507194 1044.9074122764139 0.47670174655323272 -0.28674816945661619 2356.3137174812068 1.0350772720877361 181.65535714285718 21.895034891593404 1107.4091391866359 1186.8811641755312 18.921446401199539 0.16927820129259422 0.97663650653776224 31.957982812310618 214.94151182366281 0.82340981343565123 261.50275378047223 0.28857800636766712 27.966205590772446 0.32984001093622739 5.8252093841355377 0.3374313507847157 0.88792348571773672 0.96588969903816335 27.495670388143612 0.16142088266733393 0.018298193601869163 144.07055778160839 296.59775286379096 55.491071428571438 0.83190587095382473 -2.7027537867291946 0.85957343342412107 35.895674580182565 0.02483612323856154 5.3829842766595046 0.47570316862088224 36.413913783281359 -0.23293486823317747 0.53043201063835943 0.21020365508134808 613.34742461828512 314.4972486475437 0.91896710484536748 0.050436077992004516 0.32087705087467139 25.483410502137357 0.9387586160291933 29.213838137143039 0.062976407557163577 0.91113046844754175 741.31752821859152 0.78994669041718313 -0.11147379667116512 3.3485609489274304 14.931404839427996 0.45176645580273184
decision_type=2 2 2 2 2 2 2 2 2 2 2 2 2 2 2 2 2 2 2 2 2 2 2 2 2 2 2 2 2 2 2 2 2 2 2 2 2 2 2 2 2 2 2 2 2 2 2 2 2 2 2 2 2 2 2 2 2 2 2 2 2 2
left_child=54 2 -2 44 6 -6 9 12 -9 18 53 -12 -8 50 15 -15 -16 -18 29 23 21 22 -21 24 -20 -26 -25 42 -29 30 33 34 -31 -3 39 37 -37 38 -34 -32 -41 -39 -28 -44 -4 -46 47 -47 -43 -50 52 -5 -7 -11 55 -1 -57 58 61 60 -60 -56
right_child=1 4 3 51 5 13 7 8 -10 10 11 -13 -14 14 16 -17 17 -19 19 20 -22 -23 -24 26 25 -27 27 28 -30 32 31 -33 35 -35 -36 36 -38 41 -40 40 -42 48 43 -45 45 46 -48 -49 49 -51 -52 -53 -54 -55 57 56 -58 -59 59 -61 -62 -63
leaf_value=0.00019932452443115401 0.0026334839493248998 -0.037741355056607244 0.035473301504680033 -0.041760507240560935 -0.063814996061787435 0.013026685220748633 0.024517076326375592 -0.046362785232348477 -0.0066702204717765338 -0.012152500601774198 0.032898914734790445 -0.015351361830733932 0.0022204519020030326 0.022239349663664681 -0.036517783862318909 -0.019715210024953238 0.0039342149688121721 0.03120646888960283 0.017662184895668672 -0.02618838062347701 -0.042927348253643832 0.007419814359388259 0.042185177055752705 -0.033408758272246826 -0.039739627835215348 0.015625176990843894 0.016787294663517655 -0.037287552451333049 0.0072465553645154604 -3.3505671747726372e-05 0.027695756264088264 0.0010417075641804812 -0.0081071839911555192 -0.0013069419467691746 -0.046415313087170153 -0.0051377785287543189 -0.036317969607157011 0.030531439812806579 -0.042531547934272641 0.0016075933247995452 0.028971468275281433 -0.013785624543008721 0.022821183969940314 -0.045927439988740625 0.054237690747043869 0.011820716405864136 0.024886749994211393 -0.069259164041797563 -0.014464512131117813 0.015617762146866623 -0.024211647687540378 0.023020616994933997 0.045443940318602813 0.048733106759635408 0.0027923277634140727 0.018713404636740882 -0.0027692549358096972 -0.0063110396752193631 0.0037183236932403201 -0.0077623012067031738 -0.0019118258966693551 0.021566760018461653
leaf_weight=21360.168466849253 410.63241206109524 87.160565793514252 133.91583727486432 19.75909598171711 9.1735107656568271 269.62662551738322 100.97894026339054 43.608504235744476 1332.613664008677 9.6290455609559995 25.510162264108658 47.342518553137779 296.2240305095911 31.056730076670647 22.567134901881218 142.44201983325183 1791.6346223242581 52.243968218564987 174.45164729654789 17.312453545629978 24.353031426668167 850.5129608809948 110.36534992232919 60.331032335758209 46.166276104748249 26.411731608211994 108.32334846258163 78.708132866770029 46.683289140462875 3150.1198459602892 166.44455096125603 4397.9407675061375 638.74127123318613 116.17715069651604 12.661714091897009 81.681079730391502 101.67402333579957 38.348066482692957 54.4531852286309 196.57667984254658 71.729928106069565 132.24998331256211 19.934900537133217 26.333983168005943 18.979021236300468 28.122322678565979 36.891457095742226 16.72221764922142 49.754438310861588 127.4687435682863 20.318290114402771 12.313538938760756 34.597056284546852 51.136985071003437 1571.4586712270975 328.59736504405737 187.5517045930028 1851.63064705953 2451.2072614897043 1183.8449988290668 9759.2734627537429 162.46160542964935
leaf_count=89120 1699 355 551 81 38 1108 408 181 5412 40 105 197 1203 127 91 586 7352 210 747 80 105 3586 465 247 199 115 468 322 189 13169 677 17988 2654 478 51 331 426 156 234 804 293 539 85 112 79 114 150 68 200 526 83 50 141 243 6463 1794 787 7556 10065 4810 39925 666
internal_value=4.13308e-05 0.000932789 0.00949315 0.020031 0.000553278 0.00410392 -9.86783e-05 -0.00438382 -0.00793487 0.000582667 0.0186058 0.0014974 0.00790614 0.00437222 0.00281241 -0.0121679 0.00420819 0.0047113 0.000363376 0.0047605 0.00943574 0.0107487 0.0328617 -0.00321146 0.00671149 -0.0195293 -0.0104289 -0.00544921 -0.0206751 -0.000378023 0.00149612 0.00227201 -0.00254214 -0.01696 0.0143514 -0.00899186 -0.0224654 -0.00661201 -0.0108243 0.0161429 0.00894983 0.00176927 0.00687371 -0.016214 0.0250836 0.0111979 0.00108892 -0.018389 -0.00178733 0.00714074 0.0141573 -0.0167396 0.0167434 0.0389989 -0.000324959 0.00045204 0.0108986 -0.00132631 -0.000715833 -0.00139861 -0.000781164 0.00455545
internal_weight=54827.3 15971.1 677.336 266.703 15293.8 2373.66 12920.1 1773.43 1376.22 11146.7 133.619 72.8527 397.203 2364.49 2039.94 173.499 1866.45 1843.88 11013.1 1589.89 1002.54 978.191 127.678 587.344 247.03 72.578 340.315 279.984 125.391 9423.18 5048.69 4845.35 4374.49 203.338 447.413 1224.37 183.355 1041.02 693.194 434.751 268.307 347.821 154.592 46.2689 234.631 100.715 81.736 44.8445 309.473 177.223 324.542 32.0726 304.224 60.766 38856.2 21876.3 516.149 16979.9 15128.2 13394.3 12210.5 1733.92
internal_count=227104 65918 2792 1093 63126 9736 53390 7204 5593 46186 585 302 1611 9698 8366 713 7653 7562 45601 6720 4236 4131 545 2484 1061 314 1423 1176 511 38881 20646 19813 18235 833 1825 5066 757 4309 2888 1774 1097 1421 665 197 962 411 332 182 1265 726 1332 131 1249 283 161186 91701 2581 69485 61929 54800 49990 7129
is_linear=0
shrinkage=0.05


Tree=99
num_leaves=63
num_cat=0
split_feature=22 21 25 22 3 6 20 9 20 20 25 4 2 2 23 21 25 21 4 7 12 9 25 7 24 24 3 12 11 11 26 21 22 27 21 20 17 9 24 20 6 8 3 9 4 7 23 4 12 24 18 20 4 21 2 20 9 11 8 26 9 12
split_gain=6.85422 17.1244 22.3723 20.4766 38.8568 29.0909 24.4495 32.3524 20.881 20.7595 19.8603 19.848 18.0712 19.6704 18.0516 19.4168 17.4728 17.0233 21.5301 17.0835 16.9441 19.3491 16.0358 15.8912 16.1238 20.6314 20.3295 16.414 20.3006 15.639 24.6992 37.5376 31.8696 28.5188 23.1583 24.6248 22.0584 20.4461 21.579 20.2001 24.2842 18.2348 26.3184 17.8323 17.5695 17.3828 17.0034 16.9017 20.5258 17.637 15.9677 15.4637 19.463 15.4412 15.3786 15.2349 15.1482 20.0476 19.1916 17.7068 16.7362 24.3862
threshold=0.75292216605380813 1.0000000180025095e-35 45.413520087713749 0.35840329695415796 -0.00082270543089433125 1.000689018432072 -0.11352288958428257 0.17912248067135753 0.055711286059264793 0.030751630306936287 21.641260914693138 0.0029322705254694256 1352.1730682230839 3944.7478287170902 68.264975943873736 0.31247164381671161 22.769650990739972 0.080861001500387011 0.00060014926647963438 7.0971428571428605 0.048528481481702919 0.18842550003961109 18.183525351954621 1.8000000000000009 20.134542967600719 99.998028157905125 0.010344758434387031 0.159673097619805 0.042117984437592508 0.027624070179333094 14.638512661616945 -1.0000000180025095e-35 0.56552761107261551 -0.92880803136776524 -0.15918782037188164 0.11140223412445317 0.65908459946494391 0.14188947747089706 30.128440040577157 -0.027467501751610054 1.0112500883211675 4.8441575640585794 -0.028739027841994353 0.2574524879690005 0.0064566483202743311 133.72142857142856 20.547972534550556 1.0000000180025095e-35 0.047643983948108017 28.054854273134122 1.2252960174687821 -0.0284642921033697 0.0059094900461552921 -0.024201740406571356 66.520902999562054 -0.052942046383770862 0.050094774457612255 0.053253059397911084 1.5565773717682971 19.46221015422821 0.10399488693991903 0.096015663741447446
decision_type=2 2 2 2 2 2 2 2 2 2 2 2 2 2 2 2 2 2 2 2 2 2 2 2 2 2 2 2 2 2 2 2 2 2 2 2 2 2 2 2 2 2 2 2 2 2 2 2 2 2 2 2 2 2 2 2 2 2 2 2 2 2
left_child=1 3 14 4 8 -6 7 -5 11 16 -10 12 20 -14 -3 -16 -7 18 -2 -20 21 -1 -19 24 26 27 -8 28 -26 -25 46 34 33 39 37 47 -34 55 41 40 -33 54 43 -43 -37 -40 -31 48 -36 51 -48 -49 -53 -11 -39 -32 -22 58 -58 -60 -59 -62
right_child=17 2 -4 6 5 9 23 -9 10 53 -12 -13 13 -15 15 -17 -18 22 19 -21 56 -23 -24 29 25 -27 -28 -29 -30 30 31 32 36 -35 35 44 -38 38 45 -41 -42 42 -44 -45 -46 -47 50 49 -50 -51 -52 52 -54 -55 -56 -57 57 60 59 -61 61 -63
leaf_value=0.033199911127142011 0.0014792860298469752 -0.0014423545126853482 0.027005981609718954 0.028503276119870503 -0.015336608864260585 -0.0083868410638816161 0.0026519194601523121 0.0029406727026689079 -0.0058723808868718788 -0.01744479533859827 0.056391682099895792 -0.01690821473294862 0.0072133294766041816 -0.0044845651172504639 -0.0088150947710449179 -0.058206392542733701 0.0062535955858643109 0.01244061574692088 0.03603626665476227 0.010199527128679066 -0.014941995199878613 -0.0091408099645161507 -0.00016638297308102165 0.004393931444951503 -0.011275006554685892 0.0027366755095211939 0.060866625433051283 0.0085626683181542589 -0.036514588796965723 0.01000940688130806 0.028380161528288178 0.021292723382889372 0.024439950719185796 0.021239219252852687 -0.029294962641394463 -0.012245471496155394 0.0065140352217676724 0.015408362851351399 -0.0092596443741444576 -0.0011416304425448168 -0.050128976995524002 0.012751053792108153 0.018044299108756084 -0.063449273567506584 -0.066612684477021386 -0.068488912663615537 -0.009869905150224817 0.013410613312164485 -0.0014124027152870441 0.027488568426594209 0.0047890277590207728 0.0021242436813484699 -0.026108334306066711 0.024778429538377621 -0.012255940232533317 0.0086135919110131662 0.067095407907791185 -0.0054990501884027666 -0.014024837386709925 0.01249274453788041 0.032896963977261641 -0.00035631602102195189
leaf_weight=75.906972140073776 1048.1123758740723 13373.624302316457 67.574791384860873 192.56022553145885 740.81912479549646 314.23052416369319 314.37956199422479 347.706412948668 21.189981514587998 275.33955953083932 31.694941401481628 172.48147960007191 1546.9477817900479 467.46934227645397 529.21313038654625 20.627944717183709 579.02611208707094 261.1968982219696 72.62961633130908 547.60442461445928 188.52611999213696 41.53423910588026 7259.9525269893929 3998.8328920770437 452.18321609869599 330.82081347331405 15.66655422747135 79.127044651657343 97.023296363651752 159.53106537461281 135.6433222591877 174.45104774087667 371.85198252648115 198.08622594922781 66.823019728064537 296.85628970805556 320.53667879104614 69.950712352991104 181.0733508579433 1309.6817509271204 12.641449302434919 13.408745452761652 301.81621851027012 17.492946356534958 15.607687741518019 13.24642939865589 1053.8626156449318 268.94131830334663 4937.7982659339905 82.419013425707817 224.95728618092835 577.78534363768995 68.141530534252524 23.320251166820526 176.81864622980356 350.97635005414486 14.031165093183516 1777.3432757761329 76.164059728384018 357.21629608795047 55.432524651288986 7651.2514695227146
leaf_count=458 4399 54422 718 810 3229 1307 1279 1427 88 1251 132 699 6308 1908 2227 85 2409 1059 338 2217 782 253 29834 16610 2308 1620 64 335 409 752 581 820 1580 840 271 1255 1333 288 753 5614 54 56 1265 72 64 54 4314 1084 20132 334 925 2343 277 100 740 1471 57 7295 316 1466 228 31385
internal_value=3.93074e-05 -0.000211502 -0.00166816 0.000432498 -0.000958148 -0.00755495 0.00159591 0.0120645 6.33579e-05 -0.00271329 0.0313853 -6.98152e-05 0.000166964 0.00449612 -0.00180788 -0.0106874 0.00109741 0.00128521 0.00585445 0.0132384 -0.000684433 0.0181881 0.000270932 0.00125664 -0.00407451 -0.00735665 0.00544799 -0.0126784 -0.0157488 0.0017033 0.000759057 0.00164377 0.00711086 0.00341423 -7.8627e-05 -0.00131448 0.0161506 0.00610831 0.00105082 0.00105063 0.016416 0.00589199 0.0135325 -0.030289 -0.0149976 -0.0133561 -0.00536472 -0.000601061 -0.00178627 0.00534119 -0.00728717 0.00333772 -0.00084997 -0.014124 -0.00439073 0.0141384 -0.000904119 -0.00063699 0.00970345 0.00781874 -0.00112543 -0.00011606
internal_weight=54819.2 45629.7 13991 31638.6 14409.9 1932.74 17228.7 540.267 12477.2 1191.92 52.8849 12424.3 12251.8 2014.42 13923.5 549.841 893.257 9189.5 1668.35 620.234 10237.4 117.441 7521.15 16688.4 1289.2 959.154 330.046 628.334 549.207 15399.2 11400.4 9962.05 2387.25 1694.86 7574.8 6314.37 692.389 1260.43 773.807 1496.77 187.092 579.487 332.718 30.9017 312.464 194.32 1438.35 6001.91 5004.62 997.287 1278.82 914.868 645.927 298.66 246.769 486.62 10120 9931.44 447.412 433.38 9484.03 7706.68
internal_count=227104 189257 57452 131805 59671 8296 72134 2237 51375 5067 220 51155 50456 8216 56734 2312 3716 37847 6954 2555 42240 711 30893 69897 6015 4672 1343 3052 2717 63882 47272 41281 10241 7328 31040 25760 2913 5280 3228 6488 874 2421 1393 128 1319 807 5991 24441 20403 4038 5239 3704 2620 1351 1028 2052 41529 40747 1839 1782 38908 31613
is_linear=0
shrinkage=0.05


Tree=100
num_leaves=63
num_cat=0
split_feature=25 21 9 9 22 26 7 7 23 26 18 7 25 18 28 24 22 0 26 4 21 24 11 2 24 7 11 3 4 2 1 21 1 22 26 23 2 3 18 9 4 4 22 28 2 0 19 3 28 11 0 19 11 25 25 3 11 9 24 7 9 7
split_gain=12.2978 10.7934 10.6818 26.42 24.2424 12.2153 12.3442 11.7294 10.3865 21.326 11.3844 10.2406 10.2332 10.0438 13.5023 12.5967 10.0523 9.91151 17.0599 21.8684 21.1138 16.5844 16.2827 15.5187 27.6824 26.1122 22.3339 22.2557 19.1872 14.9972 14.4977 14.3111 16.5636 14.0658 17.4667 25.1151 16.608 17.5418 17.1463 15.4797 27.8124 19.1036 19.7549 17.1427 15.8468 17.9059 26.4023 32.3851 32.6914 17.6757 17.4003 15.771 14.4768 15.8506 14.0492 16.6924 14.5708 14.5691 13.7802 25.0674 14.8117 21.8405
threshold=7.9483338492319335 1.0000000180025095e-35 0.0044435854687915185 0.015624302006966961 0.3342474975746948 1.9302679546628185 0.032142857142858874 4.7428571428571447 1.0000000180025095e-35 39.970789379430784 0.18121491347969484 18.818019480519489 85.129187811044531 0.6148506606328924 1.3602745251511628 26.084589740559966 0.037987947269319491 83.92276993105996 19.542464169281285 1.0000000180025095e-35 0.12725529076570322 12.60989589853906 0.010471505431410061 52.355352397760022 30.96805053645188 3.3789285714285717 0.097590602564609011 -0.0085364106037372645 -0.0038436881512187555 69.388343184237684 129.10249686135271 1.353314727322144 183.31664003121526 0.27172351343667239 27.514654305257839 65.284195160571286 112.19470093076698 -0.024130204835644788 0.35011797739055034 0.077294063620961792 0.009516997152248451 -0.0016978672053279496 0.49999928296908164 0.22140576637429327 116.07201175603306 448.65834582786073 0.34471776229133172 0.0066545742994877921 0.1709021677131643 0.060011025016624142 90.030842339049471 0.25719758365883244 0.090101777730470609 21.480621897507572 20.62425088112396 0.0078261793778740506 0.0097488367868344278 0.067775383626654098 54.350978369424652 21.057142857142868 0.081053030689381064 1.8000000000000009
decision_type=2 2 2 2 2 2 2 2 2 2 2 2 2 2 2 2 2 2 2 2 2 2 2 2 2 2 2 2 2 2 2 2 2 2 2 2 2 2 2 2 2 2 2 2 2 2 2 2 2 2 2 2 2 2 2 2 2 2 2 2 2 2
left_child=1 13 5 4 -4 -2 -7 -6 9 10 12 -11 -5 16 15 -15 -1 18 21 22 -21 -10 -20 27 25 -25 -27 -23 -29 -22 33 -32 -33 -19 39 36 38 -38 -36 40 41 -35 43 -43 45 46 -41 48 -48 51 -50 -47 53 -46 57 56 -56 -44 59 -30 61 -60
right_child=2 -3 3 8 7 6 -8 -9 17 11 -12 -13 -14 14 -16 -17 -18 30 19 20 29 23 -24 24 -26 26 -28 28 58 -31 31 32 -34 34 35 -37 37 -39 -40 44 -42 42 54 -45 52 49 47 -49 50 -51 -52 -53 -54 -55 55 -57 -58 -59 60 -61 -62 -63
leaf_value=-0.026959859867224569 0.0014755667926184622 -0.024302317167654738 -0.061274385727901504 -0.027557399441835342 0.054809157827568337 -0.02501696533561831 -0.0060799766872463622 -0.0012096052705343266 -0.037203849895619347 -0.072073453233014492 0.013602192671251775 -0.0038616591971910165 0.028655951907036088 -0.039760835475464079 0.053642399096696769 0.010959490447064965 0.0030252135621366195 -0.0053450365854904921 0.023232754916290774 0.024071629003890951 0.0035158985628369064 0.031618723793868368 -0.0027813548618874345 -0.017335235973421896 -0.048396784587916991 0.037698278410748458 -0.038392272445685841 0.019419989326504239 -0.0088828395932398808 -0.048791838447797692 -0.00045964435158386726 0.036548802793484873 -0.027457497910852113 -0.02436834582918182 -0.0026935322544067806 -0.053491428004307541 -0.034288358262368673 0.0094845281794310246 0.019206107169715006 0.020894902884224829 0.067764887822252762 0.026474668637689894 -0.039549850429183478 -0.013557211882345238 0.06188200950010813 -0.047425565964747049 -0.022544516330462672 0.00092181340991172593 0.028372660406228239 0.010291818205285514 -0.0057505537654227445 0.00049725453247131523 -0.014212179439055672 0.0143537048999805 -0.021754061071478981 -0.018375375684239539 0.025561763607701328 0.014136685648596662 -0.039054656969691563 -0.054093754631514918 -0.0035914416200816222 0.036522924488593525
leaf_weight=28.936859712004662 270.80694067850709 31.217808712273836 6.079642590135335 32.558757148683071 43.688717257231474 128.65743036940694 262.92021569237113 11.653498440980909 44.201718270778656 11.586036697030069 336.3140646032989 10.729092866182325 10.598753117024897 12.467419788241385 18.004019036889076 426.79593297466636 732.8073824942112 554.70171188376844 61.932334061712027 168.8628948610276 95.604121893644333 43.647404044866562 1953.4092568457127 207.50191799737513 54.183661436662078 43.962356926873326 12.198689602315424 76.019883869215846 574.59958734922111 15.8741447776556 42875.276675661094 11.330404620617626 84.428979136049747 42.249437496066093 109.86492769233882 14.909898191690443 37.078446879982948 59.204077899456024 469.83469793386757 106.83183657005429 19.990987822413445 196.64318515360355 37.474882543087006 30.71092015504837 19.629693126305938 17.372385278344154 394.30236752331257 1082.8400870915502 41.929772019386292 642.54694036394358 334.76264546997845 979.76939533278346 38.384230017662048 166.85990681871772 19.392546340823174 44.676517263054848 96.023600652813911 18.807592302560806 11.543836273252962 32.355788394808769 321.17882617563009 52.343018487095833
leaf_count=118 1295 165 95 139 732 732 1174 51 188 51 1830 50 85 51 73 2017 3202 2322 267 698 395 182 8089 867 227 182 51 321 2415 64 174976 83 446 176 470 64 154 255 2184 508 84 849 158 126 82 73 1651 4479 171 2746 1370 4061 157 698 81 183 398 78 50 130 1320 210
internal_value=-0.000248041 0.00465341 -0.000362806 -0.000283512 0.0324625 -0.00667266 -0.0123195 0.0429421 -0.00032182 0.00768498 0.0104923 -0.0396639 -0.0136024 0.00540097 0.0112601 0.00949982 0.0018762 -0.000383421 -0.0028533 -0.000155908 0.0129235 -0.00705142 -0.00197834 -0.00611306 -0.0158583 -0.00913672 0.021043 -0.0033211 -0.00475649 -0.0039248 -0.000191542 -0.00050291 -0.0198018 0.00220672 0.00304191 0.0104259 0.0118508 -0.00733864 0.0150473 0.00186269 0.0100815 0.00768494 0.0107529 0.0210416 0.000774028 -2.90376e-05 -0.00325493 -0.00465037 -0.0124819 0.00382526 -0.00193249 -0.000337324 0.0136481 0.0194138 -3.9399e-05 0.00749261 0.0175564 -0.0215278 -0.00661597 -0.0113097 0.000770505 0.0227488
internal_weight=54693.1 1250.23 53442.8 52780.5 61.4219 662.385 391.578 55.3422 52719 401.787 379.472 22.3151 43.1575 1219.01 457.267 439.263 761.744 52317.2 3769.42 2295.68 280.341 1473.74 2015.34 1429.53 317.847 263.663 56.161 1111.69 1068.04 111.478 48547.8 42971 95.7594 5576.79 5022.09 690.892 675.982 96.2825 579.7 4331.2 505.97 485.979 443.729 227.354 3825.23 3600.36 1960.67 1853.83 770.995 1639.69 376.692 997.142 224.874 186.49 216.375 160.093 115.416 56.2825 992.021 606.955 385.066 63.8869
internal_count=226599 5626 220973 217772 878 3201 1906 783 216894 2155 2054 101 224 5461 2141 2068 3320 214739 15656 9513 1157 6143 8356 5955 1327 1100 233 4628 4446 459 199083 175505 529 23578 21256 3127 3063 409 2654 18129 2133 2049 1873 975 15996 15059 8179 7671 3192 6880 1541 4134 937 780 898 662 479 236 4125 2545 1580 260
is_linear=0
shrinkage=0.05


Tree=101
num_leaves=63
num_cat=0
split_feature=21 22 3 6 20 7 2 20 3 20 4 17 4 24 8 21 13 1 13 8 23 24 20 1 6 3 7 22 24 7 7 7 26 4 6 26 6 4 6 19 6 27 20 20 7 17 26 4 2 23 10 24 7 21 8 17 4 4 7 21 6 19
split_gain=8.71263 16.6804 39.9262 23.8096 21.3048 20.8002 20.9624 30.1801 41.2352 38.5804 33.969 25.8576 22.6394 22.2708 19.6163 22.7603 22.8275 19.3809 18.8944 18.7222 18.6434 20.2027 21.4433 18.4605 17.5779 17.4603 22.7746 19.6694 18.1604 17.3078 17.2584 16.9442 16.7874 16.4636 16.3027 16.1135 14.9376 16.4683 14.9155 14.7306 22.5179 16.0037 16.0901 19.5631 17.0054 17.5474 16.0916 15.371 19.0702 15.2496 14.6511 19.9017 19.811 14.4879 19.4976 15.4818 14.4085 18.9886 14.4043 14.3283 14.174 14.0429
threshold=1.0000000180025095e-35 0.35840329695415796 -0.0029079471437076739 1.005519720546274 0.030751630306936287 94.846428571428604 465.92279243699699 0.060808784816233426 -0.0096734022590052541 -0.021785764057432818 1.0000000180025095e-35 0.12313268748605208 -1.0000000180025095e-35 43.749171940655579 2.801764143284212 -0.18463115345709338 0.22914072606930311 1225.9106445243519 0.17593304322950773 3.8102470801000177 47.504738827430614 30.800997388855237 0.043593387819277359 1547.4589234081141 0.98278670435068338 0.046404131738676774 25.225000000000023 0.57753102740399198 13.347297498534799 42.732142857142811 80.573214285714286 1.8000000000000009 30.32381477294491 -0.0025638979692270913 0.9935876271582994 29.70185610581057 0.97761216913141002 -0.010228177407344224 1.0721452936171454 3.1275346777710236 1.1161522688927656 0.9796682071002466 -0.029409911150956699 0.17545560519693607 17.842857142857163 0.93983546144028518 16.516184624159816 -0.0053927105831033393 260.0912378249671 42.005733904416267 0.54343965210491019 28.325439217543266 8.0321428571428584 -0.088049865341391462 5.0948681454863829 0.18247674523587692 0.0029322705254694256 4.5188110563740016e-05 6.6464285714285767 -0.20487502780455633 0.96000415889405566 0.23898888346807126
decision_type=2 2 2 2 2 2 2 2 2 2 2 2 2 2 2 2 2 2 2 2 2 2 2 2 2 2 2 2 2 2 2 2 2 2 2 2 2 2 2 2 2 2 2 2 2 2 2 2 2 2 2 2 2 2 2 2 2 2 2 2 2 2
left_child=1 2 20 -4 -5 6 11 8 10 35 12 24 -8 14 -13 19 25 -15 -6 -16 56 22 -22 39 -3 27 -27 29 -29 53 -28 -30 38 -33 -25 -10 37 -21 61 40 41 42 -18 44 45 -44 -46 48 -43 -49 52 -52 -38 54 55 -17 57 -1 -55 -11 -31 -9
right_child=-2 5 3 4 18 -7 7 32 9 59 -12 13 -14 17 15 16 23 -19 -20 36 21 -23 -24 34 -26 26 30 28 31 60 -32 33 -34 -35 -36 -37 50 -39 -40 -41 -42 47 43 -45 46 -47 -48 49 -50 -51 51 -53 -54 58 -56 -57 -58 -59 -60 -61 -62 -63
leaf_value=-0.00049741681302578687 -0.00098588485555549605 0.011878449060393927 -0.011624447898357071 0.0024770492719514686 -0.045958264690150297 0.0062529621473572175 -0.0084011588741721432 -0.065572732085053612 0.019924973561421741 0.025381989786197524 0.016527603805252946 0.0066497949655087889 -0.037638015837792908 -0.0030648439954714907 0.028606649839875362 -0.03242429140789569 -0.013049301591244056 0.029209551621156474 -0.0082513588881334022 -0.013360150513790098 0.0094449933612327508 -0.0060367792615219577 0.045383281588738486 -0.009160545411357416 -0.020767189759885916 -0.025503943997884377 0.015175894575535243 0.044969752144706526 -0.039040924080265105 0.02513735509099704 -0.043200633437680602 0.049936170927826061 0.019073317376820359 0.007614623692800743 -0.055734585790060125 -0.010265697759853655 0.015213584720276072 0.034157221874580972 0.0017174065067518775 -0.013078738106619334 0.055730253621980357 -0.029130734563621381 -0.0042170137665341022 -0.036874317839336264 -0.038086794758028147 0.035974200935741371 0.021584113460848167 0.028457056185595089 0.01720252947039836 0.0037454113347978875 0.017956318187110586 -0.020500207263152728 -0.034923707525610172 -0.0086104245069911125 -0.033990130080379925 0.025515351332518279 -0.015836852813627289 0.011365603844441763 0.0041072256470388695 -0.00029542982266969869 -0.01223575097422222 -0.013843116580509865
leaf_weight=10676.281646247953 22662.794329844415 810.03205195069313 1255.7116860859096 826.55668563395739 38.538843333721161 1908.9553301278502 1009.69414024055 13.331720739603041 422.30315551161766 56.115495696663857 131.92968066036701 2138.8018520027399 70.912112846970558 2880.8092874251306 119.37211731076241 12.295432165265082 382.47507563233376 47.154281735420227 242.46958568692207 24.012999728322029 559.67475429922342 204.51588605344296 44.853518679738045 47.326932474970818 43.24993921071291 120.38107227347791 86.628722507506609 33.666436657309532 18.914272010326385 27.293243311345577 14.700125366449354 23.434451222419739 46.41281271353364 1076.8661066293716 31.469421863555908 49.069761902093887 30.079928129911423 73.41089278459549 167.48803920391947 313.55930669791996 17.066977083683014 53.855224296450615 626.02204691432416 35.600598197430372 12.207091212272642 28.272612631320953 132.19424325227737 105.07554911077023 37.521383494138718 155.06952793337405 127.68856567144394 45.474766358733177 56.181819275021553 297.40273523889482 17.525142788887024 155.27981698513031 147.73327653482556 348.217106372118 883.91778532415628 1611.3111229240894 332.47651188075542 711.98434396833181
leaf_count=43960 93103 3421 5407 3424 176 7917 4142 55 1729 234 532 8784 286 12640 501 50 1580 190 1089 104 2298 886 187 194 264 496 354 137 77 116 60 96 196 4397 131 204 128 313 706 1319 70 222 2589 148 51 116 547 426 155 648 527 191 235 1229 72 636 599 1405 3678 6849 1373 2950
internal_value=-0.000235648 0.000295211 -0.000971355 -0.00691077 -0.00156151 0.00132345 0.0007262 -0.00225488 -3.3314e-05 0.00414111 -0.00740046 0.00184131 -0.0103277 0.00116799 0.00258073 0.00101298 3.18064e-05 -0.00254238 -0.013455 0.0114636 0.00019981 0.00752893 0.0121268 -0.00416453 0.0102157 0.00270994 -0.0108017 0.00375251 0.00880938 0.000371944 0.00662347 0.00771327 -0.0101757 0.008525 -0.0278716 0.01677 0.00570857 0.0223922 -0.0117038 -0.00317674 -0.00121443 -0.00184083 -0.0045582 -0.000658442 0.000953977 -0.00246745 0.0164823 0.00754956 -0.0100525 0.013753 -0.000543704 0.00782231 -0.0173853 0.00294384 0.015948 0.0212175 -0.000330548 -0.000122161 0.00090081 0.000567189 -0.00938042 -0.0148097
internal_weight=54681.6 32018.8 14344.6 2363.28 1107.57 17674.3 15765.3 4290.55 3351.34 2138.8 1212.54 11474.8 1080.61 10621.5 7693.52 5554.72 5078.5 2927.96 281.008 476.221 11981.3 809.044 604.528 1977.72 853.282 3100.78 221.71 2879.07 1152.88 1726.19 101.329 1119.21 939.217 1100.3 78.7964 471.373 356.849 97.4239 892.804 1898.92 1585.36 1568.29 1216.77 834.297 798.696 654.295 144.401 351.522 91.3766 260.145 259.425 173.163 86.2617 1366.42 185.1 167.575 11172.2 11024.5 1181.32 1667.43 359.77 725.316
internal_count=226599 133496 59431 10096 4689 74065 66148 17883 13976 9016 4960 48265 4428 44580 31750 22966 20967 12830 1265 1999 49335 3371 2485 8196 3685 12771 910 11861 4707 7154 414 4570 3907 4493 325 1933 1498 417 3711 7871 6552 6482 5031 3451 3303 2705 598 1451 377 1074 1081 718 363 5665 758 686 45964 45365 4907 7083 1489 3005
is_linear=0
shrinkage=0.05


Tree=102
num_leaves=63
num_cat=0
split_feature=25 21 9 9 22 7 26 8 20 23 26 25 8 9 7 27 7 0 26 8 2 3 11 8 0 19 25 27 12 8 10 28 4 27 6 21 3 22 12 10 22 27 21 0 7 8 11 28 3 28 22 19 11 20 9 7 9 21 28 12 8 22
split_gain=11.072 9.74242 9.27425 24.5525 22.1374 11.396 11.1446 19.4355 11.6489 9.40727 19.2235 9.67496 11.4476 10.5498 9.12209 9.11204 9.01361 8.62895 15.2161 20.3584 14.2689 20.0344 14.7926 18.9092 13.8073 20.9271 14.4708 16.5126 12.8835 12.1386 17.7012 16.9538 12.1103 16.9036 15.342 14.5437 14.3107 13.9574 12.0486 19.4555 13.0847 12.6812 11.8942 22.9659 13.7275 12.2501 11.8174 11.6781 11.1536 11.0951 10.9664 17.9817 12.5902 12.1512 13.8934 16.8369 13.9846 11.5626 22.6612 22.1848 22.9546 21.2664
threshold=7.9483338492319335 1.0000000180025095e-35 0.0044435854687915185 0.015624302006966961 0.3342474975746948 4.7428571428571447 1.9302679546628185 4.9797943052274141 -1.0000000180025095e-35 1.0000000180025095e-35 39.970789379430784 28.497412392059719 6.8584169015049516 0.15182799751610188 67.373214285714312 -4.3825539637519322 18.818019480519489 83.92276993105996 19.542464169281285 2.3988535066440182 52.355352397760022 -0.0087664001595082371 0.09603199244155515 6.0522224479497879 70.089683803323723 4.5651754290432107 22.277348619247107 -9.690434871355416 0.098945636086884378 1.9353389249493016 0.62143455372098599 0.27626755388417668 1.0000000180025095e-35 2.239112093966106 1.062046076316207 -0.13071431287008742 0.026480542982548608 0.42852275458293881 0.088634205089541854 0.59817347789824871 0.47669091260993363 -1.0131043331987442 -0.030739664152166109 77.01446168787642 1.5857142857142865 2.8812298664546083 0.19039381171181932 0.31275705082218924 0.017687569925941796 0.32058427993302757 0.07813352839978778 6.3679667714239434 0.085723974719876389 -0.11352288958428257 0.18720990944001661 9.2892857142857199 0.081786112652511497 1.0000000180025095e-35 0.16784207243161828 0.13040927724052651 5.7253967364839538 0.2110259257098365
decision_type=2 2 2 2 2 2 2 2 2 2 2 2 2 2 2 2 2 2 2 2 2 2 2 2 2 2 2 2 2 2 2 2 2 2 2 2 2 2 2 2 2 2 2 2 2 2 2 2 2 2 2 2 2 2 2 2 2 2 2 2 2 2
left_child=1 -1 6 4 -4 -6 -2 8 -8 10 11 12 -5 -13 -10 -16 -12 18 20 -20 21 -11 23 29 26 -26 -23 -28 -25 -22 31 -31 34 36 35 48 38 42 -34 41 -41 49 44 45 -37 -44 -39 -33 -21 -40 51 52 -19 -54 56 -56 -55 -52 -59 -60 61 -61
right_child=2 -3 3 9 5 -7 7 -9 14 17 16 13 -14 -15 15 -17 -18 50 19 32 22 24 -24 28 25 -27 27 -29 -30 30 -32 47 33 -35 -36 37 -38 46 39 40 -42 -43 43 -45 -46 -47 -48 -49 -50 -51 57 -53 53 54 55 -57 -58 58 59 60 -62 -63
leaf_value=0.0051377675883776067 0.0015567241718462304 -0.02313549745607469 -0.055465778803642209 0.0058315942472355964 0.054353848320730203 -0.0010926920268718877 0.030992551604979671 0.016527205107713706 -0.020418367895519554 0.027284481294410318 -0.067452150314437381 0.029430733281351845 -0.039200138930746864 0.0051534321578295059 0.03739189959811634 -0.020642451549986118 -0.0036786039362611219 -0.028228177465503618 0.011085596349096135 0.0016270581156205563 -0.045852169172619375 -0.01377424375919023 -0.041004109349009013 -0.0052781230173257199 -0.03454180897552038 0.032987533600436873 0.050204652826721125 -0.0012195173919985567 0.06271525746993048 -0.019202912547157409 -0.026074535292921225 0.055499588381733134 0.041754225022980256 -0.035022161582222822 0.023664851690295183 -0.0069679806356606443 -0.020761766210796853 -0.005190965953360333 0.044624135909515264 0.06625506970755056 0.014290606741156646 -0.044316275157244407 -0.043044901209341985 0.041344092829839536 -0.033351283623855497 -0.0068772787315293515 0.022239889862391556 0.0065189931006411038 -0.046988802918897066 -0.021416606057595901 0.00067855209346976981 0.040844892694820063 -0.0062063924882842904 0.047167761321479346 0.066799492295756588 0.010869878137644057 -0.0060557341093927103 -0.0051502523747020109 0.00056277037494996732 0.012945019266320782 0.0040163350428235722 -0.0068563583572900074
leaf_weight=1218.3214471638203 270.62757216021419 31.094510860741138 6.3727313689887515 180.66068588197231 41.948155095800757 11.656656786799429 12.498985625803469 52.715244118124247 297.64709445089102 48.942783802747726 11.770507127046587 98.405692666769028 15.195088282227514 83.144059486687183 14.18274746835232 12.652383029460905 10.74066288769245 56.120974602177739 344.69890633970499 760.1146681252867 29.294269293546677 262.47089653834701 49.40394221059978 14.03184435516596 75.327142588794231 13.374628886580465 15.854289457201956 723.86485696770251 13.472694188356398 52.377336472272873 109.14596607815474 16.321432415395975 46.198000058531761 18.799237728118896 50.698127061128616 79.310439387336373 24.22016404569149 477.27790230512619 11.80208312161267 17.364351972937584 41.01431742310524 19.299312435090542 27.678315129131079 22.148589409887791 132.88302552513778 153.28582330793142 42.636892218142748 48.332193225622177 11.879957983270286 13.468451619148253 25567.944640740752 21.57955801486969 1195.7005266584456 13.248048670589922 17.256004303693771 61.635732434689999 162.4339788928628 2731.2978258077055 15130.02182010375 142.51758742332458 741.35764228180051 2696.6428925506771
leaf_count=5461 1295 165 95 907 732 51 64 213 1521 204 51 515 63 569 57 51 50 231 1447 3145 119 1080 208 59 323 56 64 3022 55 218 462 68 190 77 209 332 99 1954 50 71 168 80 116 96 552 646 174 205 52 55 105599 88 4864 55 70 252 668 11071 61612 579 3012 10982
internal_value=-0.000223953 0.00442833 -0.000332855 -0.000259054 0.031686 0.042224 -0.00622158 -0.0116351 -0.0160591 -0.000295562 0.00734237 0.0100333 0.00229416 0.018349 -0.0178959 0.00986884 -0.0373961 -0.000354071 -0.0026594 -0.000111817 -0.0066267 -0.00396199 -0.0157458 -0.0113055 -0.00537082 -0.0242776 -0.00369017 -0.000103955 0.0279528 -0.015561 -0.011597 0.00187307 -0.00209412 0.00981344 -0.00339912 -0.00420709 0.0147215 -0.00840013 0.0205272 0.0109218 0.0299195 -0.0138611 -0.0152362 -0.00654853 -0.0235216 -0.0124574 -0.00292797 0.0190277 0.000866461 0.0092836 -0.000175047 -0.00434361 -0.00499693 -0.00409263 0.00581437 0.0232357 -0.0019892 -3.94398e-05 -0.000895829 -0.000274492 -0.00381378 -0.0058602
internal_weight=54674.4 1249.42 53425 52764.6 59.9775 53.6048 660.324 389.696 336.981 52704.7 399.917 377.406 195.856 181.55 324.482 26.8351 22.5112 52304.8 3766.99 2294.78 1472.21 1139.83 332.38 282.976 1090.89 88.7018 1002.19 739.719 27.5045 255.471 226.177 117.031 1950.08 192.166 1757.91 1707.22 173.367 935.221 149.147 102.949 58.3787 44.5698 415.306 203.113 212.193 180.964 519.915 64.6536 771.995 25.2705 48537.8 1527.97 1506.4 1450.27 254.574 78.8917 175.682 47009.8 21441.8 18710.5 3580.52 2839.16
internal_count=226599 5626 220973 217772 878 783 3201 1906 1693 216894 2155 2054 970 1084 1629 108 101 214739 15656 9513 6143 4749 1394 1186 4545 379 4166 3086 114 1072 953 491 8066 790 7276 7067 713 3870 614 424 239 185 1742 858 884 762 2128 273 3197 105 199083 6228 6140 5909 1045 322 723 192855 87256 76185 14573 11561
is_linear=0
shrinkage=0.05


Tree=103
num_leaves=63
num_cat=0
split_feature=25 17 1 0 0 0 26 23 25 13 1 30 11 18 13 22 30 1 20 10 24 0 26 3 23 22 0 18 25 22 3 24 28 1 0 19 19 13 25 19 0 24 26 10 20 23 1 12 17 28 26 30 22 8 24 8 0 0 1 23 8 22
split_gain=9.99063 9.01814 8.71332 9.54463 9.49687 7.8177 8.47661 10.2744 10.1629 8.04338 7.73212 14.4088 13.8369 7.8219 7.52997 7.49891 13.4598 10.7835 7.30477 16.3289 17.1851 11.9326 13.9069 10.6075 16.1595 10.2067 11.7632 11.0672 12.0462 16.6063 10.2278 13.4121 14.9516 13.6756 19.1546 11.7633 10.6679 10.6039 11.4264 14.613 17.1777 14.0367 10.5739 10.5241 10.4884 10.0694 12.6955 10.7762 9.87826 22.1987 15.3305 19.7268 14.4538 14.2353 21.4763 12.7214 13.1546 15.6126 12.5459 17.0455 15.2812 15.065
threshold=7.9483338492319335 0.0087435381316437102 1513.7239100015504 3078.8822360777422 4035.7111802356653 275.72904588086652 34.163632175864436 39.279812298536427 15.524920431390017 0.58190932056729239 682.02640466606806 0.65649460127329629 0.14646193675236169 0.89133605649048475 0.93556721056721071 0.1217375310862381 0.85664637607642802 71.087036453376712 0.21273269254907837 0.9462639509086086 23.503194591774466 270.79353460460266 18.514036155529933 0.025908966237643338 56.48459712800426 0.76650322349182487 25.581014644250892 3.1148953922773246 29.573377154549188 0.41402406048794954 0.04165812741550743 43.749171940655579 0.39517802243807126 409.99905010311323 130.62575514167887 7.9106033876118369 2.6515047660146451 0.34265558759722153 39.515070366124171 4.8591078105269938 1451.2858104270808 26.208096773844684 15.616758190175817 0.86789144242275484 0.0063084721054236246 36.479722935891083 280.61590591420202 0.0021022985428568249 0.51736493244434001 0.34788501265676947 23.151545710315869 0.31776539874830118 0.82340981343565123 2.9970009410615073 26.842769949016425 3.1146948426563599 775.90706343186309 224.61673015952024 251.53808598469814 53.831702100255399 2.7345424979294841 0.84913785226658067
decision_type=2 2 2 2 2 2 2 2 2 2 2 2 2 2 2 2 2 2 2 2 2 2 2 2 2 2 2 2 2 2 2 2 2 2 2 2 2 2 2 2 2 2 2 2 2 2 2 2 2 2 2 2 2 2 2 2 2 2 2 2 2 2
left_child=2 5 10 -4 -5 15 7 -7 14 -10 13 12 -12 -1 -8 16 -2 -17 25 21 -21 22 -20 24 -24 27 -27 -3 45 -30 44 32 33 34 36 -35 -32 38 39 40 -34 -42 -41 -36 -28 46 -29 -47 49 53 -50 -52 -53 54 -46 -54 57 -57 60 -60 -51 -62
right_child=1 18 3 4 -6 6 8 -9 9 -11 11 -13 -14 -15 -16 17 -18 -19 19 20 -22 -23 23 -25 -26 26 30 28 29 -31 31 -33 37 35 43 -37 -38 -39 -40 42 41 -43 -44 -45 48 47 -48 -49 50 58 51 52 55 -55 -56 56 -58 -59 59 -61 61 -63
leaf_value=0.0024564074643755418 -0.050875467475934522 -0.0002487345223234143 0.02586922331201353 -0.034664459703582423 0.016176501236366488 0.015800310771603137 -0.0069343731435645775 -0.022408289124747655 -0.057258008073992867 -0.013408211942292084 -0.0053763980460404641 -0.02505744902149026 0.033169872473708735 0.014058469432762857 -0.048880793518759257 -0.0062414423045744159 0.0083622751894966083 0.04570556841109899 -0.0099491489063556222 -0.025570238072691234 0.0027093608598647008 -0.0038566826638697614 -0.051833699923110647 -0.058087086257426271 0.022579307912481097 0.033561522657581118 0.0078789768473429434 0.0084053088147112136 -0.0366264621756449 -0.0077138504599329229 -0.049161244864416177 -0.0081308705479972137 0.030051488364689995 -0.013359956141610167 0.0069127266755909219 0.015717438507400903 0.0082573903353964639 0.045260668881561356 0.045389244232640097 0.0014941454594478087 -0.037004618557252213 0.016763794436250045 -0.048211901772626534 0.043922740661006369 -0.016755053974322084 0.023970682845239105 -0.014489705683161833 -0.00039681498669380413 0.00043969517749295033 0.042061255482478632 0.029537562656655914 0.024334592444984898 -0.038771829437578662 -0.02147600432680722 0.031959573431211329 0.01337942730738638 0.020662390614116788 -0.038672199542051706 0.012956584882880423 -0.0077471922924069103 0.0061802602454665003 -0.029326275901200932
leaf_weight=745.59079507365823 13.773700028657911 42047.871222044341 86.956856712698936 15.187873944640158 22.815096214413643 42.949374064803123 91.384758815169334 29.652411609888077 27.676425367593765 17.444466754794121 101.23015733063221 66.72094589471817 30.088726878166199 180.8880658634007 12.113128289580343 19.567112166434526 30.683598920702934 19.961445778608322 287.47967859916389 56.151098467409611 1185.7200270388275 1125.8870124742389 14.650837481021883 29.194193745031953 14.245293140411375 28.745937064290047 490.54949764721096 78.388087272644043 57.119143841788173 384.96306562796235 13.889143839478491 117.29820984601974 112.53455919772387 136.62758465670049 32.423315688967705 46.430456101894379 18.852463021874428 32.915652304887772 27.600401557981968 50.094665199518204 20.372019410133362 29.615554332733154 13.444055667147039 48.490605399012566 60.869394227862358 47.774741306900978 261.79624366015196 862.26638143323362 4243.0630156043917 12.022710621356962 105.70959229767323 53.066761985421181 24.76352547109127 234.69132992625237 35.860185846686363 26.228473320603371 46.90436726808548 31.484965935349464 280.83189029991627 153.4663624856621 46.30158069729805 82.912872701883316
leaf_count=3186 56 173911 354 62 93 175 374 230 115 72 719 273 124 815 51 85 125 81 1214 230 5311 4655 60 120 58 139 2067 343 246 1614 56 475 455 555 132 188 76 134 114 202 82 119 55 196 246 215 1067 3520 17157 49 439 216 100 946 145 107 190 131 1129 618 187 340
internal_value=-0.000212767 -0.000316236 0.00420636 0.0167347 -0.0040485 -0.00888546 -0.0138195 0.000116818 -0.0206567 -0.0404827 0.00280836 -0.00614615 0.00343607 0.00472829 -0.0119344 0.00405251 -0.00995146 0.0199141 -0.000266882 -0.0027941 0.00142472 -0.00635792 -0.0144892 -0.0368154 -0.0150256 -0.000130718 0.00169289 -0.000408423 -0.00437291 -0.0114682 0.00155345 0.00726713 0.0103731 0.00248471 0.016112 -0.00595297 -0.0160231 0.0185193 0.0150131 0.0112638 0.0192189 -0.00507938 -0.00900374 0.0291809 0.000877315 -0.00185927 -0.00919843 0.000879413 0.000244679 -0.00451706 0.00119896 0.0123576 0.00236546 -0.0148246 0.00126745 -0.00661858 0.00097426 -0.0149481 0.00141135 0.00562896 -0.0115171 -0.0165696
internal_weight=54666.3 53416.8 1249.48 124.96 38.003 305.206 221.221 72.6018 148.619 45.1209 1124.52 198.04 131.319 926.479 103.498 83.9859 44.4573 39.5286 53111.6 2713.33 1241.87 1471.46 345.57 58.0903 28.8961 50398.2 6658.06 43740.2 1692.31 442.082 6629.32 700.589 583.29 296.714 113.656 183.058 32.7416 286.577 253.661 226.061 162.522 49.9876 63.5387 80.9139 5928.73 1250.23 340.184 910.041 5438.18 906.956 4531.22 288.158 182.448 331.421 96.7296 129.381 104.618 57.7134 575.535 434.298 141.237 129.214
internal_count=226599 220973 5626 509 155 1364 1017 405 612 187 5117 1116 843 4001 425 347 181 166 219609 11648 5541 6107 1452 238 118 207961 27045 180916 7005 1860 26906 2839 2364 1203 460 743 132 1161 1027 913 656 201 257 328 24067 5145 1410 3735 22000 3660 18340 1183 744 1337 391 528 428 238 2323 1747 576 527
is_linear=0
shrinkage=0.05


Tree=104
num_leaves=63
num_cat=0
split_feature=25 21 18 28 13 23 9 10 2 25 23 21 23 21 19 23 25 18 9 19 10 23 27 0 0 0 9 1 12 3 3 0 11 12 10 9 4 13 20 23 21 27 9 9 13 10 10 28 0 20 22 22 12 3 21 1 0 27 18 28 11 18
split_gain=9.02403 8.77475 8.67074 12.243 11.6697 8.56602 8.31371 23.2069 22.227 10.987 12.462 14.7019 10.6007 10.1214 9.37255 8.64278 12.6171 13.7776 12.0788 12.6321 18.631 8.35826 8.09923 9.0229 12.5854 7.95966 15.6887 12.2797 13.6881 17.9696 59.7129 25.9913 24.2769 20.6349 17.4682 15.1654 18.1442 18.2191 13.8788 14.5769 22.8536 23.1545 16.3797 15.4217 30.2396 13.7931 13.6324 12.9173 12.8697 14.171 18.9986 14.1989 12.76 13.6687 12.4741 14.8151 12.2897 19.5247 18.2603 12.2568 12.943 12.1962
threshold=7.9483338492319335 1.0000000180025095e-35 0.6148506606328924 1.3602745251511628 0.5664214298562823 36.885552666592559 0.0044435854687915185 0.012754813013656847 1097.8895081196044 60.13690676149912 61.498196489018788 0.082992817138775613 45.909918883938744 0.0066716076742288086 0.43401573027369639 1.0000000180025095e-35 9.201178961266665 0.58184592708674254 0.15013934785125585 1.7351094704030638 0.89913786696395404 52.842777307496554 8.0987450883097694 4168.6673178064575 653.66037027318919 80.847298231046508 0.034356765179503854 129.10249686135271 0.26862468149441732 -6.4572071706722038e-06 1.0000000180025095e-35 100.01955056782099 0.10084137718516552 0.041307973737324012 0.67691064993165162 0.084599877270425547 0.009516997152248451 0.05787380429577315 -0.0071337565235181635 75.331657355658692 0.11393686954735595 2.3372948918690573 0.18021308049034843 0.09233382689196952 0.02984711298091574 0.11541588492808007 0.93068448959280692 0.43284947596071749 880.25956547479927 0.025541846083381396 0.47669091260993363 0.65467466888847892 0.11765681884435895 0.027618695569546037 1.353314727322144 183.31664003121526 1107.8376838392771 -6.1687819530062287 0.62466661855854255 0.18133077966023317 0.0073972500756112449 0.67038256993274981
decision_type=2 2 2 2 2 2 2 2 2 2 2 2 2 2 2 2 2 2 2 2 2 2 2 2 2 2 2 2 2 2 2 2 2 2 2 2 2 2 2 2 2 2 2 2 2 2 2 2 2 2 2 2 2 2 2 2 2 2 2 2 2 2
left_child=1 2 4 -4 5 -1 12 8 9 10 11 21 14 -14 -2 16 17 -9 -18 -20 -21 -8 25 24 -24 26 -17 28 29 33 48 38 35 34 -27 36 37 -33 -32 40 43 -42 -41 44 -40 -37 -35 -44 49 50 -31 -51 -47 -54 -29 -56 57 58 -34 60 -46 -36
right_child=6 -3 3 -5 -6 -7 7 15 -10 -11 -12 -13 13 -15 -16 22 18 -19 19 20 -22 -23 23 -25 -26 27 -28 54 -30 30 31 32 56 46 61 45 -38 -39 39 42 41 -43 47 -45 59 52 -48 -49 -50 51 -52 -53 53 -55 55 -57 -58 -59 -60 -61 -62 -63
leaf_value=0.0039981017635421258 0.0026790337661972046 -0.022221650555559923 0.0084455757312163985 0.050478944902571259 -0.028104726872055997 -0.020025988391944208 0.02423253603832367 -0.067757119705813149 -0.033153356706528442 0.048597649599215316 -0.020265071512690185 0.060974660317533291 -0.031427303602268919 0.038102501135868633 -0.0098713968285416166 0.031971695518153612 0.017105291578370006 0.0062549702506488683 0.010445313385899841 -0.045161790619832533 0.0089896813029587217 -0.011244866933604594 -0.0021084614392580438 0.027991631016140241 -0.032328884556800504 0.02777417924413916 -0.0029197355749583224 -0.00039712417633861195 -0.0078624994950304474 -0.034526005137023669 0.013310930165797957 0.018720792921724339 -0.04190665415975936 0.0040634060228898579 -0.025869410742804379 -0.030002398336215309 0.059511444563858422 -0.013846727237369514 -0.033002255825575519 0.056456903155631746 -0.047954610901795286 0.0030066542726444115 -0.044535271525877454 -0.013843694178480838 -0.012668785075499662 0.004092117454979575 0.049862057533095167 0.031661789776174364 -0.0054524065858515824 -0.066206606379713151 -0.0055622107030815961 -0.019997525449957837 -0.005247894476392026 -0.05091126498619826 0.035113086431601576 -0.025699545014147635 0.041039753260925238 0.02310576581649515 0.022130136865262454 -0.0070147198237556488 0.044140102073484226 0.018053558237704458
leaf_weight=690.91766978055239 287.7078999876976 30.950197126716375 437.74066000431776 18.005736991763115 31.972906112670898 39.058802675455809 57.047192886471748 11.330103769898416 18.800112517550588 35.669646613299847 18.83338269405067 21.06401538848877 58.407607665285468 5.6012913733720771 306.8111255466938 32.393932059407234 214.36973328888416 13.69941335916519 94.355918861925602 32.024216070771217 31.118773594498634 23.110212787985802 78.192542765289545 12.848247706890104 62.052322190254927 187.84733941406012 3516.8577152937651 42640.82166638691 329.6283486764878 86.446861237287521 76.769118130207062 186.95727327466011 25.824649453163147 1430.2336137648672 29.728218652307987 32.153294760733843 21.158646792173386 55.481587037444115 32.724721923470497 16.998426109552383 73.221399202942848 31.750401588156819 11.70783067494631 218.45816267933697 12.037030532956122 1898.7794539239258 16.358341753482819 10.366690818220375 227.94018404185772 31.150811761617661 165.42021812498569 36.689605742692947 144.25960580445826 18.457519257441163 11.211267817765473 84.294166807085276 55.626296356320381 147.07398691028357 19.318067282438278 24.802205845713615 55.329844132065773 33.456855915486813
leaf_count=2926 1240 165 2068 73 131 263 294 52 85 665 133 88 556 58 1347 148 1109 71 636 146 135 95 333 52 260 1109 14603 174041 1375 350 316 802 108 5890 167 138 91 229 135 80 296 131 52 905 50 7913 66 55 917 126 668 150 601 81 83 445 253 611 87 102 232 212
internal_value=-0.000202149 0.00399917 0.00467151 0.0101279 0.00140039 0.00270323 -0.000300466 -0.000230666 0.0179661 0.024187 0.0168583 0.0238281 -0.00588359 -0.025215 -0.00378998 -0.000291195 0.0070577 -0.0271854 0.00938264 -0.00110101 -0.0184232 0.0139405 -0.000347199 -0.0118279 -0.0155288 -0.0003133 -0.00259898 -0.000145857 0.0020245 0.00262746 0.000679253 0.00331507 0.00542326 0.00688977 0.0201259 0.00385508 0.0151589 0.0112445 -0.00641008 -0.00952866 -0.0120891 -0.0325048 0.0196782 -0.00582529 0.00815997 0.00242884 0.00458817 -0.00854453 -0.014563 -0.0210392 -0.0155329 -0.0413555 0.00293853 -0.0104864 -0.000437694 -0.0184793 0.0203106 0.0142675 -0.0144043 0.0228488 0.0339117 -0.00254116
internal_weight=54661.4 1248.65 1217.7 455.746 761.949 729.976 53412.8 52754.3 174.525 155.724 120.055 101.221 658.528 64.0089 594.519 52579.7 396.898 25.0295 371.869 157.499 63.143 80.1574 52182.8 153.093 140.245 52029.7 3549.25 48480.5 5744.16 5414.53 3716.9 3169.26 2605.09 1697.62 251.032 2357.25 263.598 242.439 564.166 487.397 448.324 104.972 39.0729 343.352 124.894 2093.65 1446.59 22.0745 547.648 319.707 251.867 67.8404 2061.5 162.717 42736.3 95.5054 247.843 192.217 45.1427 92.1691 67.3669 63.1851
internal_count=226599 5626 5461 2141 3320 3189 220973 217772 1360 1275 610 477 3201 614 2587 216412 2149 123 2026 917 281 389 214263 645 593 213618 14751 198867 24298 22923 15479 13268 10914 7444 1488 9855 1122 1031 2354 2038 1851 427 187 1424 519 8733 5956 107 2211 1294 1018 276 8595 682 174569 528 1059 806 195 384 282 379
is_linear=0
shrinkage=0.05


Tree=105
num_leaves=63
num_cat=0
split_feature=20 22 13 12 4 23 2 13 26 30 4 6 2 2 23 7 28 13 22 4 26 20 13 30 12 22 12 22 26 4 2 6 22 27 13 13 13 28 20 9 29 9 27 7 6 19 27 23 11 28 13 1 2 13 2 27 12 7 30 28 28 4
split_gain=9.43645 22.9399 25.0979 23.654 21.2726 27.6705 25.5758 19.2821 19.1332 17.541 21.7982 17.2331 19.1101 16.1736 27.4033 22.2898 20.0369 16.103 15.9962 23.9331 23.3132 20.4151 15.9564 16.0319 22.298 17.3943 15.7615 19.6935 22.9496 18.6648 80.5257 45.5192 32.2102 31.5662 28.8693 28.2027 24.2693 27.5858 23.0394 22.9203 28.1817 22.558 19.8151 23.6003 21.7813 19.1708 19.0026 19.1845 18.7188 18.2641 18.4543 19.8706 17.3998 19.9551 17.4124 17.0931 19.8001 16.7573 16.4599 25.8933 22.5351 18.9409
threshold=-1.0000000180025095e-35 0.34644392615145264 0.2946386655584679 0.24514958463592737 1.0000000180025095e-35 57.749135081558229 97.618106486411122 0.41393170709113086 34.163632175864436 0.52294329974432252 0.0048753021120079678 0.99914410451334112 342.8704515255759 211.21607863458544 48.589612402412477 253.54285714285712 1.709531670972019 0.37139728908146857 0.55385899968007679 0.00095975752793146351 25.709117449712448 -0.05627709901726851 0.047438325541849624 0.67242873364011246 0.30545573813730237 0.37306872648066874 0.011664765699053987 0.27790252834667217 21.791186425043865 -2.5972053786314715e-07 62.511854305586517 0.95853395947293429 0.23602416175858784 2.239112093966106 0.29038555916924164 0.13345317203371918 0.17593304322950773 0.14271751817966599 -0.1250809376094382 0.056254908979171382 1.0000000180025095e-35 0.21284935822969581 1.4304339107353032 34.946428571428591 0.91157665478851524 1.407680484527621 -0.1610459404564599 48.856026425241382 0.16637992437649021 0.50029621679880354 0.37425209131515375 124.90257393663896 236.95038794943369 0.4030313313705588 4508.8001255009049 -2.5242368881022474 0.38465667097741379 92.658928571428561 0.27392331932773117 0.24052397538779938 0.19983198887117451 -0.0037677738419462045
decision_type=2 2 2 2 2 2 2 2 2 2 2 2 2 2 2 2 2 2 2 2 2 2 2 2 2 2 2 2 2 2 2 2 2 2 2 2 2 2 2 2 2 2 2 2 2 2 2 2 2 2 2 2 2 2 2 2 2 2 2 2 2 2
left_child=4 2 -2 11 5 26 9 17 -9 -6 -11 -4 -13 -3 15 -15 -16 18 19 -8 -20 -22 -21 25 -25 -24 27 -1 -29 33 31 32 42 36 -33 -35 37 -28 -32 -38 52 45 -31 44 -44 -34 47 -42 -40 50 -36 -52 -41 58 57 -51 -57 -55 60 61 -54 -60
right_child=1 13 3 -5 6 -7 7 8 -10 10 -12 12 -14 14 16 -17 -18 -19 20 22 21 -23 23 24 -26 -27 29 28 -30 30 38 34 41 35 49 -37 39 -39 48 40 46 -43 43 -45 -46 -47 -48 -49 -50 55 51 -53 53 54 -56 56 -58 -59 59 -61 -62 -63
leaf_value=-0.020241333635333224 -0.013242252052113497 0.00098813347774701966 -0.0062646778693065163 -0.01006303652263877 0.033795658072272888 -0.014928710455482101 0.0099364973145661655 -0.038281127282028954 0.017816275042655171 -0.014751243042003065 0.025563826892651759 0.033881641084283966 0.0057845413915366337 -0.0092517612137844683 -0.00044672150576679039 0.043085874956839985 -0.027570875612502641 0.036703803424767881 0.011906507647066709 -0.029273301210406319 0.011920822157471292 -0.012533435870020952 -0.0045281197046716749 -0.009073605996172341 0.028639091431403613 0.0076436112090197727 -0.001841049375911028 3.4912534120893639e-05 0.025572254925083124 -0.0087867265997764576 -0.0079532692917996545 -0.0014555611138046291 0.010272239050895573 -0.03627352466448229 -0.01050974365869147 -0.002168062294175118 -0.0080175476877465193 0.02108655513505113 -0.026446842825749363 -0.0025412030287767723 0.018342620970815193 0.00031384823875837883 0.020938108169288566 -0.0067965314969749393 0.0018371922031955015 0.03130696649235043 0.030169735450955654 -0.0019423036652318135 -0.064323865723275017 -0.013651841277267377 0.0015940633011531894 -0.038594257457394088 0.0020486376756304295 0.0074233939510204919 -0.012200753957184037 0.017834846837084906 -0.031745566034092863 0.030253642552625117 -0.0022649741306309812 0.0015400328547259382 0.019339868994182982 -0.022149614488128536
leaf_weight=46.534638375043869 710.29182498995215 15376.949307848699 141.64804737083614 331.46771500632167 116.88481494784355 294.61404967866838 582.57201041840017 52.598649650812149 21.15312348306179 61.103163927793503 73.850130081176758 91.181179493665695 181.43219049088657 1254.7905223648995 10178.421427748166 20.549322187900543 68.453361555933952 36.454279556870461 955.8834298402071 50.653047285974026 139.31845712661743 219.62509070336819 498.6974419336766 665.32115621864796 41.49748070538044 712.11658764630556 200.94358865916729 158.3409972563386 198.98262189328671 544.83439582586288 158.90037478506565 5119.2033484857529 1213.1746232062578 61.91215018928051 491.88795544207096 2742.9094808790833 489.05340949445963 375.70558729022741 213.99912466481328 1488.5088121835142 246.52426511049271 576.64649076759815 236.31234914064407 383.70105095207691 406.66716249287128 119.20988020300865 133.71441956795752 220.21537056565285 38.796411663293839 134.68831452727318 39.511930733919144 134.9605634957552 705.12213640846312 1946.3579832874238 108.07304958999157 136.47229765355587 23.466432154178619 83.926577791571617 261.66724163293839 1928.177297314629 257.47641993500292 221.74505035579205
leaf_count=245 3210 64729 598 1396 483 1225 2357 215 88 250 303 392 775 5386 41827 84 301 150 3862 205 565 887 2016 2694 170 2866 810 721 1155 2224 654 20937 4917 249 2061 11225 2016 1521 865 6145 1003 2344 995 1565 1653 482 547 897 157 562 165 567 2857 7996 443 562 96 346 1060 7936 1065 902
internal_value=0.000229011 -0.000404039 -0.00651658 -0.000102902 0.00090989 0.000289119 0.00415994 0.00317941 -0.0221215 0.0196128 0.00727584 0.00785505 0.0152095 -7.29654e-05 -0.00148948 -0.00840122 -0.000628677 0.00365944 0.00334559 0.00103406 0.00782591 -0.00302729 -0.00159871 -0.000863605 -0.00684867 0.00262636 0.00049462 0.0102797 0.014273 0.00031006 -0.00127178 -0.00033879 0.00422046 0.00168556 -0.00294954 -0.00292394 0.00317785 0.0130894 -0.022921 0.00247064 0.00314617 0.00858469 -0.00107811 0.00300826 0.00886723 0.0121602 0.0135424 0.00876279 -0.0323027 -0.0109018 -0.0154849 -0.0294687 0.00225362 0.00354926 0.00732848 -0.000517402 0.0105138 0.00837104 0.00115259 -0.00105199 0.00668043 -0.0113993
internal_weight=54725.9 28355.2 1456.02 745.729 26370.7 22142.9 4227.73 3975.89 73.7518 251.838 134.953 414.261 272.613 26899.2 11522.2 1275.34 10246.9 3902.14 3865.68 2550.86 1314.83 358.944 1968.29 1917.63 706.819 1210.81 21848.3 403.858 357.324 21444.5 9972.43 9560.74 3480.55 11472 6080.19 2804.82 8667.21 576.649 411.696 8090.56 7601.51 1909.03 1571.51 1026.68 642.98 1332.38 600.454 466.74 252.796 960.987 666.36 174.472 7001.05 5512.55 2138.36 294.627 159.939 2030.28 3374.19 2411.59 962.599 483.412
internal_count=226979 118698 6371 3161 108281 91170 17111 16075 303 1036 553 1765 1167 112327 47598 5470 42128 15772 15622 10308 5314 1452 7951 7746 2864 4882 89945 2121 1876 87824 40806 39130 14180 47018 24950 11474 35544 2331 1676 33213 31197 7743 6437 4213 2648 5399 2447 1900 1022 4013 2793 732 28750 22605 8785 1220 658 8342 13820 9898 3922 1962
is_linear=0
shrinkage=0.05


Tree=106
num_leaves=63
num_cat=0
split_feature=21 22 4 19 3 20 6 22 28 21 25 13 28 4 21 27 10 13 27 4 13 9 28 21 22 8 4 29 4 11 0 8 2 19 9 13 27 4 21 10 4 2 22 22 20 0 0 22 0 28 0 9 0 2 2 0 25 11 21 13 9 9
split_gain=9.38514 32.8558 25.173 22.2258 23.6579 20.2481 23.3284 25.3379 24.7516 18.6721 20.1817 17.5816 17.2994 29.7556 18.2395 23.3138 19.3655 19.0605 18.5841 18.182 17.296 27.5537 20.6029 22.4466 21.6231 20.8089 34.7085 28.4823 21.2373 25.4716 20.8296 16.515 17.3986 16.3577 16.3545 15.8802 15.844 15.7107 18.8152 15.6728 27.5045 15.54 15.9348 15.4625 17.2011 15.3291 16.1875 15.3224 15.2937 15.2608 16.0664 15.1526 14.9325 14.8662 18.7711 18.5915 19.9321 18.2711 14.6592 15.1361 14.5449 14.4333
threshold=-0.084527393172248208 0.15881254279036497 0.009516997152248451 6.3679667714239434 -0.0029079471437076739 -0.16195030461313623 1.0131692081186008 0.53310241148972815 0.39770620142232532 -0.2541546862069729 29.1452467460017 0.39950321834268115 0.24779648465034318 -0.0035330336361406099 -0.16198276808873627 2.9765473693758051 0.73894342219646492 0.81221893859039451 -1.1860134440484094 1.0000000180025095e-35 0.23611064116156494 0.053910924197423847 0.40518809874713829 0.97308262277183832 0.10408262803390185 5.8758392915399096 -0.0002839570760644567 1.0000000180025095e-35 -0.012609551576219928 0.089336425685429585 103.11262339493307 6.1178648590059916 2735.4292127986782 0.26500272928193941 0.27604275653728449 0.55378792812079147 -2.0946923728025131 -0.0082555292794657762 -0.18791459878076558 0.71189435405030121 0.0047623529927718873 2056.6619249049095 0.71135925186930815 0.15401041643615662 -0.11788397817911782 5229.9554265872966 1749.4891131047152 0.31540042159212717 5783.9056746624929 0.41910089152139929 2031.3341857605897 0.13881762506507692 296.59775286379096 1327.2489323247662 2457.7903605020965 340.44548494607733 25.288047278018016 0.2680630502132158 -0.13071431287008742 0.28623496010515287 0.39585138187143482 0.23381281491730319
decision_type=2 2 2 2 2 2 2 2 2 2 2 2 2 2 2 2 2 2 2 2 2 2 2 2 2 2 2 2 2 2 2 2 2 2 2 2 2 2 2 2 2 2 2 2 2 2 2 2 2 2 2 2 2 2 2 2 2 2 2 2 2 2
left_child=1 3 5 4 53 37 7 9 -8 -7 12 -6 13 14 -11 16 17 -16 -18 34 43 35 24 25 -23 26 27 -24 29 -29 -28 32 -10 -32 48 -22 -13 38 -3 40 -35 -26 -43 44 -2 46 -41 -40 58 -30 -51 -34 -33 55 -55 57 -57 -1 59 -14 -5 -39
right_child=20 2 -4 60 11 6 8 -9 31 10 -12 36 19 -15 15 -17 18 -19 -20 -21 21 22 23 -25 41 -27 30 28 49 -31 33 52 51 39 -36 -37 -38 61 47 45 -42 42 -44 -45 -46 -47 -48 -49 -50 50 -52 -53 -54 54 -56 56 -58 -59 -60 -61 -62 -63
leaf_value=-0.0015995111986102113 0.042571576562716935 0.011556820091539979 -0.046676399372737147 0.010786202877172541 -0.034339962119422376 0.0063603480460401804 0.014423097896589347 0.010200203071985015 -0.00075537841606559541 0.030070402781709301 -0.024733293548151087 -0.020755898315028637 0.0058234770184034329 -0.001894566063964685 0.010951840793644725 -0.0080760208282461242 -0.0070765532726271146 -0.050586753449196033 0.059805413048798842 0.012817840193025121 -0.017702711737126953 0.021578351327969397 -0.0012589017917569716 -0.044056902078743992 -0.004411378260705227 0.012755458058510014 -0.028585367363082915 -0.028894541929103547 0.050124478974001921 0.04282263690496161 0.019315589572657377 0.033200076714285279 0.054721427838493042 -0.0059835402638050593 -0.01949303308254443 0.024619124753408876 0.02360811687141337 0.031083139210842499 -0.033878551170471498 0.0034527757237617033 -0.038220692330486632 0.0065395482850374304 -0.013653560560245396 0.00028868581692201756 0.006329532633201425 0.054457324446376049 -0.024284056941172964 0.024912258400190228 -0.027152418728707772 0.014046187315523199 0.049867532796520286 0.0099330467046227552 -0.0004974026171225695 0.012780298821199571 -0.0036721489512837229 -0.0059670475996287838 -0.043946762914853062 0.013560676052611241 -0.0072510264761445941 -0.0024304958185729589 0.070964092230328096 0.0107102474143031
leaf_weight=1257.0639720615 42.848980650305748 127.05005352199078 25.583971858024597 27.577157035470009 100.89644694887102 1077.8347012400627 739.88682339899242 704.7765411734581 1088.2540037482977 101.88432610034943 86.490475764498115 51.243812065571547 770.380551205948 1194.3115631509572 550.85196167230606 182.71279276907444 14.120170950889586 12.753051757812498 37.687910914421082 189.49412705004215 365.72902299463749 87.367937803268433 435.42766152508557 25.677261427044868 5240.6963599175215 434.05263059586287 88.595407566055655 47.384928274899721 40.025830110535026 16.614852230995893 73.921735031530261 80.760762920603156 24.689105004072189 371.78118154592812 145.27867843024433 23.413192808628082 32.955009428784251 133.81169687211514 51.902344509959221 394.66261354461312 80.572141526266932 618.99536131322384 115.79067474603653 30581.12019824516 139.95482935011387 13.079450875520704 60.585439413785934 13.906038776040075 61.320726245641708 326.51380880363286 34.716396540403366 81.38150374032557 54.907800383865833 351.83369731530547 340.94988804496825 1834.819886431098 35.159553270787001 235.91616426035762 977.73069895245135 1989.6271360777318 15.957953512668608 251.87430064380169
leaf_count=5171 174 551 110 114 439 4552 3093 2968 4567 419 362 220 3182 4868 2236 738 57 52 152 771 1522 354 1778 117 21546 1784 381 197 165 69 312 334 103 1531 595 97 139 559 210 1622 337 2515 471 127404 580 53 246 57 253 1356 141 337 227 1436 1386 7509 145 971 4044 8197 65 1038
internal_value=0.000217561 0.00128042 0.00275375 -0.00242245 -0.00278877 0.00287233 0.00235391 0.00114221 0.00709131 0.000277846 -0.000759658 -0.020268 -0.000425541 0.00327558 0.0101414 0.00758762 0.0122468 0.00954177 0.0415021 -0.00230188 -0.000185801 -0.00212766 -0.00153173 0.00234303 -0.00309428 0.00283964 0.000667109 0.00792155 0.0165226 -0.0101604 -0.00536055 0.00300803 0.00112501 -0.00328408 -0.00302984 -0.0151379 -0.00332532 0.0119723 0.00029337 -0.00510594 -0.0117438 -0.00345621 0.0033492 0.000375544 0.0148706 0.00129594 -0.000232046 -0.0213606 -0.00239846 0.0207924 0.0175155 0.0204469 0.0195349 -0.00198935 0.00467673 -0.00336417 -0.00668613 0.000793454 -0.0019903 -0.000124686 0.0330713 0.0177977
internal_weight=54715.2 15055.6 10771.3 4284.37 4240.84 10745.7 10167.1 8097.26 2069.88 7392.48 6314.64 185.095 6228.15 2094.32 900.01 798.126 615.413 563.605 51.8081 4133.83 39659.5 8895.6 8506.46 2443.61 6062.85 2417.93 1983.88 900.683 465.256 63.9998 1083.2 1329.99 1194.32 994.603 3944.34 389.142 84.1988 578.544 192.858 920.681 452.353 5975.48 734.786 30763.9 182.804 468.328 455.248 65.8084 3799.06 401.256 361.23 106.071 135.669 4055.74 692.784 3362.96 1869.98 1492.98 3737.74 2760.01 43.5351 385.686
internal_count=226979 62227 44632 17595 17416 44522 42107 33446 8661 30478 25926 798 25564 8522 3654 3235 2497 2288 209 17042 164752 36594 34975 10089 24886 9972 8188 3706 1928 266 4482 5568 5007 4101 16271 1619 359 2415 818 3789 1868 24532 2986 128158 754 1921 1868 267 15676 1662 1497 440 561 16618 2822 13796 7654 6142 15423 11379 179 1597
is_linear=0
shrinkage=0.05


Tree=107
num_leaves=63
num_cat=0
split_feature=20 4 23 2 23 3 22 30 13 0 28 2 28 11 22 3 22 4 11 30 3 26 28 3 21 20 22 0 26 22 17 0 24 13 4 13 28 22 21 19 10 3 10 9 10 24 30 20 26 13 28 9 24 6 9 30 13 30 13 26 4 19
split_gain=8.79579 19.3148 23.4921 19.0255 21.1776 21.7313 27.129 20.0345 18.6056 18.4802 17.5972 17.0828 16.8157 15.9391 15.5703 17.6955 15.5515 19.1978 17.904 25.0808 16.7171 15.5065 14.8098 22.8652 16.4514 23.8719 21.0707 20.9561 15.6375 14.5799 14.8092 14.6697 14.5648 18.2277 14.3824 17.9546 14.1374 14.0178 16.5544 15.2705 21.2657 15.7466 36.9806 18.2572 41.7312 15.7511 14.8007 13.9754 20.8519 13.511 13.7337 13.3905 13.3037 13.8314 13.1981 13.0937 12.7471 20.9419 16.9502 12.7215 12.5631 12.5245
threshold=-0.0080331207157230949 1.0000000180025095e-35 57.749135081558229 358.17646954198341 44.540426775325265 -0.014919355767930026 0.37593634272247789 0.41615161971207931 0.41393170709113086 156.41684168692942 1.2498078842440254 314.4972486475437 0.080497551111827312 0.15655537412873857 0.29682747493283684 -0.0072062439030835578 0.45176645580273184 0.0011246085739335732 0.23482656888866188 0.92294370606722176 -0.023255799136883058 24.849069924576003 1.709531670972019 0.014049197755076249 -0.10259444782980758 0.07066731978205644 0.47397199554231778 378.2645395730371 27.984250187143271 0.07813352839978778 0.012949175847208951 83.92276993105996 26.084589740559966 0.14718611450535354 -0.014009387084573997 0.55378792812079147 0.37621709871402104 0.84913785226658067 0.076498841352963601 0.16297121000808104 0.432642023067555 0.040351848864422786 0.67280645479668388 0.2952587561907089 0.79373393140419024 34.151639847214405 0.97366253359923716 -0.026510800793228258 27.627771682660057 0.38316069142678594 0.41647720681654593 0.15811209684450525 14.341882326038629 1.0063730318034165 0.21978508402017574 0.66851340290566819 0.28206016766818937 0.54665575559192592 0.21662175155391267 20.618187262165147 -0.015884759584090597 3.5715974205565648
decision_type=2 2 2 2 2 2 2 2 2 2 2 2 2 2 2 2 2 2 2 2 2 2 2 2 2 2 2 2 2 2 2 2 2 2 2 2 2 2 2 2 2 2 2 2 2 2 2 2 2 2 2 2 2 2 2 2 2 2 2 2 2 2
left_child=1 2 -1 11 12 6 -6 -8 16 -4 -10 -2 -5 -14 15 51 17 -3 19 20 -18 -21 24 -24 25 26 -16 32 60 -19 -31 55 33 -26 -13 -36 -9 39 -39 40 52 -41 -43 45 -45 -44 49 -22 54 -40 -51 -7 -29 59 -49 -32 58 -58 -28 -54 -27 -11
right_child=3 8 9 4 5 14 7 36 10 61 -12 34 13 -15 22 -17 18 29 -20 21 47 -23 23 -25 27 28 56 37 -30 30 31 -33 -34 -35 35 -37 -38 38 46 41 -42 42 43 44 -46 -47 -48 48 -50 50 -52 -53 53 -55 -56 -57 57 -59 -60 -61 -62 -63
leaf_value=0.00048850702847926398 0.00037766506364717071 0.0095230227266334504 -0.045962790471642312 0.03572183075298143 0.055282551857880835 0.038280746309726145 0.046188697037114979 -0.055476002806337993 -0.035403262242446901 -0.016656632606990032 0.02092060494003151 -0.031712220911517687 -0.014066166584913085 0.01294315378597112 0.0047977095448420324 -0.014736024529503421 -0.0090116005353559746 0.038394014993045622 0.040176283590144302 1.6478187324977945e-05 0.013888744026797795 -0.02981361654580893 0.0092406572025321917 -0.046780273034401187 0.033895818224821482 0.02088719358399244 0.03377159108393725 0.013478239116871446 0.035046551299376276 -0.050559750990069575 0.04678446162949166 -0.0037099714372063604 -0.036328149634606059 -0.013949807017878761 0.0099602165582098976 0.067501635214038042 0.0025738123653114321 0.017890981700669089 -0.00073800802663514077 -0.0014981820129516745 0.019280301199697786 -0.065084161064086335 0.012985268400036561 -0.077722878302903364 -0.0073853348344187055 -0.035966445566426281 0.028049615100157251 0.0063629467228610405 -0.022170037621527909 -0.010269716149527618 0.033514732728163799 -0.021350896970612456 -0.0055203270294755767 -0.063305911000608825 0.057434235411259651 -0.013564551656911287 0.064285116654678023 0.018937975270086796 -0.010939197183476043 -0.050561298591317576 -0.0095711902004645688 0.014580498749235137
leaf_weight=20591.267773382366 18142.593305937015 471.10320022515953 41.867778852581978 19.084126716479659 37.355318188667297 29.192694455385208 19.229784488677979 14.340500041842459 53.635689243674278 128.60012124478817 18.496556371450424 19.728954061865807 621.24744814820588 59.617830127477646 381.91386006772518 367.94590811431408 122.573077455163 21.276324436068535 41.36894029378891 126.97104251384735 992.32725162804127 65.956749200820923 30.978938847780228 43.570591799914837 22.047992527484894 37.314718294888735 40.508170560002327 16.12719415128231 23.802402630448341 16.231120944023132 27.174239754676819 1052.1681217029691 63.387497831135988 193.11792907491326 447.37921206280589 13.922326117753981 37.766671597957611 159.58495546132326 1609.4267665790394 6649.953296776861 29.364432401955128 30.597770011052489 116.04727114737034 25.294331602752209 125.86779182218015 19.008943930268288 49.279073894023895 609.60385479032993 65.602243959903717 25.726907253265381 57.447315698489547 13.678189799189566 42.233717413619161 30.392743835225701 12.850115761160849 13.185644432902334 41.654068306088448 66.751214191317558 44.04296875 25.13914530351758 348.5075658261776 42.500656053423882
leaf_count=84801 76312 1902 178 111 154 119 79 58 222 537 76 81 2540 245 1564 1650 496 86 170 514 4009 270 127 194 89 157 169 65 105 66 113 4256 271 801 1835 58 156 655 6514 27248 120 141 476 138 535 78 203 2463 265 105 233 56 413 125 52 55 181 277 185 199 1452 174
internal_value=0.000206694 0.000910341 0.000317362 -0.000364472 -0.00195708 -0.00141361 0.0208177 0.00264818 0.00423362 -0.0161991 -0.0208822 0.000624556 -0.0103875 -0.0116923 -0.00163883 -0.0111856 0.00473348 0.00104245 0.00763173 0.00695269 0.00878772 -0.0101659 -0.00125928 -0.0234527 -0.00109753 0.00504684 0.0116206 -0.00174926 -0.0041672 -0.00248914 -0.00328156 -0.00257003 -0.0152556 -0.00901038 0.00992392 0.0117219 -0.0133821 -0.00133105 0.0024809 -0.00235121 -0.018509 -0.00201799 -0.0129089 -0.00729297 -0.0192317 0.00603689 0.00106526 0.0100895 0.00460168 0.000275066 0.0199155 0.0191332 -0.0283042 -0.0352544 0.00743436 0.02696 0.0250896 0.0364516 0.0104371 -0.0224508 -0.00660781 -0.00886428
internal_weight=54706.9 24514.8 20804.2 30192.2 11568.5 10868.6 108.692 71.337 3710.52 212.969 72.1322 18623.6 699.949 680.865 10759.9 410.817 3638.39 1601.14 2037.25 1995.88 1802.96 192.928 10349.1 74.5495 10274.5 984.495 574.87 9290.05 409.625 1130.04 1108.76 1092.53 278.553 215.166 481.03 461.302 52.1072 9011.49 1901.47 7110.03 143.257 6966.77 316.816 286.218 151.162 135.056 1741.88 1680.38 688.056 1692.6 83.1742 42.8709 113.893 97.7656 622.454 40.3599 192.956 108.405 84.5511 67.3729 385.822 171.101
internal_count=226979 100705 85690 126274 47988 45092 447 293 15015 889 298 78286 2896 2785 44645 1825 14717 6478 8239 8069 7285 784 42820 321 42499 4090 2376 38409 1714 4576 4490 4424 1161 890 1974 1893 214 37248 7710 29538 922 28616 1368 1227 673 554 7055 6789 2780 6852 338 175 802 737 2515 168 812 458 354 612 1609 711
is_linear=0
shrinkage=0.05


Tree=108
num_leaves=63
num_cat=0
split_feature=18 8 4 21 0 1 11 7 24 1 27 0 18 22 1 22 23 0 21 24 0 28 0 0 22 8 24 3 6 21 26 1 12 4 10 28 10 24 27 1 1 0 11 1 22 23 28 20 28 17 22 0 26 27 28 27 7 27 26 26 0 2
split_gain=8.50924 7.94914 13.4364 21.5283 20.5231 25.7998 24.7599 16.5413 23.4783 15.9921 15.6972 14.8799 18.3398 17.7151 16.3967 20.8598 15.8186 15.2017 15.2326 13.9901 15.0345 13.7741 13.7441 22.6567 14.8297 13.627 14.5664 13.5473 33.5202 22.8893 17.7162 16.8268 16.2486 14.2176 13.5122 13.737 13.3558 13.3354 13.0147 12.8223 20.1919 13.5751 13.0828 16.372 17.7677 19.3266 14.8996 18.8153 14.0405 13.1052 19.053 13.3438 12.6075 12.5995 15.5855 12.3808 12.3614 13.7511 13.0248 12.9078 12.4866 13.5392
threshold=3.4771512630040475 5.4995279266033812 -0.0019784478805134277 -0.0065379274373349996 179.63015683049517 172.49731715686565 0.10568823303055114 14.975000000000007 20.22041874765506 232.37574665475748 -4.0173085964030291 1160.8654392173132 1.1112181569694874 0.98471805058375883 82.729189928614133 0.72519775193766056 31.757611817204829 1771.5133608685985 0.012987553907716 42.329949782027988 142.52385440775137 0.7734951590826521 935.95832775424878 758.20311509870191 0.46862763472688412 5.7749966569452473 30.128440040577157 -0.040506429762581182 0.89574667686463416 -0.47074701844566835 29.852309870421262 560.10451755226211 0.5623776222821768 -0.019325021386232936 0.85619281903866895 0.5964983308560271 0.91496912998101287 95.489406144655902 2.3372948918690573 759.54924491343274 665.52875744188907 900.93299115243155 0.19039381171181932 160.10031458609475 0.7078757636035361 40.7810577529848 0.37853842550587874 -0.064209446415524937 0.83190587095382473 0.59128270113024783 0.87631820226943002 214.94151182366281 7.7055238769471579 -3.0588338161029394 0.34181792839595154 3.6940802915561375 143.95714285714286 -0.87009350374531447 22.664801260824806 26.732818950169094 2913.3179168502825 2006.3892099198429
decision_type=2 2 2 2 2 2 2 2 2 2 2 2 2 2 2 2 2 2 2 2 2 2 2 2 2 2 2 2 2 2 2 2 2 2 2 2 2 2 2 2 2 2 2 2 2 2 2 2 2 2 2 2 2 2 2 2 2 2 2 2 2 2
left_child=1 -1 4 7 5 6 25 8 -4 -10 -9 12 14 -14 15 22 -16 18 21 20 -8 -13 23 37 -24 -3 -27 28 31 -30 36 32 33 -6 -31 38 -29 -5 -36 40 42 -41 46 -44 45 -45 47 -18 -47 -49 -51 -52 -19 -32 -55 -20 57 -54 60 -60 61 -58
right_child=-2 2 3 11 27 -7 19 10 9 -11 -12 17 13 -15 16 -17 39 52 55 -21 -22 -23 24 -25 -26 26 -28 30 29 34 53 -33 -34 -35 35 -37 -38 -39 -40 41 -42 -43 43 44 -46 48 -48 49 -50 50 51 -53 56 54 -56 -57 58 -59 59 -61 -62 -63
leaf_value=9.5887901121552701e-05 -0.0030979300143979946 -0.004403001993907878 -0.016283924208545148 -0.0056043651463659229 -0.020997220579806533 -0.031738863908759372 -0.010828978316715532 -0.032216518299512054 0.0078052014950406538 0.046671697173817007 -0.0067902867354904944 0.037813858919734954 0.011871399269817319 -0.023353727434725594 0.061690891528310345 -0.025312569587067704 -0.044478958876535052 -0.038100963030338164 0.0045225188008161804 0.027846874013877605 0.023941913752254511 -0.013442307958268902 -0.080251006899993024 0.056820075268177221 -0.0033708107487561176 0.041887938573170601 -0.0075084121522032898 0.006527322800985412 0.043972210655292068 -0.040320047776111499 -0.0091243353018652419 0.0050861995223483204 0.068329892055142297 0.030882704252444649 0.024542782493153788 -0.033742270471181189 0.02838893698193299 0.024964013577211439 -0.027193133258546415 -0.028024466533507708 0.033824049923432992 -0.00053889444738888716 0.047549316624992448 -0.0075368773513710581 -0.027659755268173842 0.018764710118951301 -0.0047947493870923582 0.034448893133033086 0.077735413075118082 -0.013866113386296289 -0.0039996107717053695 0.06264537874127063 -0.025479359031780936 -0.0016278285836300488 0.044584923429423384 0.043424423522499839 0.0064482782438900392 0.014547085631886184 0.042533997567402837 0.0043190971059622546 -0.007636672579050559 0.055344166966258448
leaf_weight=46863.888178962283 1892.0464830147102 36.985597997903824 97.796603158116341 504.6374291293323 16.964270427823067 64.313383344560862 314.20995875820518 65.667192205786705 208.79661348648369 30.330972567200661 813.29597532190382 103.55490486323833 469.85182043351233 38.447433784604073 11.01513661444187 132.74414365552366 13.092531412839888 18.133025839924812 185.5922076087445 30.515112992376089 34.331185266375542 14.797300994396208 11.7330933585763 15.956306271255015 13.671542376279829 70.898496612906456 18.655278290621936 430.43803549930453 14.605300351977347 57.255872800946236 17.452682316303253 221.3675174228847 21.63000114262104 57.204044163227081 35.259368970990181 34.201389938592911 83.626483247615397 38.250610768795013 18.369683861732483 66.672022704035044 54.531954169273376 138.48570014722645 32.165673300623894 37.227413564920425 27.535927310585976 26.821915864944458 501.43458411470056 65.586883679032326 16.482410416007042 52.170033251866698 12.422252163290979 18.347851350903511 60.684975124895573 22.130761504173279 98.384617164731026 22.964267985895276 62.169778555631638 32.915452852845192 49.248234272003174 40.631003752350807 121.74187770485878 18.369532451033592
leaf_count=194540 7860 153 401 2134 69 267 1303 273 858 124 3331 447 1983 157 45 549 53 74 751 126 142 60 51 69 59 292 79 1787 59 234 72 905 88 242 143 138 344 157 75 270 220 562 131 151 114 109 2039 265 68 213 50 74 254 93 437 94 254 133 204 178 498 74
internal_value=0.00019636 0.000314489 0.00203689 0.000531976 0.00579509 -0.00193209 0.00185507 -0.00508671 0.00432196 0.0127734 -0.00869901 0.00278834 0.000810448 0.00919309 -0.00156622 -0.0074226 0.00233915 0.00900346 0.01702 -0.00452787 -0.00738383 0.0313573 -0.00334572 -0.00169789 -0.0392493 0.0210035 0.0315453 0.00970034 0.00328087 -0.0153813 0.0143863 0.0126948 0.0302008 0.0189368 -0.0214168 -0.00900528 0.0100983 -0.00343718 0.00671087 0.00171367 0.00440332 -0.0095048 0.00239588 0.0162663 0.00687347 0.018763 -0.000532118 0.0126568 0.0414526 0.0177535 0.00446539 0.0356522 0.00249996 0.0303081 0.0360629 0.00884875 0.00443077 -0.0113498 0.00950572 0.0253381 0.00243722 0.0177173
internal_weight=54700.7 52808.7 5944.77 4245.97 1698.8 569.909 505.596 1215.89 336.924 239.128 878.963 3030.09 2299.28 508.299 1790.99 716.993 1073.99 730.803 326.909 379.056 348.541 118.352 584.249 558.844 25.4046 126.539 89.5538 1128.89 476.857 159.692 652.033 317.166 95.7983 74.1683 145.086 87.8304 514.065 542.888 53.6291 1062.98 857.819 205.158 803.287 140.233 108.068 80.5317 663.054 161.62 43.3043 148.527 82.9401 30.7701 403.894 137.968 120.515 208.556 385.761 93.6004 292.16 89.8792 202.281 80.5393
internal_count=226979 219119 24579 17531 7048 2362 2095 4987 1383 982 3604 12544 9523 2140 7383 3019 4364 3021 1352 1571 1445 507 2470 2360 110 524 371 4686 1953 649 2733 1304 399 311 590 356 2131 2291 218 4319 3487 832 3267 573 442 328 2694 655 177 602 337 124 1669 602 530 845 1595 387 1208 382 826 328
is_linear=0
shrinkage=0.05


Tree=109
num_leaves=63
num_cat=0
split_feature=21 22 4 20 20 22 6 28 9 21 30 30 22 10 7 13 10 27 9 10 20 22 9 4 7 4 22 30 23 13 9 28 21 22 12 28 30 28 28 24 21 2 4 24 9 25 30 4 12 23 24 4 22 22 0 18 30 4 27 7 2 12
split_gain=8.29098 29.7405 22.4741 19.4088 19.3317 19.0711 19.2707 20.4364 17.5531 22.093 25.7691 24.8375 21.0486 20.0942 26.1609 17.9321 16.5097 30.7673 16.3171 16.0419 15.5246 16.536 15.3153 15.3048 23.7752 24.2596 23.5491 18.9074 17.2576 15.3029 24.7879 17.9537 20.6754 19.3652 19.6811 19.7054 19.5684 40.4625 28.7871 23.442 22.0978 22.3134 18.2315 32.4752 21.7082 25.6728 17.7276 16.2886 24.0202 18.0847 15.7605 22.1603 15.6424 15.4552 15.2166 15.0264 14.6752 14.3308 32.9595 16.3469 15.2974 18.444
threshold=-0.084527393172248208 0.15881254279036497 0.009516997152248451 -0.03625356334800655 -0.19795180532144405 0.64180801201910043 1.0237882841286587 0.3374313507847157 0.26629559509602968 -0.19446377167244425 0.6644897828625046 0.39239458462570215 0.48223063407229122 0.85223450051036265 15.814285714285717 0.3378419346376092 0.50039872408293473 -0.68882818009981228 0.36340060726735629 0.83653854970581498 0.039191988407641383 0.37908706406218201 0.34672152709217602 -0.0088131670234148328 7.8750000000000018 -0.011551652584055038 0.35246475059125132 0.47178086030545052 42.298466969659394 0.23611064116156494 0.053910924197423847 0.40518809874713829 0.97308262277183832 0.10408262803390185 0.15331113944163713 0.2075626439452011 0.3057042529031766 0.23360228185041471 0.28081580195015443 27.636862346148686 -0.040530202352699711 148.01394208272686 -0.0024894032976381171 13.865879497562405 0.209610636407107 12.706631645458879 0.73505868095420346 -0.013603429459989255 0.11052796653362391 56.327918158616548 29.213838137143039 0.00081821020242336528 0.45176645580273184 0.85957343342412107 335.26714969937092 0.99218695924478972 0.59353129741105082 -0.0027112995275240547 2.4400513490755444 94.846428571428604 1428.4981626516776 0.11555809012920147
decision_type=2 2 2 2 2 2 2 2 2 2 2 2 2 2 2 2 2 2 2 2 2 2 2 2 2 2 2 2 2 2 2 2 2 2 2 2 2 2 2 2 2 2 2 2 2 2 2 2 2 2 2 2 2 2 2 2 2 2 2 2 2 2
left_child=1 3 4 -1 18 6 8 55 9 10 -6 19 15 -10 -15 -12 -5 -18 -3 57 21 -17 -9 24 -13 27 28 -26 -27 -2 -31 33 42 -32 36 -36 37 40 -38 -39 41 -35 43 -33 45 -44 -40 49 56 -45 51 -47 -52 -42 -16 -8 -49 58 -11 60 -59 -62
right_child=29 2 -4 16 5 -7 7 22 13 11 12 23 -14 14 54 20 17 -19 -20 -21 -22 -23 -24 -25 25 26 -28 -29 -30 30 31 32 -34 34 35 -37 38 39 46 -41 53 -43 44 47 -46 50 -48 48 -50 -51 52 -53 -54 -55 -56 -57 -58 59 -60 -61 61 -63
leaf_value=-0.0014841130746175572 0.00033545651698705379 0.026674585531433998 -0.044305512468734674 -0.02451511077659118 0.013840141801208655 0.013628861135388715 0.032621154951472886 0.0067437366155489818 -0.021370323341032921 0.01309180581283499 -0.010905317544682156 -0.026910882529716126 0.028687660815402416 -0.017339512679987189 0.051905991262568132 0.0037402152522317631 -0.018420106876289321 0.045670126236065305 -0.0080579070625657022 0.037752365846759978 -0.0094882535213073257 0.023655305723326057 -0.013192865158593359 -0.0012581674913558873 0.064724534326919145 -0.019533573569570473 -0.038635664530859974 0.0058908269607587929 0.019163675753790872 -0.014378476593776347 0.020418002701537555 0.036428055671114047 -0.04248497520973029 -0.012563580301111626 -0.021658224747072671 -0.0057737280549929231 -0.011753319760465526 0.021245944805868906 0.00049565734642980416 -0.025020588772739345 -0.0054356410170162493 0.013327640088217095 0.034800539858505078 0.0035108298519007752 0.005711187599021862 -0.0043860496867968368 -0.029145730313022422 -0.03579552589173568 -0.0017182349856289401 -0.027764210487478364 0.043923849153986824 -0.023706486761214365 -0.00019991851189268904 0.031270263557157237 0.0055212837631339069 0.006355274495432009 0.022899117410158366 -0.00026256908421830376 -0.0055906373752008156 0.015057712333752105 0.030792040022487345 -0.028535807737199693
leaf_weight=4023.929639980197 30760.829453027807 144.63138930499554 25.377787161618471 172.74420023709536 708.96691626310349 366.09096331894398 127.92176026105881 1004.2551690544933 176.06779373064637 801.59161239303648 257.2289279345423 156.01621866971254 72.489342778921127 150.17338307574391 19.19075183570385 956.8213048633188 57.580717153847218 27.615675911307335 43.811120808124542 34.514514893293381 192.58514291234314 117.07346075773239 106.30818144697696 2988.6776402201504 15.23403452336788 61.702557355165482 67.649195298552513 128.0623815022409 53.837202351540327 388.00399795174599 87.491303876042366 93.952763572335243 25.543357271701097 105.62422524392605 235.90836781822145 1142.6305174157023 916.89345933683217 321.42010341584682 1461.7799339992926 29.746353290975094 1288.8007095046341 388.3969476595521 36.943520396947861 145.00122971832752 764.01461630873382 416.95190480351448 52.138365000486374 10.967112109065054 228.24706449359655 67.598357308655977 23.155337497591972 231.12604433298111 145.78403386473656 29.196074768900871 218.78074705600739 95.798757433891296 252.32949808333069 1074.9388428144157 334.10702550411224 157.97453434765339 15.114435419440268 91.859860805794597
leaf_count=16499 128158 608 110 743 3042 1565 529 4189 734 3281 1071 641 306 618 78 3982 240 113 180 140 799 491 472 12329 62 250 277 526 221 1619 354 386 117 436 966 4685 3785 1322 6030 126 5269 1580 150 593 3168 1716 214 45 934 286 96 954 596 119 897 395 1048 4405 1356 642 61 375
internal_value=0.000186651 0.00118599 0.00258816 -0.00233797 0.00269985 0.00241571 0.00201204 0.00761397 0.00116688 0.00174842 0.00590707 0.00014478 0.00237975 -0.00736404 -0.000993854 0.00112308 -0.0156332 0.00232476 0.0185731 0.00393444 0.00357073 0.00591797 0.0048298 -0.00259422 -0.0108576 -0.00316504 -0.015228 0.0122212 -0.00145789 -0.000192457 -0.00201974 -0.00145495 0.00216369 -0.00291376 -0.00325672 -0.00849703 -0.001683 0.00177452 -0.00476186 0.0173066 -0.0012336 0.00778042 0.00263953 0.00882352 -0.000408097 -0.00588873 -0.000523728 0.00512854 0.0101332 -0.00641828 -0.00773875 -0.0112867 0.00584065 -0.00461643 0.00930312 0.0214041 0.0204227 0.00345943 0.00759128 -3.93261e-05 -0.00206253 -0.0200857
internal_weight=54697.2 15046.7 10764.9 4281.87 10739.5 10551 10184.9 1334.28 8850.66 8286.45 2305.17 5981.28 1596.2 564.213 388.145 1523.71 257.941 85.1964 188.443 2510.1 1266.48 1073.89 1110.56 3471.18 482.502 326.485 183.189 143.296 115.54 39650.5 8889.65 8501.64 2441.61 6060.03 5972.54 1378.54 4594 2163.18 2430.81 351.166 1812.02 494.021 2416.07 798.096 1617.98 853.961 1513.92 704.143 491.544 212.6 817.017 648.078 168.939 1318 237.971 223.721 263.297 2475.59 1135.7 1339.89 1181.91 106.974
internal_count=226979 62227 44632 17595 44522 43734 42169 5585 36584 34257 9691 24566 6649 2327 1593 6343 1096 353 788 10260 5272 4473 4661 14306 1977 1336 748 588 471 164752 36594 34975 10089 24886 24532 5651 18881 8852 10029 1448 7404 2016 9972 3292 6680 3512 6244 2906 2027 879 3362 2670 692 5388 975 924 1093 10120 4637 5483 4841 436
is_linear=0
shrinkage=0.05


Tree=110
num_leaves=63
num_cat=0
split_feature=17 27 8 18 6 0 18 23 1 27 0 17 7 25 12 12 19 21 0 7 8 0 0 18 19 10 7 8 11 8 11 22 21 8 21 22 25 2 8 7 25 22 28 30 19 28 0 0 13 21 1 30 7 8 13 12 2 30 8 25 1 28
split_gain=7.25239 10.0673 19.5558 12.0524 9.89867 12.7888 9.45358 10.0729 7.67183 7.05384 7.19053 9.73289 8.91976 7.04683 17.5789 12.7213 9.93792 9.36876 17.5268 12.8734 10.5881 8.5763 12.1985 8.24393 17.7697 11.3913 13.7586 8.99646 8.1724 7.61323 7.13765 6.56537 20.5594 16.0059 12.5596 19.1443 28.5627 26.6856 26.1468 19.8667 18.9941 18.1215 18.0274 21.4119 23.1136 20.8763 22.272 21.3353 30.2669 22.895 19.0503 44.6464 18.4363 18.3509 25.7663 21.7685 22.5156 23.2229 19.011 26.6534 18.2642 18.0388
threshold=1.0000000180025095e-35 1.5602949441775318 5.1543701255803294 0.73035899569732499 0.89574667686463416 149.18604204065394 0.31594110967961303 47.900182427544941 265.80835337862044 8.0987450883097694 4455.5590496065424 0.943623814510968 2.6571428571428584 60.13690676149912 0.055813953488372127 0.022408958088622151 0.069132254751051281 0.010028807370029426 122.7482094287756 3.7860714285714323 1.9564108912849802 473.43879573429939 372.90884614852388 0.16033409754183223 0.20219800220054882 0.86399906348081412 12.696428571428559 5.2472092752131783 -0.019926359107645657 3.9243251002363073 -1.0000000180025095e-35 0.73240441666726497 -0.048828948573093882 2.9453754455797698 1.0000000180025095e-35 0.52721701069798044 25.672076537881825 1000.0007100714164 6.4286214415748111 1.4685714285714284 19.994222002930467 0.24420879479556426 0.1709021677131643 0.19825324180015258 1.8346921845361652 0.21451806594880321 2302.8719609121677 2913.3179168502825 0.29254979738928649 0.42829473432156823 136.63445791516617 0.040034843205574919 17.380357142857147 2.6390466717014198 0.2968610529418873 0.15331113944163713 1.0000000180025095e-35 0.28196434210904081 4.1621068517423323 18.900432034050599 312.79274225067496 0.34181792839595154
decision_type=2 2 2 2 2 2 2 2 2 2 2 2 2 2 2 2 2 2 2 2 2 2 2 2 2 2 2 2 2 2 2 2 2 2 2 2 2 2 2 2 2 2 2 2 2 2 2 2 2 2 2 2 2 2 2 2 2 2 2 2 2 2
left_child=1 2 4 -3 -1 -6 -7 -8 -4 13 11 12 -11 31 15 17 -16 18 23 -19 21 22 28 24 -15 -25 -27 -26 -21 -22 -20 34 33 -33 35 -2 37 -37 39 -38 -39 -36 50 44 -44 -45 53 48 -48 -49 51 -43 -52 54 -47 56 -55 -58 59 -57 -46 -56
right_child=9 3 8 -5 5 6 7 -9 -10 10 -12 -13 -14 14 16 -17 -18 19 30 20 29 -23 -24 25 27 26 -28 -29 -30 -31 -32 32 -34 -35 41 36 38 40 -40 -41 -42 42 43 45 60 46 47 49 -50 -51 52 -53 -54 55 61 58 57 -59 -60 -61 -62 -63
leaf_value=-0.066045712125075123 -0.00033683922608197521 -0.049651596790090298 0.061086381342755625 -0.0062583104609854091 0.055788315070820604 -0.057625282623321533 0.02993657398557072 -0.0257827254971024 0.010492924731254814 0.035567378858086383 0.022320252155346793 -0.045706002264632554 -0.011289545742275859 0.013847511826425586 0.0083523519696961073 0.054242452008951718 -0.060845483300853001 0.042920565661843928 0.012941197950834156 0.040626547648077667 0.043108709440745768 0.0091415461245297376 -0.12146208632577604 0.028125630169439517 -0.018497174524518181 0.03341620508997907 -0.031397882174092527 0.019176441869750753 -0.054996186206609912 -0.012667809703210055 -0.033667128913406418 0.043355646680715482 0.00082118659174144036 0.0094520682206025494 0.0076869975176331864 0.0082538701782399453 -0.034096760596814067 -0.0093719945883776971 0.019435881263788337 -0.001618254556758284 0.0059350132760787643 0.046361573296127327 0.011981239088846419 -0.0089979393498076533 -0.023350451455352091 -0.0039869217953660604 0.019449659355723542 0.0026173812254077747 -0.039573083767203782 -0.037003346614654639 -0.013211434575172952 -0.0050615098134277892 -0.0034233584614276644 -0.0038512989406569408 -0.030207896185401279 -0.0030922245457415142 0.021084891331857997 0.0026705830346912085 -0.0015676271446725899 -0.024392183590379583 0.0023301577183374757 -0.0029588968956564261
leaf_weight=8.6032190918922407 24417.201465445571 29.092683613300323 13.118164137005808 36.163850754499435 6.6608118414878836 11.152556449174879 12.919095948338507 21.315811760723591 18.101566061377525 10.734633963555096 16.271981000900269 19.329205958172679 153.85242879856378 140.51712642237544 7.6848296821117428 14.107506360858677 15.027072064578531 38.065944574773312 10.03596670925617 3.7510610893368712 20.006735384464267 14.068378068506716 3.7711464017629615 81.20506364107132 99.043532654643059 13.252531614154575 20.976876422762871 18.652341678738594 5.1472227983176735 8.5655664652585966 40.962464518845081 44.184720158576965 9954.192310671322 166.39161913096905 508.41450195759535 2630.2129442058504 47.903053442016244 427.2042159512639 147.15031450986862 2519.4344206620008 385.08607961982489 56.001333344727755 608.5058304592967 911.28728345036507 90.081329153850675 1233.7330020125955 324.07339731231332 1000.0378367323428 23.137092497199774 37.733173742890358 846.26780308037996 169.92405628412962 1119.1916483510286 1417.6104011740535 179.91613484919071 321.55139713920653 185.00082913413644 2304.7112315148115 1011.8076793774962 271.27161777205765 297.01079764962196 92.342673674225807
leaf_count=37 101625 129 54 158 27 79 60 249 74 47 66 96 641 621 57 69 69 727 99 57 145 115 49 409 450 98 93 75 73 42 243 185 40498 703 2066 10898 242 1781 621 10359 1581 293 2474 3697 375 4998 1310 4044 96 153 3523 701 4526 5743 744 1310 768 9426 4129 1122 1223 381
internal_value=-3.00839e-06 -0.0107262 -4.47273e-07 -0.0257268 -0.0166001 -0.00822018 -0.0178256 -0.00458457 0.0320385 2.78332e-05 -0.00933803 -0.0121768 -0.00818336 6.24695e-05 0.00566796 0.00751701 -0.0372785 0.00622465 0.00305552 0.0205647 0.00503885 -0.0174306 -0.0471689 0.00682039 0.00183082 0.0179269 -0.00613405 -0.012473 -0.0141274 0.0262275 -0.0243899 4.50109e-06 0.00114886 0.0166069 -0.000262278 0.000291254 0.0027829 0.00580713 -0.00105064 -0.00222751 -0.00210934 -0.00156352 -0.00194019 -0.0010642 0.00590379 -0.0018096 -0.00102934 0.00476383 0.0154919 0.00116853 -0.00605895 0.00767776 -0.00764081 -0.00217338 -0.00706506 -0.000835853 0.00117673 0.00404168 -0.00573944 -0.0128498 -0.00363762 -0.0209886
internal_weight=54660.7 157.128 91.8712 65.2565 60.6515 52.0483 45.3875 34.2349 31.2197 54503.6 200.188 183.916 164.587 54303.4 554.841 532.129 22.7119 518.022 424.646 93.3761 55.3101 26.7378 12.6694 373.647 258.213 115.434 34.2294 117.696 8.89828 28.5723 50.9984 53748.6 10164.8 210.576 43583.8 30574.2 6156.99 3442.5 2714.49 2567.34 812.29 13009.6 12501.2 10309.8 995.598 9314.21 8402.93 1384.98 347.21 1037.77 2191.38 225.925 1965.46 7017.94 1505.99 5511.95 3907.32 2489.71 1604.63 592.823 387.092 272.259
internal_count=226803 867 580 287 452 415 388 309 128 225936 850 784 688 225086 3491 3365 126 3296 2088 1208 481 294 179 1746 1146 600 191 525 130 187 342 221595 41386 888 180209 127107 25482 14260 11222 10601 3362 53102 51036 41993 4072 37921 34224 5603 1406 4197 9043 994 8049 28621 6123 22498 15937 10194 6561 2432 1598 1125
is_linear=0
shrinkage=0.05


Tree=111
num_leaves=63
num_cat=0
split_feature=17 24 18 1 1 19 27 20 8 0 20 4 4 24 25 0 17 27 8 17 10 8 8 27 26 19 19 8 11 1 11 6 4 3 24 28 22 10 20 26 30 10 18 20 30 18 24 4 28 30 1 1 10 0 26 22 27 1 22 3 6 8
split_gain=6.60091 13.3117 6.91871 10.2137 6.87472 9.04095 6.3721 8.12422 8.02617 8.68204 7.68321 18.3355 6.95443 6.55738 6.40661 12.0139 11.7465 10.5454 13.8402 13.6245 10.0835 13.2081 9.9367 7.75395 20.867 7.78413 8.49031 7.11788 8.07862 6.8866 6.564 7.30304 6.44775 16.9115 14.3439 8.99616 8.36785 14.1072 13.7816 13.9776 11.7889 14.0682 12.7064 11.1692 11.0445 10.2781 10.256 21.8722 13.7098 11.7422 11.0351 9.58277 9.55022 9.41789 9.47061 11.0366 9.33645 10.338 9.26456 12.2477 10.0424 9.05217
threshold=1.0000000180025095e-35 19.47755971958026 0.72448338628911857 275.90001608117768 442.99168632318202 0.39046279798742789 8.0987450883097694 0.58615439116189305 4.1089334405449724 109.06654674817889 -0.60995248274370195 -0.019325021386232936 0.0021752660907078196 28.054854273134122 60.13690676149912 1485.4332460755606 0.084154679618904951 -0.44272156185732298 2.801764143284212 0.32984001093622739 0.96588969903816335 7.0082278688384489 4.8183087159235498 -2.3488239286061048 11.126701490689573 0.48363089266185366 1.7162581328603257 3.0238722645812151 0.067105476730364252 285.52532352848397 0.0010333247237012892 1.0567070240067131 0.036649109927437293 0.10105697991141498 40.652850894310838 1.1068682210570546 0.97663650653776224 0.86789144242275484 0.31928487591358351 7.2403011221925713 0.89179430074757116 0.96995729041925005 0.096159619978013297 0.22057639100285811 0.91896710484536748 0.43716570975942654 48.215410653518127 0.029982830087609158 0.74014659026369423 0.8762714201979106 546.26583593741213 968.7233755086346 0.74270958826447464 156.41684168692942 13.292465351044575 0.98471805058375883 2.5484134967012957 242.09084252586828 0.93007278628391699 0.048326536561671067 1.0741126651629911 6.1862701009468823
decision_type=2 2 2 2 2 2 2 2 2 2 2 2 2 2 2 2 2 2 2 2 2 2 2 2 2 2 2 2 2 2 2 2 2 2 2 2 2 2 2 2 2 2 2 2 2 2 2 2 2 2 2 2 2 2 2 2 2 2 2 2 2 2
left_child=1 -1 3 -3 -5 -6 14 8 9 -8 -10 -12 13 -13 32 16 -16 18 23 -20 21 27 30 24 -18 -25 -27 -21 -29 -26 -19 -32 36 34 -34 -35 38 52 -2 45 42 -42 -41 -39 -43 -40 47 48 51 -48 56 61 -38 -50 -55 -56 57 -51 60 -60 -44 -45
right_child=6 2 -4 4 5 -7 7 -9 10 -11 11 12 -14 -15 15 -17 17 22 19 20 -22 -23 -24 25 29 26 -28 28 -30 -31 31 -33 33 35 -36 -37 37 43 39 40 41 44 58 46 -46 -47 49 -49 53 50 -52 -53 -54 54 55 -57 -58 -59 59 -61 -62 -63
leaf_value=0.038304539450390709 6.3977820170921861e-05 -0.0014729528036895095 -0.0032686732149831785 -0.074373472243080926 -0.045325353504158006 0.01009800017845662 0.025143118826078493 -0.045906647075384416 -0.021800195278186232 -0.026712467566294314 0.066708065284397128 0.023432677974938924 0.022749188363374681 -0.018452251727953426 -0.035250708064942564 -0.051842413259345722 0.05982434369226626 0.013911208285023367 0.058370701317859 0.041457803446835861 -0.038076818859677591 0.058475842411599678 -0.044986305229386125 0.0090138250060463471 -0.022861562152452435 -0.065857137136611607 -0.017207892383281981 -0.007669258341709187 0.028114388140340087 0.020962737107086311 0.068835853762559379 0.0049834999978572358 -0.039606966821602752 -0.016529948723186787 0.015389599418031644 -0.073822456195195105 0.0094824975181102208 0.040147946162490018 0.0076184176852691415 -0.049154325720417898 -0.028075525782233809 -0.03429885470894449 -0.02767212525017362 0.01353958689438026 0.0078197275943995299 -0.037364390626293563 -0.025819186789961531 0.043986258379488379 0.01674094839598261 -0.00081000198333981027 0.0020338778493213328 0.031971034830906617 -0.036503114964160692 -0.053306124443138016 0.020257731693264822 -0.038911928213465598 0.054329330885945021 0.048851985224743107 0.04367638742418499 0.0051222700883172267 0.00030919125591193048 -0.023261339104616183
leaf_weight=12.792642235755919 52586.635940186679 28.155676178634167 69.60951030626893 11.090393409132956 24.08147307485342 10.339677654206751 9.1594833284616453 13.734611677005885 26.507173910737038 59.421785667538643 11.760455749928949 11.670308814384041 23.604736134409904 44.097916373051703 16.299130234867334 8.8937807455658895 11.420286435633896 241.96811261959374 13.557462081313131 11.444356471300123 11.765371173620222 12.579471111297606 6.6755772288888684 10.889016063883899 44.662214789539576 16.179383650422096 21.022228367626667 74.756387785077095 19.882122710347176 11.010521005839108 11.745526365935804 7.5115173421800128 15.855829715728758 13.99704095721245 45.980681091547012 14.013506591320036 18.358825653791428 29.578213900327682 15.974184572696684 12.519225906580685 97.764635792002082 19.569168820977211 37.334442675113678 35.626410946249962 74.363710952922702 58.19472224637866 13.043490320444105 25.025428310036659 12.210926517844198 25.816072516143322 38.906330591067672 26.257608994841576 28.506140410900116 26.43530629761517 14.041842296719553 17.542075648903847 34.315200343728065 17.316973954439163 25.37983213365078 110.04714117851108 221.28029132075608 31.202536031603813
leaf_count=52 216786 129 396 47 178 65 39 63 109 260 49 50 97 183 122 48 58 1932 65 51 52 51 32 97 215 74 108 318 83 61 90 34 65 58 191 59 74 125 66 52 409 80 154 152 317 240 53 104 53 111 158 106 115 108 57 72 153 70 102 454 925 126
internal_value=-2.84976e-06 -0.0102678 -0.0146632 -0.0253433 -0.0399654 -0.028551 2.64751e-05 -0.00888046 -0.00609962 -0.0196875 0.00178926 0.0087217 0 -0.00957147 5.93855e-05 0.00541676 0.00637254 0.00767563 0.000464288 0.010814 0.00579144 0.0102115 0.0146305 -0.0124282 -0.00135778 -0.0277342 -0.0386198 0.00439144 -7.71368e-05 -0.0140826 0.0161897 0.0443419 4.23024e-06 -0.0133714 0.00116573 -0.0455316 2.67469e-05 0.00728403 -2.68857e-05 -0.00713918 -0.00458856 -0.014807 0.00021969 0.0107684 -0.000928867 -0.0276116 0.008006 0.000530838 -0.00612019 0.0188389 0.0239059 0.00642005 -0.0184005 -0.0227982 -0.0312203 -0.0124671 0.0348121 0.0190794 0.00181313 0.0124113 -0.00372009 -0.0035772
internal_weight=54651.4 156.069 143.277 73.6672 45.5115 34.4212 54495.3 199.956 186.222 68.5813 117.641 91.1334 79.373 55.7682 54295.4 552.262 543.369 527.07 259.169 143.985 130.428 118.662 267.901 115.184 67.093 48.0906 37.2016 106.083 94.6385 55.6727 261.225 19.257 53743.1 89.8471 61.8365 28.0105 53653.2 394.183 53259.1 672.427 598.258 191.698 406.561 347.318 93.9329 74.1689 317.74 188.342 163.317 129.398 116.355 93.0866 46.865 70.2302 58.0192 31.5839 77.4482 43.133 394.042 135.427 258.615 66.8289
internal_count=226803 867 815 419 290 243 225936 850 787 299 488 379 330 233 225086 3491 3443 3321 1233 620 555 503 2088 613 334 279 182 452 401 276 2056 124 221595 373 256 117 221222 1637 219585 2799 2493 806 1687 1448 397 306 1323 778 674 545 492 384 189 290 237 129 334 181 1635 556 1079 278
is_linear=0
shrinkage=0.05


Tree=112
num_leaves=63
num_cat=0
split_feature=21 24 7 6 25 24 11 4 17 4 7 8 4 1 1 7 10 25 30 8 10 3 30 13 19 24 0 20 17 18 24 1 19 4 30 7 28 20 7 20 13 13 10 13 30 8 24 7 25 17 30 4 10 13 10 1 24 13 20 28 11 30
split_gain=6.34463 20.4011 16.7052 16.1865 17.6398 12.7861 11.2365 11.6985 11.9147 10.0244 16.3519 16.3557 12.0155 21.5783 13.6672 24.2737 15.0493 25.1531 9.89377 9.35552 8.79999 10.328 8.36335 8.35739 8.26446 9.9605 9.08617 7.98594 11.7441 8.18022 7.97674 8.87601 7.57874 7.42815 24.1378 26.7468 22.5296 17.2797 17.7141 15.4074 21.428 17.9615 16.0968 15.6064 16.8084 21.0961 19.3928 21.318 19.0144 17.9828 16.7205 15.772 15.6123 15.0436 14.8752 14.5486 19.7628 28.8381 25.7417 19.5588 19.519 18.4343
threshold=0.71069453588718334 48.215410653518127 30.800000000000015 1.0226905549693408 43.687020543448419 57.165555102433522 0.11987280625887527 0.015691207473290881 0.77184689311456733 0.029982830087609158 13.050000000000006 5.2792019453345889 0.021171687644282112 3631.8466950026964 148.27017041956609 8.3428571428571363 0.82090875410183139 21.724913674389388 0.90727874774232398 5.0082939295589455 0.82869454798423969 0.05263189142345609 0.97366253359923716 0.018593734023190738 1.136402816444922 37.554996078360475 817.32621999254968 0.58615439116189305 0.97831007537491077 0.73035899569732499 41.9075430355146 237.14368761202272 1.4960666393876263 4.5188110563740016e-05 0.024369034994697777 12.525000000000009 0.094856776650245403 -0.023710248381392404 6.5000000000000115 -0.0053758910943897944 0.41393170709113086 0.36577006726305966 0.9894829016499217 0.078309959607938961 0.6644897828625046 4.6691063784632956 15.932323544509325 67.373214285714312 18.900432034050599 0.36374854124159123 0.73897383027285002 0.0049885749044767573 0.11541588492808007 0.17068416991098651 0.076216611905356266 242.09084252586828 16.621079304971875 0.02984711298091574 0.13301028264652218 0.15242970551382054 0.19755628206932449 0.09957079994943506
decision_type=2 2 2 2 2 2 2 2 2 2 2 2 2 2 2 2 2 2 2 2 2 2 2 2 2 2 2 2 2 2 2 2 2 2 2 2 2 2 2 2 2 2 2 2 2 2 2 2 2 2 2 2 2 2 2 2 2 2 2 2 2 2
left_child=9 -2 5 -4 20 23 7 8 -7 12 -11 -12 27 14 18 -16 17 -17 -14 24 -5 -22 -23 -3 -18 -26 -27 33 -29 -30 31 -21 -19 -1 35 -35 37 -36 -39 40 41 43 55 51 -45 48 -47 -48 -46 50 -50 -38 -53 -49 -40 56 57 -41 59 -58 61 -61
right_child=1 2 3 4 -6 6 -8 -9 -10 10 11 -13 13 -15 15 16 19 32 -20 30 21 22 -24 -25 25 26 -28 28 29 -31 -32 -33 -34 34 36 -37 39 38 54 42 -42 -43 -44 44 45 46 47 53 49 -51 -52 52 -54 -55 -56 -57 58 -59 -60 60 -62 -63
leaf_value=-0.00022043887005223208 -0.011825480160625915 0.0075529243412738971 -0.066521973604917711 -0.026802273222834707 -0.039504467214668167 -0.037872113873350106 0.068975199928822908 -0.030499531094774043 0.021279779870563748 0.052953100599874653 -0.03518053406899696 0.022844727853077038 -0.060774229609419333 -0.061048222111223162 0.074311269032196689 0.015163306172382478 -0.044628863921165503 -0.060754983430046365 -0.0039435070137053716 -0.029189178800492717 0.057653338153856364 -0.011706443052820814 0.034561088413651526 0.048612565148772151 -0.033862080279232751 0.037822314836978309 -0.013442815274390516 -0.026324465018490152 0.051714338176675138 -0.010161300273895248 0.039410690901667017 0.015678530099311704 -0.02180124265082772 0.029258014151409842 0.02785994033211682 -0.0022185817170437775 0.0035843819951054527 0.0095266734586532398 -0.065771544506377386 -0.046411944024296173 -0.025343263973280024 0.035502267313530227 0.037643025727684125 0.0053738386036592811 0.00061345468277020131 0.042939118275025286 -0.0041970295897347416 0.056355871380584323 -0.00058612745490613976 -0.0014141672631421424 -0.031763708941900254 0.040548233347161684 0.01269115750484125 0.010607775379210899 -0.022072710764969417 -0.0012691722038016958 0.038922413623924318 -0.0017462750175642921 -0.0036096634236596498 -0.025056073369188671 0.07032955811474996 0.0094602049522082149
leaf_weight=40728.944569613785 404.89154230058193 18.668582439422607 10.931977376341818 12.354246541857718 23.396372746676207 10.034922733902929 6.328084483742713 22.395535632967949 51.972664024680853 23.316331222653389 18.428107097744942 35.080144999548793 18.485521331429485 19.335509434342384 9.8014591485261899 27.709073066711426 13.870106384158133 28.944851830601692 13.386604115366934 14.290614455938337 13.391543656587599 23.991366000846028 16.241832464933395 38.958833590149879 15.799670755863188 18.455512136220932 15.919959813356398 62.350705556571484 9.2395292744040507 12.183574091643093 23.499584868550301 46.566150065511465 23.102103162556887 157.68210461549461 16.120866239070892 117.4251059461385 256.59600025415421 24.945268332958221 31.105370059609413 41.164124608039856 61.957107931375504 45.420875117182732 28.076905652880669 1937.1151014696807 414.6501721739769 35.828336268663406 216.14382477849722 26.884254977107048 58.190309017896652 149.72519548796117 168.36641527712345 74.116942688822746 159.24781225994229 55.097837388515472 53.704356834292412 6874.662694811821 57.20348646491766 293.32187455892563 467.02268356550485 40.173791082575917 12.665151312947271 940.86528715118766
leaf_count=169349 1662 81 47 50 120 41 26 115 511 109 76 143 75 78 48 112 57 120 55 58 54 98 66 158 64 75 64 259 48 69 95 191 100 1007 65 478 1034 103 125 168 257 188 116 7825 1676 147 878 109 235 610 683 306 642 223 216 27966 237 1211 1934 169 53 3868
internal_value=-2.70704e-06 -0.00489929 0.00635844 -0.00936468 -0.00225106 0.0170219 0.00524642 0.000333249 0.0115809 5.64786e-05 0.0180933 0.00273936 3.06524e-05 -0.0101322 -0.00644392 -0.00229654 -0.00564056 -0.0231514 -0.0371481 0.00374592 0.0109233 0.0197414 0.00688682 0.0354339 -0.0106073 -0.00103305 0.0139653 8.55634e-05 -0.0153303 0.0164089 0.0147021 0.0050299 -0.0436354 0.000109805 0.00115974 0.0158086 0.000837851 -0.0201985 -0.0273218 0.00105171 0.00377628 0.00427988 -8.65211e-05 0.00387823 0.00255019 -0.00230788 0.00822141 0.00401932 -0.00676045 -0.0148975 -0.0237817 0.0121654 0.0215736 0.0257212 -0.0382175 -0.000208908 0.00372309 -0.00727031 0.00614917 0.0104907 0.00884519 0.00803925
internal_weight=54647.7 653.558 248.666 100.307 89.3754 148.359 90.7312 84.4031 62.0076 53994.2 76.8246 53.5083 53917.4 289.167 269.831 237.959 228.158 79.756 31.8721 148.402 65.979 53.6247 40.2332 57.6274 64.0452 50.1751 34.3755 53628.2 83.7738 21.4231 84.3563 60.8568 52.047 53544.4 12815.5 275.107 12540.4 125.876 109.755 12414.5 3659.34 3597.38 8755.16 3551.96 3062 1124.89 333.954 298.126 790.932 376.282 226.557 489.961 233.365 81.9821 84.8097 8727.08 1852.42 334.486 1517.93 1050.91 993.704 981.039
internal_count=226803 3029 1367 435 388 932 693 667 552 223774 328 219 223446 1192 1114 984 936 332 130 604 268 218 164 239 260 203 139 222254 376 117 344 249 220 221878 52529 1485 51044 509 444 50535 14813 14556 35722 14368 12386 4561 1357 1210 3204 1528 918 1982 948 332 341 35606 7640 1379 6261 4327 4090 4037
is_linear=0
shrinkage=0.05


Tree=113
num_leaves=63
num_cat=0
split_feature=9 20 22 21 13 19 27 28 4 24 2 26 13 13 13 3 4 2 3 26 24 8 21 4 8 23 18 25 3 8 4 27 24 24 26 20 28 21 23 22 26 0 20 19 12 8 22 21 9 26 0 8 18 2 4 4 18 13 8 21 4 2
split_gain=7.25386 28.2725 22.9915 18.5997 18.1041 16.987 16.8903 21.6301 22.4921 15.6793 20.4541 15.4283 15.7039 14.0721 30.1426 14.0312 13.401 13.2529 20.5387 22.0335 19.1618 16.2005 16.1085 22.7533 14.7942 13.4523 13.2227 13.0354 16.7482 12.9816 19.8403 18.3357 13.6216 12.5785 12.8059 13.925 12.5641 12.5379 13.7904 12.7241 12.5334 14.5956 12.1814 19.9299 14.1401 12.5765 12.1544 12.2851 16.0907 14.306 17.6061 19.9012 14.1615 13.8603 12.9379 12.0949 13.0265 11.9262 11.6342 11.6282 11.4188 16.3657
threshold=0.17451074889713977 -0.11147379667116512 0.29378953263181717 -0.097041102893120776 0.93556721056721071 0.29759201297391885 -0.38232879196580954 0.33357835884443843 -0.031649817873179616 32.8416189920219 4839.3523158136077 8.7966159907787151 0.10148357420764771 0.3012257169634624 0.42933481255143979 0.087419707990743667 0.0017741566106653547 58.639615120547596 -0.027657939041844975 27.627771682660057 26.713088575056528 5.0948681454863829 0.13010810946123655 0.0040988756201177827 3.6741088023238584 68.975131895179501 1.8441621678091218 20.303040257974196 -0.10797543595222488 5.8758392915399096 -0.0019784478805134277 -1.9736937371059511 78.012297843130241 19.668775911086403 15.044804162956519 0.13949209429579437 0.45962363974832748 0.053499031087894673 62.72962682354553 0.71135925186930815 7.7055238769471579 142.52385440775137 -0.075675485062606893 1.7351094704030638 0.16230048088174032 3.127570357857564 0.64504351101009372 0.049478090301709805 0.2952587561907089 33.86418077513455 399.1856129032538 5.1845064083185743 0.30687107172291533 33.650121040587017 0.00038820611902076681 -0.004077642320360386 0.40795737907186524 0.41393170709113086 6.3459270866857826 0.27938228606289189 -0.0042307479244577057 97.618106486411122
decision_type=2 2 2 2 2 2 2 2 2 2 2 2 2 2 2 2 2 2 2 2 2 2 2 2 2 2 2 2 2 2 2 2 2 2 2 2 2 2 2 2 2 2 2 2 2 2 2 2 2 2 2 2 2 2 2 2 2 2 2 2 2 2
left_child=1 2 5 -4 29 -1 15 8 -8 17 11 -11 -13 -5 -15 27 -7 18 21 20 -20 26 -19 24 25 -24 -10 -2 -29 -3 36 -32 -33 -25 35 -35 58 39 -39 60 41 -9 44 -44 -42 -46 47 48 49 54 53 55 -49 -51 -47 56 -52 -23 -31 -22 61 -14
right_child=6 4 3 13 -6 16 7 40 9 10 -12 12 37 14 -16 -17 -18 22 19 -21 59 57 23 33 -26 -27 -28 28 -30 30 31 32 -34 34 -36 -37 -38 38 -40 -41 42 -43 43 -45 45 46 -48 52 -50 50 51 -53 -54 -55 -56 -57 -58 -59 -60 -61 -62 -63
leaf_value=-0.0093585575312493622 -0.0058541462960149679 5.6132851488757701e-05 0.028747320776497051 0.013767169531042088 -0.029334094916860703 0.0077209930924877178 0.066243916923968138 0.017941512359994853 0.017673767898378014 -0.010479478313814482 0.033597211786902247 0.012112693104392797 -0.039413568436701428 -0.036567869688248787 0.037162620348081266 -0.029473733966063505 -0.03550572932119523 -0.0095550695467822092 0.0048970524688889258 -0.024111565309540759 -0.014689905144593783 -0.0011597216607796075 0.058089428957131498 0.021529995084031667 0.0009595770531492815 0.013206182712996615 -0.015754989716102476 0.061065635502142196 -0.0012991945846169087 0.029411695384069732 0.012563233656438209 -0.015703280914114142 0.02751242937089118 0.023815111808050259 -0.035073501339711564 -0.015031403373489367 0.044830252015959304 -0.042112680809641201 -0.0012542357686149584 0.04112569795569368 -0.023089502269349957 -0.0098612622205545945 0.010706793995959524 0.0022408467487115098 -0.015042397040476191 0.0010373688411414333 0.0478157412380283 0.023355547585898709 -0.0016871882534653883 0.045650795614594897 -0.036487741492775359 0.028448394353086288 -0.014150384715609263 0.016091152657250102 0.033429178563938886 -0.018546618364207876 0.01498184609835819 -0.04767551228258813 -0.026057247414441431 0.030935613392138996 -0.0061966561121112396 0.012182972717761892
leaf_weight=224.78788383305073 2046.3646500520408 34676.957861278206 180.44158352911472 266.4512077793479 51.976320296525955 649.72460308670998 11.847009763121603 54.33259208034724 283.35414373874664 239.29390988312662 49.711167126893997 353.6390278544277 16.401126205921173 42.393799439072609 20.428959369659424 48.274181701242924 18.303861603140831 1413.7121436111629 430.02095356397331 129.16530892252922 252.01601153239608 102.1744627431035 33.066400736570358 30.392885737121105 59.030420769006014 34.48695795238018 32.792448803782463 10.683586835861204 5468.032757891342 23.825775548815727 220.94457513280213 134.48121551424265 20.928171962499619 31.674343541264534 48.083501702174544 83.73874456807971 53.67235554754734 36.420954702422023 48.145279243588448 19.653248444199562 62.038133636116982 351.22738158330321 1048.0256950007752 2070.8794194823131 115.9009001404047 688.60404397547245 14.174369245767592 28.577999070286751 1087.9703431725502 59.732726320624352 14.150046870112417 67.369736894965172 201.53655287623405 120.84516873955727 32.198333635926247 75.89630426466465 88.004683367908001 15.87497693300247 15.466191962361334 14.626210525631903 300.08327371720225 217.7522708773613
leaf_count=925 8486 143858 779 1119 221 2687 52 315 1155 1038 202 1469 67 173 83 220 74 5821 1755 527 1026 419 135 125 246 143 136 46 22640 99 915 549 85 128 202 352 229 152 201 81 251 1698 4335 8586 473 2833 59 116 4460 258 58 285 818 518 130 314 367 65 66 59 1229 890
internal_value=-2.5342e-06 0.000401843 0.00736328 0.0158366 0.000124291 0.00251896 -0.000823146 0.000477657 -0.00225079 -0.00244331 0.00218309 0.000908215 0.00366075 0.00873979 -0.0124915 -0.00262189 0.00652397 -0.00442443 -0.00051757 -0.00514991 -0.00162418 0.00828066 -0.00726 0.00284853 0.0193404 0.0353032 0.0141867 -0.00244857 -0.00117556 0.000168081 0.00842728 0.00329975 -0.00983754 -0.00789711 -0.0134078 -0.00431557 0.0291058 -0.00101409 -0.0189391 0.00171655 0.00237079 -0.00612071 0.00296799 0.00508746 0.000478078 0.00104431 0.00179898 0.00153041 0.00266497 0.00679802 0.0140637 0.00531503 -0.00946267 0.0259166 0.00249569 -0.00342101 0.00777489 -0.00749242 0.00744024 -0.0121578 0.000250006 0.0085323
internal_weight=54642.8 36600.8 1402.53 509.716 35198.3 892.816 18042 10468.6 4287.16 4275.31 1281.1 1231.39 992.095 329.274 62.8228 7573.36 668.028 2994.21 1260.02 825.828 696.663 434.196 1734.19 320.473 126.584 67.5534 316.147 7525.08 5478.72 35146.3 469.318 376.354 155.409 193.889 163.497 115.413 92.9643 638.456 84.5662 553.89 6181.46 405.56 5775.9 3118.91 2657 2594.96 2479.06 2464.89 2234.77 1146.8 425.999 245.421 230.115 180.578 720.802 178.051 102.155 118.049 39.292 266.642 534.237 234.153
internal_count=226803 151862 5840 2154 146022 3686 74941 43549 17675 17623 5329 5127 4089 1375 256 31392 2761 12294 5142 3367 2840 1775 7152 1331 524 278 1291 31172 22686 145801 1943 1549 634 807 682 480 394 2620 353 2267 25874 2013 23861 12921 10940 10689 10216 10157 9223 4763 1800 1024 934 776 2963 739 425 484 165 1085 2186 957
is_linear=0
shrinkage=0.05


Tree=114
num_leaves=63
num_cat=0
split_feature=9 10 10 9 2 11 17 20 3 10 0 18 4 28 21 8 25 20 11 26 10 9 10 9 17 9 2 26 9 3 6 4 13 28 11 8 20 9 13 30 3 13 17 18 21 3 4 0 21 2 22 22 26 11 1 30 8 11 12 3 20 22
split_gain=6.67576 135.12 45.2266 48.3184 26.2344 23.7967 23.0076 21.2063 20.6337 18.0308 17.3404 18.8777 15.4854 19.0103 17.1603 20.9437 16.2811 16.8417 15.4707 14.8423 14.7597 59.1145 16.9175 118.657 38.0911 36.1938 39.0215 34.747 28.8349 25 24.5454 20.3379 18.6816 18.7759 18.5843 18.2995 17.808 16.5809 16.8972 16.5283 16.4667 15.908 15.7415 23.4149 14.4383 14.3294 14.6382 14.0886 13.9758 15.0378 13.7888 13.7451 14.9755 13.7378 15.2837 13.7134 19.3064 16.7847 15.0938 14.7323 13.2498 13.2217
threshold=0.15811209684450525 0.45254855870345173 0.33359957401490953 0.19515042058512491 27.966205590772446 0.0039744412889880371 0.11247256179317014 -0.11147379667116512 -0.0094402160566528521 0.54725490196078441 4701.7247247094365 0.39146237838022629 -0.02695668301899401 2.5769771764677185 -0.28883419074561861 4.3853734542168752 19.683206120194484 -0.023710248381392404 0.11579272549621826 18.914429276643958 0.52401185069543021 0.21978508402017574 0.68863865404227853 0.26037373979556849 0.29331470164344248 0.19515042058512491 33.650121040587017 15.806741261605191 0.18361010227978092 -0.024130204835644788 0.88968603585612593 -0.0074888332884668323 0.064764133554349762 0.15767800271440671 0.18419745397420137 3.235266447474126 0.13301028264652218 0.18361010227978092 0.063045485342935109 0.91503846376308651 -0.037180917895083272 0.5664214298562823 0.65908459946494391 0.33307176522965065 0.13902687851183551 0.024324679744213071 0.0082383314966632416 1313.1523944636181 0.35387542729703075 97.618106486411122 0.12720372681710337 0.28732222666093704 35.08516045295876 0.18131345341166774 105.01210308664577 0.47178086030545052 5.6779295131102225 0.11987280625887527 0.043156352695683235 0.029488245752357003 -0.031326166214332422 0.40840351054891255
decision_type=2 2 2 2 2 2 2 2 2 2 2 2 2 2 2 2 2 2 2 2 2 2 2 2 2 2 2 2 2 2 2 2 2 2 2 2 2 2 2 2 2 2 2 2 2 2 2 2 2 2 2 2 2 2 2 2 2 2 2 2 2 2
left_child=7 2 -2 4 -4 -6 -7 9 18 51 20 -12 13 -9 15 19 17 50 -8 -14 21 -3 23 25 -25 26 29 44 32 -22 -29 34 42 -34 35 -32 -28 41 61 45 -36 55 43 -24 47 48 -47 -27 53 -50 -17 -1 -53 54 -35 56 57 58 -31 -60 -10 -39
right_child=1 10 3 -5 5 6 8 12 60 -11 11 -13 14 -15 -16 16 -18 -19 -20 -21 22 -23 28 24 -26 27 36 30 -30 37 31 -33 33 39 40 -37 -38 38 -40 -41 -42 -43 -44 -45 -46 46 -48 -49 49 -51 -52 52 -54 -55 -56 -57 -58 -59 59 -61 -62 -63
leaf_value=0.0057897270546066332 -0.069411002318214218 -0.0043000584304341144 0.0068099046627459582 -0.071612269758684552 0.028801428563413719 0.0031158924751974581 -0.073370053977318467 -0.023787766947339507 0.018318361223490533 -0.0027413901978930589 0.020958923983769164 0.0030679692581822965 -0.044745239304385814 0.0052975866545175191 0.0001850566548923838 -0.0070718219669860978 0.046883460306306336 -0.020678593922644026 -0.035180624222277683 0.0054162156425849699 0.014549974130139488 -0.076526721191310765 -0.020872917509936258 0.018234587113072645 -0.075965038914843366 0.017448449286305658 0.014876912332145154 0.035393449517306157 -0.00012750745463356748 -0.012564112178105642 0.022623640709892048 -0.0041407517869202571 -0.039744150058305623 -0.026034127400817616 -0.020240654201099158 -0.031229459855310962 -0.0024140423667522314 -0.03039265466176045 -0.024125428036586617 -0.026890421321801194 0.034363155022670525 -0.044760218788196388 -0.0042133172478268635 0.029641972806568991 0.036993386735993013 -0.015670560048279204 -0.064180093359497245 -0.021226616235769349 -0.017179458434296562 0.05170706347867135 0.046924390993724169 0.015628349379774639 0.047098101344016215 0.027243393400413665 -0.0047793197468483208 0.0078816762896296629 0.030846127216560888 -0.023441365398028588 0.0040685557879701741 0.057826499417614308 -0.026692102618282566 0.010391288217982691
leaf_weight=353.8289809897542 55.335055555216968 872.82357715070248 96.687879459932446 42.914220971986651 20.216734692454338 50.263905093073845 40.484122797846794 144.84585067257285 20.770291298627853 278.03277672827244 182.50467513501644 771.45115013606846 15.404046654701231 91.290753912180662 31424.491806844249 17.866644084453583 56.785091578960419 26.479371231049299 80.623957961797714 297.23402041569352 294.77373660355806 29.194260386750102 30.360283151268959 12.836556702852247 61.941390968859196 84.338891105726361 1233.5085817053914 32.713590055704117 13323.831486907788 166.07496253401041 16.965733587741852 719.17455187253654 51.684500157833099 95.133685767650604 29.007890850305557 197.13950430601835 168.76674263179302 25.343763403594494 145.99947535991669 115.80550645291805 26.10216723382473 18.362642288208008 300.69560419023037 91.914085298776627 59.339735347777605 116.04518122971058 18.009973511099815 32.47379332780838 12.262064531445501 21.642426043748856 33.890838876366615 250.82303313165903 44.753902614116669 29.934210479259491 769.44917204976082 512.34426183998585 37.613952405750751 110.15024620294571 199.37372893095016 13.546349942684172 73.9444086458534 90.477261766791344
leaf_count=1470 289 3583 400 230 84 218 166 605 86 1129 741 3147 66 376 130467 73 239 111 338 1217 1231 157 126 56 336 348 5066 145 55338 695 69 2953 210 393 123 808 687 105 604 470 111 76 1224 401 241 481 73 132 50 87 153 1068 202 122 3128 2096 165 460 819 55 326 378
internal_value=-2.3344e-06 -0.000685885 -0.0268804 -0.0213279 -0.0156633 -0.0232699 -0.0272543 0.000444495 -0.0343487 0.00789803 -8.8687e-05 0.00649783 0.000229022 -0.0125247 0.000323708 0.0100433 0.0264967 0.011595 -0.0480379 0.0029152 -0.000400524 -0.00665148 -0.000107554 0.00266107 -0.059725 0.0037708 0.00669085 -0.00358168 -0.000900652 0.00138641 -0.00712328 -0.00853899 -0.00712933 -0.0102469 -0.0202639 -0.0269302 0.0127923 -0.00155187 -0.0128161 -0.00894553 0.00554657 0.00123329 0.00192483 0.0170516 0.016912 -0.00698256 -0.0222679 0.0066451 -0.00476796 0.0266689 0.0282108 0.0124605 0.0204245 -0.00596793 -0.0071266 0.00205511 -0.00360293 -0.00626795 -0.00125866 0.00753774 -0.01676 0.00140536
internal_weight=54638.1 21602.4 481.241 425.906 382.991 286.303 266.087 33035.7 215.823 927.439 21121.1 953.956 32108.3 236.137 31872.2 447.66 135.022 78.2369 121.108 312.638 20167.2 902.018 19265.1 4288.37 74.7779 4213.59 3016.34 1197.26 14976.8 1614.06 1021.1 988.39 1652.94 1229.97 269.215 214.105 1402.28 1319.29 261.821 1178.28 55.1101 1057.47 422.97 122.274 176.152 1062.48 134.055 116.813 928.422 33.9045 51.7575 649.406 295.577 894.517 864.583 1039.1 526.759 489.145 378.995 212.92 94.7147 115.821
internal_count=226803 89627 2137 1848 1618 1218 1134 137176 916 3869 87490 3888 133307 981 132326 1859 576 337 504 1283 83602 3740 79862 17759 392 17367 12437 4930 62103 6684 4209 4064 6765 5014 1111 877 5753 5453 1087 4804 234 4366 1751 527 721 4334 554 480 3780 137 226 2740 1270 3643 3521 4290 2194 2029 1569 874 412 483
is_linear=0
shrinkage=0.05


end of trees

feature_importances:
Column_22=427
Column_30=362
Column_9=355
Column_21=349
Column_4=330
Column_28=328
Column_20=320
Column_8=310
Column_10=307
Column_2=305
Column_26=305
Column_3=302
Column_13=297
Column_7=294
Column_23=276
Column_0=270
Column_24=251
Column_12=240
Column_1=221
Column_19=213
Column_6=208
Column_17=195
Column_25=195
Column_27=153
Column_11=129
Column_18=113
Column_32=43
Column_29=13
Column_31=13
Column_5=4
Column_16=2

parameters:
[boosting: gbdt]
[objective: binary]
[metric: auc]
[tree_learner: serial]
[device_type: cpu]
[data_sample_strategy: bagging]
[data: ]
[valid: ]
[num_iterations: 115]
[learning_rate: 0.05]
[num_leaves: 63]
[num_threads: -1]
[seed: 0]
[deterministic: 0]
[force_col_wise: 0]
[force_row_wise: 0]
[histogram_pool_size: -1]
[max_depth: -1]
[min_data_in_leaf: 50]
[min_sum_hessian_in_leaf: 0.001]
[bagging_fraction: 0.8]
[pos_bagging_fraction: 1]
[neg_bagging_fraction: 1]
[bagging_freq: 5]
[bagging_seed: 3]
[bagging_by_query: 0]
[feature_fraction: 0.8]
[feature_fraction_bynode: 1]
[feature_fraction_seed: 2]
[extra_trees: 0]
[extra_seed: 6]
[early_stopping_round: 0]
[early_stopping_min_delta: 0]
[first_metric_only: 0]
[max_delta_step: 0]
[lambda_l1: 0.1]
[lambda_l2: 0.1]
[linear_lambda: 0]
[min_gain_to_split: 0]
[drop_rate: 0.1]
[max_drop: 50]
[skip_drop: 0.5]
[xgboost_dart_mode: 0]
[uniform_drop: 0]
[drop_seed: 4]
[top_rate: 0.2]
[other_rate: 0.1]
[min_data_per_group: 100]
[max_cat_threshold: 32]
[cat_l2: 10]
[cat_smooth: 10]
[max_cat_to_onehot: 4]
[top_k: 20]
[monotone_constraints: ]
[monotone_constraints_method: basic]
[monotone_penalty: 0]
[feature_contri: ]
[forcedsplits_filename: ]
[refit_decay_rate: 0.9]
[cegb_tradeoff: 1]
[cegb_penalty_split: 0]
[cegb_penalty_feature_lazy: ]
[cegb_penalty_feature_coupled: ]
[path_smooth: 0]
[interaction_constraints: ]
[verbosity: -1]
[saved_feature_importance_type: 0]
[use_quantized_grad: 0]
[num_grad_quant_bins: 4]
[quant_train_renew_leaf: 0]
[stochastic_rounding: 1]
[linear_tree: 0]
[max_bin: 255]
[max_bin_by_feature: ]
[min_data_in_bin: 3]
[bin_construct_sample_cnt: 200000]
[data_random_seed: 1]
[is_enable_sparse: 1]
[enable_bundle: 1]
[use_missing: 1]
[zero_as_missing: 0]
[feature_pre_filter: 1]
[pre_partition: 0]
[two_round: 0]
[header: 0]
[label_column: ]
[weight_column: ]
[group_column: ]
[ignore_column: ]
[categorical_feature: ]
[forcedbins_filename: ]
[precise_float_parser: 0]
[parser_config_file: ]
[objective_seed: 5]
[num_class: 1]
[is_unbalance: 0]
[scale_pos_weight: 1]
[sigmoid: 1]
[boost_from_average: 1]
[reg_sqrt: 0]
[alpha: 0.9]
[fair_c: 1]
[poisson_max_delta_step: 0.7]
[tweedie_variance_power: 1.5]
[lambdarank_truncation_level: 30]
[lambdarank_norm: 1]
[label_gain: ]
[lambdarank_position_bias_regularization: 0]
[eval_at: ]
[multi_error_top_k: 1]
[auc_mu_weights: ]
[num_machines: 1]
[local_listen_port: 12400]
[time_out: 120]
[machine_list_filename: ]
[machines: ]
[gpu_platform_id: -1]
[gpu_device_id: -1]
[gpu_use_dp: 0]
[num_gpu: 1]

end of parameters

pandas_categorical:null
